id,xpos,ypos
b_id0,0.38558561052435864,0.31217439712386674
b_id1,0.3926880085512366,0.3186003080330714
b_id2,0.38244424173011754,0.31974965644053394
b_id3,0.3809233166535521,0.3228786734975401
b_id4,0.38513200594693303,0.32393848630835087
b_id5,0.3899908116046552,0.3248328823212185
b_id6,0.37940879937040917,0.3261375165029383
b_id7,0.37100031294120006,0.29699656764029075
b_id8,0.3776830830616387,0.2997356988395634
b_id9,0.37268142436923485,0.3029962443638628
b_id10,0.3769035977978891,0.3048043950610561
b_id11,0.3672117582484053,0.30939096282927947
b_id12,0.36931763639112625,0.3135429052880311
b_id13,0.37332590821106804,0.31366406389982093
b_id14,0.36327687536891934,0.3163541625263909
b_id15,0.37301825445652886,0.3174980600903748
b_id16,0.3659108729901359,0.32112972240285276
b_id17,0.3705588647885048,0.3216595928367268
b_id18,0.35992719286757063,0.3285472528192544
b_id19,0.37793637232391825,0.32914838495262055
b_id20,0.36555051942552264,0.3333729678831486
b_id21,0.4785485901766049,0.3409670250976699
b_id22,0.4700566621999642,0.3433023512533623
b_id23,0.5535625261028758,0.3672699338853119
b_id24,0.5268420145440759,0.3688433664896996
b_id25,0.4416021270661387,0.3401822990793704
b_id26,0.42393608008170425,0.34869287368689617
b_id27,0.43484304086198483,0.3495877779618288
b_id28,0.42902309371919123,0.3523495684743708
b_id29,0.4195111905244962,0.358216505366026
b_id30,0.4235531993960987,0.36726688449367645
b_id31,0.4898035827264821,0.3341580656774647
b_id32,0.4860110926707216,0.33565280610638965
b_id33,0.49158303297015005,0.3454526571517594
b_id34,0.4890528354109124,0.347329204639826
b_id35,0.4963489748230142,0.3526247520511971
b_id36,0.4928215112370468,0.3542519933550308
b_id37,0.4911072601947886,0.35514053439435694
b_id38,0.49871682139254514,0.36614572807834594
b_id39,0.5048631596037659,0.3656946452623068
b_id40,0.48437772376006166,0.36645699268106313
b_id41,0.33829533968650527,0.35166048843834574
b_id42,0.337912437104897,0.355850144524555
b_id43,0.3352586226283391,0.3567306908098783
b_id44,0.3326736686393435,0.35730125531959317
b_id45,0.3406245873555017,0.360238684961673
b_id46,0.33820446186738945,0.36065677507250143
b_id47,0.34278331282024105,0.36288484942925137
b_id48,0.4716544446533083,0.3534083487636495
b_id49,0.4494093824565246,0.3528647077428433
b_id50,0.45015945268483293,0.36816943101233235
b_id51,0.4678539876326106,0.36822835494161926
b_id52,0.45226531256132146,0.37465586621332936
b_id53,0.44895726746948483,0.3763176133263858
b_id54,0.4467126600528102,0.3764125660553321
b_id55,0.47822872777324116,0.3820195230319123
b_id56,0.4800360338850399,0.38303741475003794
b_id57,0.4763439408218278,0.38312223122859296
b_id58,0.504542263392953,0.379516676213215
b_id59,0.5121862991956172,0.37900530071515776
b_id60,0.5036619111161916,0.37953885936037324
b_id61,0.5061808359438531,0.3798700443271238
b_id62,0.5025263058081909,0.3802123122170586
b_id63,0.5010821562676091,0.3813244803534836
b_id64,0.49941578314185614,0.3815400334759091
b_id65,0.48385829741241104,0.38202866828593257
b_id66,0.5038823526148147,0.38214388642810737
b_id67,0.48185856979600855,0.38321018120165856
b_id68,0.5512401533292176,0.3722137907300163
b_id69,0.5182816291920205,0.3763293921643313
b_id70,0.5458755144125991,0.37696472180296575
b_id71,0.550250349409962,0.3828640306016682
b_id72,0.5260743520002368,0.3879775364038328
b_id73,0.5468698771717826,0.39783766734137305
b_id74,0.5423176193478809,0.3997085415522911
b_id75,0.5369401396571235,0.40098275851274384
b_id76,0.5350561992795789,0.4051073769755658
b_id77,0.5263283951500026,0.40665428160133
b_id78,0.4889718252168291,0.3857809140081587
b_id79,0.5041298797314222,0.3869781140819714
b_id80,0.5085409782260232,0.3918754008933616
b_id81,0.5043861891698946,0.39592385632442995
b_id82,0.4959451041545354,0.3975590672579747
b_id83,0.5109247169188511,0.39988102774694956
b_id84,0.48836296217948144,0.4024433083681468
b_id85,0.5158096949790869,0.4028376858117407
b_id86,0.5066535718003872,0.404145771220679
b_id87,0.49361778918087856,0.4126737148972859
b_id88,0.4687617978550898,0.3856770904304033
b_id89,0.46128780912472495,0.3864688995601335
b_id90,0.4738127345615042,0.38719283942180305
b_id91,0.463175390629422,0.3956981645795698
b_id92,0.4796024867773706,0.3963493164410184
b_id93,0.4491492870553421,0.39863867104316947
b_id94,0.4663383845105603,0.40132462012872777
b_id95,0.45895231837043254,0.404092150737967
b_id96,0.4643811509161319,0.40525408228911214
b_id97,0.4483564260287812,0.40854004905019703
b_id98,0.4296432102470995,0.38654945911162736
b_id99,0.4337203773077296,0.38866799737553454
b_id100,0.42116340508152433,0.39359210801961997
b_id101,0.443362759105943,0.3927146085565775
b_id102,0.42562580258684696,0.3951106744644825
b_id103,0.42428770918791936,0.3999645012556764
b_id104,0.4328625275194935,0.40063361501788947
b_id105,0.4272470611190258,0.40965386271683457
b_id106,0.44333990691477754,0.41526632917301715
b_id107,0.44274527145160386,0.4337064935239758
b_id108,0.48792400499519206,0.4129732668427262
b_id109,0.48345058042219113,0.41342963122557025
b_id110,0.511147033589466,0.41436014905331486
b_id111,0.5002532091819255,0.4178574823509773
b_id112,0.48461092713378356,0.41862447892559074
b_id113,0.5105990692448443,0.4197445743147258
b_id114,0.49509336976353524,0.41997558424303894
b_id115,0.5111578555486574,0.4209413051258243
b_id116,0.511396948418599,0.4223937648279432
b_id117,0.4908655093155364,0.42304650415024003
b_id118,0.5172797043208756,0.4090170515149492
b_id119,0.5525303157488101,0.4107798643697617
b_id120,0.5434792119853894,0.4118697069715611
b_id121,0.5306917631557906,0.41244005836250874
b_id122,0.5231759564622004,0.41304904102106604
b_id123,0.5372657321275277,0.41814702405394333
b_id124,0.5353943915267894,0.4202098447056458
b_id125,0.5220681476476682,0.4211979314312387
b_id126,0.5385214868913092,0.4227048517968369
b_id127,0.5223590471173398,0.42710306353662375
b_id128,0.5118007512773839,0.42353532105218594
b_id129,0.48642422592831336,0.42414920481870494
b_id130,0.5122563513797714,0.42489690009814063
b_id131,0.5002951263826679,0.42493856881370823
b_id132,0.5126311912268345,0.4262447080461951
b_id133,0.512999969191694,0.4275707195516275
b_id134,0.5012338317215621,0.42797723370826984
b_id135,0.513365815783544,0.4288861909240387
b_id136,0.49163780058607665,0.42979623200171174
b_id137,0.5135973645710187,0.43024349693871017
b_id138,0.4710753969094098,0.40862985930833773
b_id139,0.4650124905083835,0.41615882840028023
b_id140,0.4584788812745407,0.4184178486734105
b_id141,0.44746113203843985,0.41906815180620804
b_id142,0.4466319084949849,0.4228165210384439
b_id143,0.4457515455642631,0.426434955803173
b_id144,0.44847111768493597,0.4319320012429468
b_id145,0.46979456216935506,0.4326133839960853
b_id146,0.47370687759332597,0.44283273373964965
b_id147,0.4585593181553673,0.44679268832271996
b_id148,0.3886637223752929,0.32848661632021564
b_id149,0.38350577510019485,0.32910998314205214
b_id150,0.39776887046456555,0.32955630439450156
b_id151,0.38675056129117036,0.33138660965685274
b_id152,0.38942178444821174,0.33273722924267923
b_id153,0.3969396828337519,0.3345320452637128
b_id154,0.3867227126039618,0.3364482349591588
b_id155,0.4001843982311527,0.33765250999771795
b_id156,0.39772057434317004,0.3381340019234931
b_id157,0.3815444697058243,0.339027094773045
b_id158,0.3958715545724249,0.3398567321009044
b_id159,0.38540590881067377,0.3421755809930555
b_id160,0.3808480568588481,0.3435001187020406
b_id161,0.3940025795979698,0.3456485123810156
b_id162,0.3904216262653325,0.35004127774154614
b_id163,0.38061613411127965,0.3500933685755893
b_id164,0.38949969790509537,0.35356937159533136
b_id165,0.39115714927479894,0.3551283129701705
b_id166,0.3946486648117433,0.35581670028129864
b_id167,0.39240086523233186,0.3560947906599922
b_id168,0.3766673087233831,0.337995329573829
b_id169,0.35609212282187325,0.34305873245765695
b_id170,0.35963165329176267,0.34710652024639
b_id171,0.35161430487760875,0.35077791551102555
b_id172,0.3641296024905123,0.35089709122924573
b_id173,0.3776439687344373,0.3610337238798991
b_id174,0.3479188236808506,0.36274888376549497
b_id175,0.35594368423707345,0.36794391388901143
b_id176,0.3676480281102677,0.37325563704067066
b_id177,0.44326002251309876,0.3668206538558252
b_id178,0.4274084217513621,0.36698269232827274
b_id179,0.41802961378720543,0.367550284697086
b_id180,0.4321734198297699,0.36991006254454817
b_id181,0.4418338116982197,0.37071320515455447
b_id182,0.44016591198005034,0.3770603645241624
b_id183,0.4445034596860942,0.37742884820967365
b_id184,0.4144036394343761,0.3805810913164335
b_id185,0.4202555596667915,0.3840621640000583
b_id186,0.42585394681177363,0.38575721745444475
b_id187,0.39892155804779444,0.35757117746919076
b_id188,0.3969354153456061,0.3575718247378981
b_id189,0.3948907101730482,0.3707475657624707
b_id190,0.3825376511813921,0.3777255268970566
b_id191,0.3931945979145721,0.3816059924293944
b_id192,0.3924781037572314,0.38865537446434817
b_id193,0.556396700412931,0.3621207371804925
b_id194,0.5612045975775491,0.36747362085550694
b_id195,0.5560528185422174,0.37876428389026906
b_id196,0.5642508862561061,0.37920000433265005
b_id197,0.5691703835141948,0.3833733501114308
b_id198,0.5604837844424402,0.385809114109554
b_id199,0.5725861141193538,0.3880561958315343
b_id200,0.5641694289838165,0.3912054647975187
b_id201,0.5753385669676327,0.3916903350020698
b_id202,0.58435426911854,0.39288514421874304
b_id203,0.5838963752208696,0.40498087186389886
b_id204,0.5916142444359773,0.41327302700295687
b_id205,0.5856037936992178,0.4201533678690025
b_id206,0.5972725711012621,0.4232491003671539
b_id207,0.5865514256209482,0.43329279669108745
b_id208,0.5576644516242054,0.3942503308705615
b_id209,0.5683086193786385,0.39648404385321273
b_id210,0.5777850351730069,0.39688450668400826
b_id211,0.574497182718112,0.39965365458278534
b_id212,0.560938750746919,0.3996870978372178
b_id213,0.5723091911587953,0.40250047922082804
b_id214,0.5650168982969742,0.4050580737953255
b_id215,0.5811010318264747,0.408791097753526
b_id216,0.5685737104712665,0.4098469273543924
b_id217,0.5781491443898125,0.4127276469420817
b_id218,0.5731374254825753,0.41617345080389706
b_id219,0.5571736651667447,0.4177895500170433
b_id220,0.578114578690859,0.422786986120255
b_id221,0.5541274091739041,0.4250001015664069
b_id222,0.5807532131262902,0.4297321841146254
b_id223,0.5604722233601579,0.43798184946115415
b_id224,0.5569511618328896,0.442956167598735
b_id225,0.5610714362934485,0.44550977265386577
b_id226,0.5735483585106986,0.44751210464091984
b_id227,0.5602189045163247,0.44772009690867465
b_id228,0.5117839759241082,0.4313830108825698
b_id229,0.5140007833556934,0.43138855693028644
b_id230,0.5143435541059479,0.4327139510084016
b_id231,0.514768165751871,0.43417752832373396
b_id232,0.515289799674086,0.4356266506877886
b_id233,0.5157372679938066,0.4369971559374136
b_id234,0.5161114897850826,0.43834274335392703
b_id235,0.5165412214784394,0.4397220224142631
b_id236,0.4972327514686765,0.43990273819499465
b_id237,0.507718990325917,0.4460892870457281
b_id238,0.4807292065083828,0.4526712164130054
b_id239,0.4616479817169718,0.4600390840864861
b_id240,0.4720082096990446,0.46137202289191687
b_id241,0.46437880504491047,0.4666459308053903
b_id242,0.45309114286658864,0.46708851603368723
b_id243,0.46648398319586654,0.4705854410352993
b_id244,0.45209511886525483,0.4760451513267696
b_id245,0.47015874877215524,0.4777799869812801
b_id246,0.458692394304397,0.47933119570395416
b_id247,0.4560685242832107,0.48219393377610537
b_id248,0.4413518157766414,0.4533288801733847
b_id249,0.43760986162878696,0.48990188001240464
b_id250,0.4444984052715517,0.49142714505975904
b_id251,0.44005252156873514,0.4922665669317165
b_id252,0.4363119230870075,0.49375814360381015
b_id253,0.42660845235380224,0.4989280928859136
b_id254,0.44032467292156197,0.5016964144250055
b_id255,0.4240924146347621,0.5031619451168334
b_id256,0.4204067965215038,0.5045187082898596
b_id257,0.4187855776430214,0.5078576455323025
b_id258,0.553555568519851,0.4642107522391003
b_id259,0.5524499798739925,0.4669628412038892
b_id260,0.5482264223689866,0.4695028033839116
b_id261,0.5293066643764783,0.468625569777743
b_id262,0.5269273160853695,0.47206038101708864
b_id263,0.5522042157066768,0.4723504207223913
b_id264,0.5369110627944615,0.4747595406140485
b_id265,0.530919332319317,0.4871891616699733
b_id266,0.536222931558184,0.4884426081772016
b_id267,0.5200360121280226,0.4884050730637568
b_id268,0.5080105804043614,0.45159351402187886
b_id269,0.5112554065801133,0.4564823238985656
b_id270,0.4864521311285611,0.45929545660475657
b_id271,0.5134405711374621,0.46625243175062875
b_id272,0.49225133817855576,0.4672516615650315
b_id273,0.49634750702911795,0.46967675279959104
b_id274,0.4929772606255347,0.47251484032249536
b_id275,0.48581023550554125,0.4771562646126127
b_id276,0.49998554375700316,0.4774272421929325
b_id277,0.48662023205737254,0.5074360152282265
b_id278,0.45147981901868856,0.4820273401713466
b_id279,0.4752447662021014,0.4831988797583472
b_id280,0.47141933293974186,0.485250008220067
b_id281,0.45354775421788457,0.4870075395309809
b_id282,0.47511927248921576,0.4903481201876439
b_id283,0.4558200927108114,0.4913501600567933
b_id284,0.4635061104654489,0.49459553147315605
b_id285,0.47772143248342414,0.49819473216549665
b_id286,0.46612201039336126,0.500858084486114
b_id287,0.4597324942577956,0.5011620953374649
b_id288,0.5421616508724415,0.4940623436920167
b_id289,0.532077857570832,0.49662599653862205
b_id290,0.5405395225245043,0.49965645443017037
b_id291,0.5362367686712867,0.5060932713354274
b_id292,0.5232150721025801,0.5053884499335809
b_id293,0.5512363676234674,0.5068288780024278
b_id294,0.5397499536865249,0.5091097199363649
b_id295,0.5540959492299667,0.509285605961171
b_id296,0.5535256753899284,0.511563080340082
b_id297,0.5527867217698965,0.513840441121043
b_id298,0.44821759541500594,0.50442391636636
b_id299,0.4711194262464827,0.5115929343796414
b_id300,0.4637842578615408,0.5114112784035938
b_id301,0.46810471488280225,0.5115074569251478
b_id302,0.46591429595625466,0.5151052243070299
b_id303,0.4490840156490115,0.5158179149169426
b_id304,0.473440443949075,0.5224802974482404
b_id305,0.4566349848312951,0.5245158841951697
b_id306,0.4465950776288765,0.5267019740717666
b_id307,0.45056302664842046,0.5279382100412923
b_id308,0.5268245817040125,0.5245251578540977
b_id309,0.5192773947263148,0.5248270515218815
b_id310,0.5205382788541381,0.5270875223876628
b_id311,0.519278678314193,0.5275718461697105
b_id312,0.528128324912459,0.5299088781902029
b_id313,0.5273658083288641,0.5322368555197909
b_id314,0.5240953663628425,0.5323574878994555
b_id315,0.5433923311800913,0.5336194409893217
b_id316,0.5265568536451728,0.5349045708571617
b_id317,0.5239578502085543,0.5364161138686109
b_id318,0.5071718427284221,0.5131483364352989
b_id319,0.5005791718771699,0.5185526118002687
b_id320,0.5095633473325981,0.5250335641972294
b_id321,0.5035454739091069,0.5289533033115589
b_id322,0.5120802297625469,0.5364502164231976
b_id323,0.506641013210587,0.540746369137635
b_id324,0.48128378576392755,0.5517484879328466
b_id325,0.49030284903344235,0.5576566809229039
b_id326,0.4834292835457017,0.5586508525963975
b_id327,0.499734269662958,0.5600345446075068
b_id328,0.5421724885177969,0.43016278019846105
b_id329,0.5469680209170176,0.43042375576781194
b_id330,0.5532170966836736,0.43280954993014226
b_id331,0.5248605810833404,0.43314916513892315
b_id332,0.5470790899812784,0.4358979337044735
b_id333,0.5349211429293501,0.4377463786091399
b_id334,0.5294167890610478,0.4409257277652882
b_id335,0.5364863412848927,0.44452762768494664
b_id336,0.5467918440198843,0.4467907229714761
b_id337,0.5309997161717461,0.44737412493337275
b_id338,0.5981469603853142,0.43367412243338865
b_id339,0.5901321318392846,0.44019880041440096
b_id340,0.5939371744594023,0.44662257906160774
b_id341,0.5974016374839088,0.45124534356830376
b_id342,0.5830497903225991,0.45394369563723075
b_id343,0.603602263156186,0.4595467468782196
b_id344,0.5905146135225052,0.4628591452057827
b_id345,0.5842226113321548,0.46474877882980054
b_id346,0.6062295612855206,0.465808195299578
b_id347,0.5973614016049418,0.4729622891548858
b_id348,0.5225658295820302,0.4477332267925995
b_id349,0.5356513149748957,0.4522934260565893
b_id350,0.5451489164811216,0.4532076121380238
b_id351,0.5536584754226088,0.45326361047053176
b_id352,0.5441544351763486,0.45469940057832364
b_id353,0.5528288324965023,0.45603193862453795
b_id354,0.5273824044204578,0.45747546963142244
b_id355,0.5521129741977113,0.4582458379671922
b_id356,0.5497445651194782,0.4622576487118988
b_id357,0.54192340049654,0.46380597431095577
b_id358,0.5597367159685794,0.4500952673483444
b_id359,0.5573716573914856,0.45544732506555335
b_id360,0.5720920726185791,0.4579887085214123
b_id361,0.5560440349132283,0.45931797102742783
b_id362,0.5650770762007814,0.4608996006234404
b_id363,0.5551436421663891,0.4626997982838868
b_id364,0.5689931499640096,0.46381056293446055
b_id365,0.5740540021604799,0.46552872625587394
b_id366,0.5799861097037126,0.46670257870017806
b_id367,0.577353574575457,0.4669335550257148
b_id368,0.6214646922341623,0.47555601012097276
b_id369,0.625299302774072,0.4737263515662394
b_id370,0.6076267765031894,0.4774610787012719
b_id371,0.6153046336739035,0.4825822482681409
b_id372,0.6260413994452334,0.49304123371449216
b_id373,0.6079121096960888,0.4980430897401391
b_id374,0.6300458453609078,0.4988317950922386
b_id375,0.6124894764363003,0.5058556208544823
b_id376,0.6193263486917573,0.5137269133590487
b_id377,0.6476698807228967,0.5147883878045209
b_id378,0.5860735599530047,0.4749572698024991
b_id379,0.5998432032957612,0.47922206531013833
b_id380,0.5939053899003951,0.4816742435147744
b_id381,0.5863439398493641,0.4831392171261196
b_id382,0.6052562315049004,0.4833265046777086
b_id383,0.5967988463386856,0.4853800562342683
b_id384,0.58521782542788,0.5047304501889817
b_id385,0.6020700899799228,0.5084374284828412
b_id386,0.6009948729462627,0.5172093244750247
b_id387,0.5945548343933175,0.5236590360599667
b_id388,0.5717637501338106,0.46721933625676443
b_id389,0.5665127977651184,0.46763587290754544
b_id390,0.5635816118355488,0.47250951358639587
b_id391,0.5701971267655221,0.4770357152474366
b_id392,0.5630590840310764,0.48051287184343633
b_id393,0.5594781288718873,0.48519714913788664
b_id394,0.574630827700373,0.48743552967872533
b_id395,0.5574710418612986,0.4921260017859895
b_id396,0.5757945144462308,0.5016605351262221
b_id397,0.5576974892991741,0.5231009785111758
b_id398,0.5519408181082953,0.5159695458197802
b_id399,0.5196467713128053,0.5192800418519938
b_id400,0.5247904669547137,0.5196614013349625
b_id401,0.549608472748337,0.5197613309534297
b_id402,0.5258220825897285,0.5209145555850794
b_id403,0.5468312842304752,0.5214141918936279
b_id404,0.5264783292132805,0.5218544460899927
b_id405,0.5271847389092233,0.522787372115809
b_id406,0.5216052105803984,0.5229163787721118
b_id407,0.5242020992410026,0.5243912794830773
b_id408,0.5460628834512177,0.5374356640598829
b_id409,0.5227823765023528,0.5379919499033968
b_id410,0.5493737786851284,0.538542621226087
b_id411,0.5507817621443143,0.5430088161611901
b_id412,0.5481183302314637,0.5507312299916518
b_id413,0.5306858612588963,0.5532131480030994
b_id414,0.5238617422338014,0.5690830787487302
b_id415,0.5426730730643984,0.5702855413758061
b_id416,0.5205887145610952,0.5705855771682061
b_id417,0.5436714984479245,0.5730447251480436
b_id418,0.5598197924860763,0.5404660051552255
b_id419,0.5762117659447873,0.5546003896484566
b_id420,0.5677167485442591,0.560497314578011
b_id421,0.5633721156392323,0.562706658569951
b_id422,0.5572550211241015,0.571756511941291
b_id423,0.5712290749468085,0.5721741551039403
b_id424,0.5540684396184289,0.5722599738684685
b_id425,0.5666278087716479,0.5728686257481925
b_id426,0.560634479084549,0.5764869249918837
b_id427,0.567925233729246,0.5769540317939049
b_id428,0.6572617566657109,0.5064258789653163
b_id429,0.666370482557092,0.518817880731213
b_id430,0.6644381792839915,0.5216684337583721
b_id431,0.6688722584784756,0.5245261992537262
b_id432,0.6631232506468036,0.5252768462868279
b_id433,0.696827397101032,0.5271596130023604
b_id434,0.672554574703543,0.5286113376615478
b_id435,0.6844940876082768,0.5301220519242588
b_id436,0.667474870569767,0.530734979382168
b_id437,0.6716297756311882,0.532592237459314
b_id438,0.6082613311958944,0.516042414414139
b_id439,0.6479647815487662,0.5206142690484822
b_id440,0.6491853674647668,0.5281261476885817
b_id441,0.6202728156332948,0.5314631415157959
b_id442,0.6495538141208996,0.5388219896653499
b_id443,0.6380987006793339,0.5453919752051037
b_id444,0.6233137106444321,0.5528808247857278
b_id445,0.6384279065000267,0.5628217125927581
b_id446,0.6231053644921717,0.5632448980208727
b_id447,0.6457610744914721,0.5660130979509531
b_id448,0.6546632072893208,0.5338015010212701
b_id449,0.6828009676065658,0.5338386622828485
b_id450,0.6972403303494392,0.5363223228830181
b_id451,0.6771342151687877,0.5367182466555608
b_id452,0.6785829400733561,0.5413570950110939
b_id453,0.6518020551437276,0.541667479939054
b_id454,0.662968775941386,0.5413943020370755
b_id455,0.6770805811046422,0.5426985218947746
b_id456,0.6837394654328919,0.5434744676475654
b_id457,0.8167262110729565,0.6005585606366308
b_id458,0.8339002201343231,0.6102145927000792
b_id459,0.8304348216837856,0.6319409084108044
b_id460,0.8841885087923913,0.6719774798141926
b_id461,0.9373561654717465,0.6608612081045961
b_id462,0.915511414412022,0.6710466739524765
b_id463,0.9284265834176071,0.6590151289604462
b_id464,0.8037328394811238,0.6174947838289016
b_id465,0.8044348570036606,0.6175324616378006
b_id466,0.8051802353322473,0.6175724666560112
b_id467,0.8058988023662385,0.6176110326943549
b_id468,0.8066026439646566,0.6176488084083873
b_id469,0.8073276914398183,0.617687722261458
b_id470,0.8080036392274299,0.6177240008979099
b_id471,0.8086969966023264,0.617761213923059
b_id472,0.8094272492269899,0.6178004071458718
b_id473,0.8101836310545318,0.6178410027461914
b_id474,0.8229628818013256,0.6185349985574303
b_id475,0.8155309070942504,0.6216702134384006
b_id476,0.8285699791698279,0.6320023813936337
b_id477,0.8236002344728451,0.63447458923052
b_id478,0.8282835536303156,0.6535035271596065
b_id479,0.8109123662015858,0.61788011452983
b_id480,0.8116372276408563,0.6179190184102941
b_id481,0.812361830128807,0.6179579083952874
b_id482,0.8089506813334124,0.6402917007444834
b_id483,0.8057980429114214,0.8097989762723671
b_id484,0.831983597978355,0.6347116019846818
b_id485,0.840716797823001,0.6349396832089049
b_id486,0.8513483423971292,0.6848678137394465
b_id487,0.8498495370398329,0.7040991028077095
b_id488,0.8317708420666517,0.7250465288955805
b_id489,0.8610880418681401,0.6806676189388154
b_id490,0.8719040856873003,0.7312908803175394
b_id491,0.8707294816627854,0.7394274911742876
b_id492,0.8635193171190544,0.8000001333747004
b_id493,0.862323242551134,0.8080729389139795
b_id494,0.8876953394791253,0.6750541153707807
b_id495,0.8868525905410368,0.8228274542463405
b_id496,0.8852958992992408,0.8257465270400478
b_id497,0.8845773859475667,0.8272094042027374
b_id498,0.8822066815675217,0.8322047725309187
b_id499,0.4413586234459952,0.5121615590484084
b_id500,0.4214240775043522,0.526881630688512
b_id501,0.43821258576079986,0.534664707474722
b_id502,0.4316687723554936,0.5387105682080455
b_id503,0.4422238905670551,0.5489376398401093
b_id504,0.4367325195902734,0.5515512769293998
b_id505,0.4241823061873933,0.5528747765599347
b_id506,0.41563444034918123,0.553712364108434
b_id507,0.41513853544259316,0.5575849456851681
b_id508,0.4143161700862743,0.5634343470317533
b_id509,0.4039055704297271,0.5524863654727307
b_id510,0.40485402609107474,0.5526225386729352
b_id511,0.4001164768389532,0.5553865104684201
b_id512,0.4012673637399194,0.5561963950279194
b_id513,0.4023959289137606,0.5574599851772245
b_id514,0.4036113776145655,0.5585284677470292
b_id515,0.3966177808863946,0.5672981856370621
b_id516,0.3901652447072843,0.5711675236885858
b_id517,0.4725927756721882,0.5294460144036698
b_id518,0.4505863676609284,0.5292164722132163
b_id519,0.4481223855646629,0.5331106878858306
b_id520,0.46269145002005607,0.5373739767555952
b_id521,0.45180544834208486,0.5434060988392747
b_id522,0.446334776227877,0.5622254738341157
b_id523,0.4634806693704816,0.5625486550921104
b_id524,0.4743395987751936,0.58633157267227
b_id525,0.45668170655057794,0.5973589032935894
b_id526,0.4488415446882373,0.6005975208154211
b_id527,0.4858749979269886,0.5669735738568201
b_id528,0.501455793883939,0.5675908208713113
b_id529,0.5091700172650531,0.569487571539749
b_id530,0.4935597055798224,0.5730901835364501
b_id531,0.5039159573889971,0.5726242815705468
b_id532,0.5091795246578869,0.5733960352758252
b_id533,0.51061890269828,0.5764872792090187
b_id534,0.5062666118114139,0.5772165881209665
b_id535,0.5034079045157493,0.5784689794807389
b_id536,0.4931785237566237,0.5817114972025624
b_id537,0.5369639907982221,0.5744748836465017
b_id538,0.5445589455246903,0.5780582040269328
b_id539,0.5382004365040723,0.5781368444574219
b_id540,0.5282650458484713,0.5797898418668858
b_id541,0.5388445372777736,0.5804039912623502
b_id542,0.5394814847404327,0.5826459599893222
b_id543,0.5224815348393012,0.5830077313925525
b_id544,0.543524689608419,0.5864502653320949
b_id545,0.5319106015893729,0.5886381173545817
b_id546,0.5453149809918377,0.5927518533195267
b_id547,0.5117032453366914,0.5916355093883617
b_id548,0.4977186737199749,0.5965327438388045
b_id549,0.4841221047911193,0.6002087185288414
b_id550,0.49648362715362143,0.6040955025574934
b_id551,0.5157504475627764,0.6046283319598194
b_id552,0.4846843785687459,0.606782841450248
b_id553,0.5037947231615842,0.6087511288414039
b_id554,0.487770263844754,0.6113963808082199
b_id555,0.4897186516671149,0.6125790908358977
b_id556,0.4899891037929897,0.6142568449908942
b_id557,0.41756139165011225,0.5737854775544116
b_id558,0.44486867031256605,0.5857826793924016
b_id559,0.41693640091318396,0.5970866104035223
b_id560,0.4254513970811843,0.6012775296315336
b_id561,0.4136018060914793,0.6054132255334226
b_id562,0.441944919082188,0.6081118956040357
b_id563,0.43686079883026,0.6093035275981826
b_id564,0.4184430457946899,0.6191026579183828
b_id565,0.4359479938384401,0.6324950242026913
b_id566,0.4235449579153469,0.633729761590082
b_id567,0.5269609854129755,0.5944295163421534
b_id568,0.5339831317777498,0.594755890063263
b_id569,0.5464582556195756,0.5967760306582018
b_id570,0.5338679155179832,0.6016190262893963
b_id571,0.5499908218495279,0.6076929291579989
b_id572,0.5209414931755847,0.6126768132032278
b_id573,0.518942609475289,0.6184657539158274
b_id574,0.5232805553525077,0.6246951383793864
b_id575,0.5505526073386089,0.6249623399734603
b_id576,0.5350689877495758,0.6264853190010085
b_id577,0.4887307773796908,0.614558692645481
b_id578,0.49055702051467726,0.6166073415883905
b_id579,0.5006239344979679,0.621683833165731
b_id580,0.5063820270372639,0.621645100822855
b_id581,0.4847287320430826,0.6253546173927568
b_id582,0.483534170480398,0.6255079081828042
b_id583,0.5094335336544644,0.6284635701363286
b_id584,0.48940478777617835,0.6275839939469048
b_id585,0.4820834908541154,0.6369046164451865
b_id586,0.5106615964282928,0.6438680778281946
b_id587,0.4474155863719634,0.6020105246270373
b_id588,0.4781533914919025,0.6028840876378984
b_id589,0.46131175778601363,0.6210749708878661
b_id590,0.45572439150194016,0.6221427218799322
b_id591,0.46531967378445505,0.6291525174885145
b_id592,0.4453037269137544,0.6325896632238512
b_id593,0.45348098480770394,0.6378969700259953
b_id594,0.465146200199413,0.6417329919577185
b_id595,0.46924955493986326,0.661718423809232
b_id596,0.4566637449843174,0.6639569753737423
b_id597,0.5078305365773954,0.6498016369582682
b_id598,0.4996283776963392,0.650558250513093
b_id599,0.5101745477849043,0.6519731589363107
b_id600,0.5151606488664977,0.6533933704269028
b_id601,0.5108428316636536,0.6550905438161002
b_id602,0.49251101892856464,0.6557800277163849
b_id603,0.48394426826826215,0.6594884644023575
b_id604,0.4929677084026393,0.6676942634175449
b_id605,0.501674154442404,0.6670827888376947
b_id606,0.4998051637143078,0.6825983837875176
b_id607,0.5180749868200586,0.6709857817633066
b_id608,0.5516545992472401,0.6719584013965215
b_id609,0.5475196974082154,0.6759017160107466
b_id610,0.5398124872369225,0.6762420808804968
b_id611,0.5523418401601479,0.677179160884105
b_id612,0.5366070358505933,0.6779638873312729
b_id613,0.5388354984123277,0.6800464033419431
b_id614,0.5542219944603342,0.6814482551152127
b_id615,0.5394360505811454,0.6820798666934046
b_id616,0.5298000037990755,0.684371857359932
b_id617,0.38840259970636065,0.5741148638706605
b_id618,0.3971198340555379,0.5762601026509427
b_id619,0.40656072552503225,0.5917347282281846
b_id620,0.393394929527003,0.6004480235029166
b_id621,0.3943555022674254,0.6006888640112041
b_id622,0.4088475690529818,0.6044116028554297
b_id623,0.41149346524216934,0.6051350345135472
b_id624,0.38235048466038724,0.6135413737743632
b_id625,0.3961471411587429,0.6177177847006451
b_id626,0.3725547659419872,0.6313658360266232
b_id627,0.4060722988452398,0.6194456613828554
b_id628,0.3877921371393901,0.6343104306998854
b_id629,0.39618713992084353,0.6458072010754272
b_id630,0.39456485879996667,0.6968839798043167
b_id631,0.3978480517422749,0.7174666681022853
b_id632,0.3956958404219202,0.7182660811266075
b_id633,0.3912054815592372,0.7203974574194348
b_id634,0.3987063023081987,0.721139982563675
b_id635,0.387501000253808,0.7263688248951834
b_id636,0.4064288399295178,0.730016200274522
b_id637,0.4237004278311137,0.6505497148191165
b_id638,0.4372018010409131,0.6577660128269891
b_id639,0.4211648378937548,0.6629449768159045
b_id640,0.42502255406643463,0.6633037709148032
b_id641,0.4210108445342541,0.6699763664478245
b_id642,0.4268747188299298,0.6707224568826157
b_id643,0.4331528808918914,0.6806271733793697
b_id644,0.4236321797616898,0.6811932850267932
b_id645,0.4128449709093821,0.6888371237565015
b_id646,0.4399077607197745,0.7082612711916142
b_id647,0.378220196873932,0.6346276559140616
b_id648,0.36805665042200586,0.6492834880116871
b_id649,0.35706511381417905,0.6512147694092976
b_id650,0.3682388382673038,0.6528843192497025
b_id651,0.35873386244248473,0.6904319469924479
b_id652,0.35587224930139155,0.6930044729449211
b_id653,0.37358891815934053,0.7293679263036347
b_id654,0.3734211602096208,0.742318643482187
b_id655,0.3630664302444419,0.7479134567960557
b_id656,0.41156408521304827,0.7115572834619409
b_id657,0.42703798539617965,0.7101962205156148
b_id658,0.41640750850273206,0.7233786199535646
b_id659,0.4345301317832234,0.7324153909891216
b_id660,0.4113678752441581,0.743306690101445
b_id661,0.4444039161766621,0.7496981582591358
b_id662,0.43751866210532925,0.7501253580324473
b_id663,0.4337976451868204,0.7519316394342479
b_id664,0.43573789217615755,0.7630658796776668
b_id665,0.44304204994275936,0.7660839946430643
b_id666,0.39612315656063884,0.733756387139521
b_id667,0.3972069788058911,0.7452510605826547
b_id668,0.3860988036337638,0.7538700579496305
b_id669,0.3819611006251136,0.7561735766425481
b_id670,0.4010692469095455,0.7567148125229258
b_id671,0.40096934295144093,0.7585602370690514
b_id672,0.4008866350428204,0.7596688471734828
b_id673,0.40181553391089325,0.7646316977737079
b_id674,0.4005349207316607,0.7653632637147781
b_id675,0.4031776694853385,0.7665422906813901
b_id676,0.35312854982674274,0.7546058239184302
b_id677,0.3763566798104717,0.7552148503412903
b_id678,0.37515049837598163,0.7557749767705078
b_id679,0.3732799714398169,0.7564804992339893
b_id680,0.374886109200805,0.7611715899147901
b_id681,0.352138860109393,0.7635573027016754
b_id682,0.3676273801255649,0.7658412434716184
b_id683,0.35685617327705865,0.7734517428217117
b_id684,0.35510975653170823,0.7762348688293542
b_id685,0.3702304715869721,0.7766821139762669
b_id686,0.4032855428147737,0.768444118871232
b_id687,0.37956357359218496,0.7695632653042073
b_id688,0.38060003902216044,0.7814483429946467
b_id689,0.4097588379564266,0.7829156302552618
b_id690,0.3927633444322104,0.7859241471263395
b_id691,0.4038942420793847,0.7865994187579074
b_id692,0.39505805735727356,0.7869400263435573
b_id693,0.3831598496888599,0.7915237240245367
b_id694,0.3892651242561539,0.7960582580832555
b_id695,0.389462767942058,0.7971488114076809
b_id696,0.34587443310696736,0.7566677853762774
b_id697,0.4286484904832308,0.7686400735559885
b_id698,0.42210666181149115,0.7706724902117169
b_id699,0.4299170309627612,0.776105811151552
b_id700,0.4157778324453009,0.7806969491624952
b_id701,0.4343876891349444,0.7912427427722053
b_id702,0.4282406874540814,0.7949515312043871
b_id703,0.4447047655203458,0.7952451140174731
b_id704,0.41405312314812126,0.7977269052800662
b_id705,0.412414407528894,0.7981503551968036
b_id706,0.42031167224418203,0.798667594857434
b_id707,0.3879674782878516,0.7975499904982896
b_id708,0.3855112816291619,0.7980510169769054
b_id709,0.4086621715896605,0.8006108505115825
b_id710,0.38575655746134957,0.801523598497195
b_id711,0.3908824616490619,0.803290684072809
b_id712,0.4003892633107289,0.8041236309740997
b_id713,0.38918566037612545,0.8041523138039042
b_id714,0.38763421719526936,0.804991078816016
b_id715,0.38607601926704893,0.8056677520163414
b_id716,0.4085542824766083,0.8058548654909247
b_id717,0.43057060509491824,0.7986271341642198
b_id718,0.42981410664238634,0.7987712211532535
b_id719,0.4315189260457395,0.7996437774449899
b_id720,0.4285519541045205,0.8005909502710228
b_id721,0.4271298684173614,0.8011831645068395
b_id722,0.42630764086097483,0.8014981142968205
b_id723,0.41581238341298776,0.8026351550265294
b_id724,0.41488660176988224,0.8030116067902507
b_id725,0.4371573889135632,0.8192085443514975
b_id726,0.4219599329644512,0.8229704574365188
b_id727,0.37042819408543615,0.7972478849414183
b_id728,0.37012419750774944,0.8212720808568242
b_id729,0.3778660579159457,0.837653184668981
b_id730,0.3776713787733842,0.8527038389063103
b_id731,0.37275930711393235,0.855893249314412
b_id732,0.4101513798036518,0.8091076653931366
b_id733,0.3976945277929575,0.8222581716502063
b_id734,0.3948428309711964,0.8240064606467761
b_id735,0.39140184671797107,0.8259145534027938
b_id736,0.38559402425559336,0.8260508771410056
b_id737,0.38836008927005716,0.8333095235234863
b_id738,0.38532886101597824,0.836719680410922
b_id739,0.3835238195953784,0.8406228058720495
b_id740,0.38967626989089243,0.8412423758346106
b_id741,0.38201448648779723,0.844467443755324
b_id742,0.4365697604803057,0.8366688020423628
b_id743,0.4352772640320604,0.8373456309985561
b_id744,0.433958806350799,0.837922419340345
b_id745,0.4365056039121141,0.8391083483150624
b_id746,0.42505741303163136,0.843639953266904
b_id747,0.41230884906214094,0.8603274806537136
b_id748,0.4130953606873385,0.8621948709973792
b_id749,0.4120767850870914,0.8647473058279503
b_id750,0.41418987526903867,0.8659906272158602
b_id751,0.4162654043513332,0.8660248877105721
b_id752,0.3795469274706632,0.8446099975447678
b_id753,0.3890834731797078,0.8486042259362928
b_id754,0.3985305417439566,0.8537005730620739
b_id755,0.38347201143513754,0.8641337651762964
b_id756,0.40958229911809196,0.8649281172678696
b_id757,0.41127919827916903,0.8658198061611984
b_id758,0.40944572982972627,0.8665025785709416
b_id759,0.4076806601662523,0.8667674800401804
b_id760,0.40634262532654253,0.8701833201909791
b_id761,0.4104392926450419,0.8707134296861867
b_id762,0.4126681980953825,0.8661548178199963
b_id763,0.41754112334252685,0.8676458607167804
b_id764,0.42880076977860937,0.8677449366783526
b_id765,0.41523180817432775,0.8685483951366315
b_id766,0.41266951489122133,0.8695191153196337
b_id767,0.41683186992750104,0.8707277324676709
b_id768,0.4143898590136213,0.8717811301191873
b_id769,0.421440519334429,0.8725889962378047
b_id770,0.41219182555060446,0.8727440401205603
b_id771,0.41624223224348883,0.8733498947517144
b_id772,0.40434173112041566,0.8711002701368369
b_id773,0.41013070185224954,0.8746822614923516
b_id774,0.38785339460310697,0.8748242421229451
b_id775,0.407482755688897,0.8748873844176556
b_id776,0.4089687613295295,0.8774805412034586
b_id777,0.3966591454999416,0.8784080178077975
b_id778,0.4105763592820217,0.8798866348310737
b_id779,0.4032239999795648,0.8814119188064682
b_id780,0.3939277593214161,0.8821630308346924
b_id781,0.39494203120224064,0.8827091759581496
b_id782,0.4169570774113243,0.8763818723612821
b_id783,0.42382271543214317,0.8768572329619544
b_id784,0.41152925261395773,0.8773443445486233
b_id785,0.4214183662884308,0.8783045764431405
b_id786,0.42543164880902357,0.8791332169589382
b_id787,0.41894241873622673,0.8805462385208507
b_id788,0.4237179694548509,0.8813612783539304
b_id789,0.42148680948151995,0.8816931865918453
b_id790,0.4136211149115796,0.8832744510179106
b_id791,0.4284909328624722,0.8838422066159229
b_id792,0.4195788111004023,0.8842494023180822
b_id793,0.42115432548888443,0.8846484384009442
b_id794,0.4178166206432307,0.8849332231227027
b_id795,0.41826036410080686,0.8866761117992523
b_id796,0.4143161690906804,0.8872928233095797
b_id797,0.41995888712963864,0.8874321195454409
b_id798,0.4163852268456864,0.8879326960495322
b_id799,0.42472675958806644,0.8880890915620361
b_id800,0.41867918363221446,0.8889287496533654
b_id801,0.4174921416781537,0.8905743343863695
b_id802,0.3943640437119032,0.8839044232929858
b_id803,0.3935357847537222,0.8862734687861473
b_id804,0.4023634741870819,0.8915474759616654
b_id805,0.40822215299536396,0.8936314701881002
b_id806,0.4042967563337274,0.9001557053315833
b_id807,0.4222623095666211,0.8909476069027433
b_id808,0.4192096001913141,0.8917370763657952
b_id809,0.42079182521382896,0.896056171801093
b_id810,0.41263577155198644,0.8984642271954654
b_id811,0.41433945649747167,0.8995393297340356
b_id812,0.4149166572161686,0.9009203039410917
b_id813,0.42011461503615233,0.9084087023395105
b_id814,0.41649156141708665,0.910446391507728
b_id815,0.440227214810998,0.9105280869584379
b_id816,0.4442978804618148,0.9110025154365435
b_id817,0.46416971721997113,0.9366710514139738
b_id818,0.450951701876965,0.9383716193952736
b_id819,0.4678626254828322,0.9394191906575171
b_id820,0.4571620937486036,0.9399463083777717
b_id821,0.46471930389748234,0.9403440395131258
b_id822,0.4745277764192334,0.9411168827744374
b_id823,0.45511470326574344,0.9420868929099807
b_id824,0.46696319780832224,0.9422351538145353
b_id825,0.47031745970312,0.9432611288739461
b_id826,0.4578633641059412,0.9436117274404157
b_id827,0.440282550894854,0.9439903564374378
b_id828,0.44324939254280343,0.947552342767676
b_id829,0.43849900685648485,0.9478145711619482
b_id830,0.4446865357595205,0.9482711603854319
b_id831,0.444513764984395,0.9500775656161081
b_id832,0.46537427268137505,0.945624836329386
b_id833,0.4685123485892236,0.9459852892928784
b_id834,0.4659170740017498,0.9484608082050289
b_id835,0.4678375448406154,0.9489873929151786
b_id836,0.46359323350612897,0.9496241499113703
b_id837,0.653816143961453,0.5441582043132503
b_id838,0.6587088898733119,0.5453892915463194
b_id839,0.7049531236488591,0.5474593133625535
b_id840,0.6559995868453506,0.5479390681993725
b_id841,0.658410816404795,0.5491745127369227
b_id842,0.657479057879098,0.5501677995470554
b_id843,0.6667285660915653,0.5561145252178448
b_id844,0.6795210597787872,0.5578969684300608
b_id845,0.6711485412962268,0.5605165624107006
b_id846,0.6775859890642904,0.5618090685014175
b_id847,0.6804042450132961,0.5632946481161801
b_id848,0.6532770323113055,0.5650664653811086
b_id849,0.7163270921899774,0.5647153706604505
b_id850,0.6750253443007028,0.5647631310812603
b_id851,0.7027688523838781,0.5651729843333974
b_id852,0.673390832671449,0.5683798825615276
b_id853,0.713273140558969,0.571474939640788
b_id854,0.6985175116070301,0.580952781150927
b_id855,0.6961156322240308,0.5821453070949555
b_id856,0.7018570487276999,0.5851536261048642
b_id857,0.7311886944411695,0.5811289739880602
b_id858,0.6292423392753449,0.5661524690879572
b_id859,0.6468491033240034,0.5671966314804789
b_id860,0.6306112039682528,0.5676052337397404
b_id861,0.6461143285117382,0.5711333263835771
b_id862,0.6408085662313847,0.5732354757398949
b_id863,0.6449679603992031,0.5772355201532372
b_id864,0.6260114494094322,0.5793829063701088
b_id865,0.6134281586643915,0.5855641375259045
b_id866,0.6416960067290999,0.5881814826486003
b_id867,0.6431291204253393,0.5922062729460611
b_id868,0.6921447895160581,0.5840251759679094
b_id869,0.6909354315952834,0.5848551361290844
b_id870,0.6933470391066144,0.5856478556619549
b_id871,0.714311518824538,0.5851725249151464
b_id872,0.6873945730086002,0.5898102705914109
b_id873,0.7010209530212931,0.5918004978298296
b_id874,0.6938289688887809,0.5932413956301749
b_id875,0.7197081594399873,0.5935822812531494
b_id876,0.6915967361365601,0.5951284444689541
b_id877,0.7129409519625028,0.5952551222907364
b_id878,0.7266794314358372,0.5875488419959255
b_id879,0.7404943204073084,0.5904926039061872
b_id880,0.7413794554409733,0.594509989519879
b_id881,0.7378826245673691,0.5949497195620094
b_id882,0.7396068185107404,0.598707975343467
b_id883,0.8124360658208426,0.6006950644067908
b_id884,0.8160244588836558,0.6005808889760237
b_id885,0.8153013702849556,0.6006038961970057
b_id886,0.8145726054790329,0.6006270840232724
b_id887,0.813885676612521,0.600648940715434
b_id888,0.8131797218901244,0.6006714027708075
b_id889,0.8194195630354434,0.6032721236299485
b_id890,0.8164079899580334,0.6040756427732125
b_id891,0.8157297148448432,0.6040948997089787
b_id892,0.8150047765377862,0.6041154814608093
b_id893,0.8142793337743879,0.6041360775353914
b_id894,0.8116434618908398,0.6007234123711525
b_id895,0.8095313664568231,0.6018356958296193
b_id896,0.8094498250468222,0.6028447275839365
b_id897,0.8093766311449387,0.603800317114184
b_id898,0.812829289126256,0.6041772458105817
b_id899,0.8120419972899701,0.6041976928183724
b_id900,0.8092963275619051,0.6048487273413496
b_id901,0.8050134960304715,0.6056904834496185
b_id902,0.8050133243008454,0.6066489607824799
b_id903,0.8046044505785461,0.6076160918705831
b_id904,0.813554227358142,0.6041566640601118
b_id905,0.8192025517624503,0.6042595429345575
b_id906,0.8212073753850124,0.6048251448516484
b_id907,0.8219709593982977,0.604841939691863
b_id908,0.8226969605046359,0.604857907905682
b_id909,0.8234003540485512,0.6048733788739774
b_id910,0.8241266264692565,0.6048893530588413
b_id911,0.8190476445868262,0.6052343809688062
b_id912,0.8188416684182382,0.6061715893925175
b_id913,0.818645179705255,0.6070656290010443
b_id914,0.8107796214961952,0.6077802057769104
b_id915,0.8016387818859251,0.6083831397966817
b_id916,0.8112676512802794,0.6085606208570447
b_id917,0.8045911087249963,0.6085643359662107
b_id918,0.8072159559550792,0.6091408462085333
b_id919,0.8117170742716845,0.6092792993320817
b_id920,0.8016057518404657,0.6094035502432071
b_id921,0.8045707487869946,0.6095895839204967
b_id922,0.8121840750995208,0.6100260868069881
b_id923,0.808128811731269,0.6102353576043232
b_id924,0.8184383397363038,0.6080067675529996
b_id925,0.8217068109365868,0.6087409520857464
b_id926,0.8181723336267521,0.6089471191748499
b_id927,0.8257079332659587,0.6092476046984239
b_id928,0.8179717742342428,0.6098596803791106
b_id929,0.8214737182614206,0.6102748230372035
b_id930,0.8212991654324135,0.6111932550071585
b_id931,0.8257055495653643,0.611266462856794
b_id932,0.8211141605933868,0.6121534440075833
b_id933,0.825710588935218,0.6122052518424923
b_id934,0.8015735483431895,0.6103984249750343
b_id935,0.8045511484998334,0.6105765774552213
b_id936,0.8126596173509403,0.6107865330328429
b_id937,0.8086378076565254,0.6110654053417308
b_id938,0.8015414750442944,0.6113892766203252
b_id939,0.8045310959779446,0.6115863423548807
b_id940,0.809091899329432,0.6118059177308265
b_id941,0.8015091304169483,0.6123885096828783
b_id942,0.8095348262895262,0.6125282232468798
b_id943,0.8045121921353903,0.6125382631701738
b_id944,0.8135220490496311,0.6129344087288882
b_id945,0.8142489988447018,0.6129474288860177
b_id946,0.8149870453500029,0.6129606477944848
b_id947,0.8157121597075827,0.6129736350795697
b_id948,0.8163551167757147,0.6129851508744805
b_id949,0.8170733847426492,0.6129980155388239
b_id950,0.8178587698398353,0.6130120823184321
b_id951,0.8209131182493391,0.613165487729953
b_id952,0.8257159560005085,0.6132050925697679
b_id953,0.8206812861257462,0.6140526129464889
b_id954,0.8099988300928375,0.6132848999796144
b_id955,0.8014772198472682,0.6133743324673337
b_id956,0.8044935219018957,0.6134784190851756
b_id957,0.8104772644900846,0.6140651095270299
b_id958,0.8014474235170639,0.614294838699775
b_id959,0.8044747616249399,0.6144231081121062
b_id960,0.8008312270624124,0.6173390521277207
b_id961,0.8015870742822655,0.6173796190074684
b_id962,0.8022884837321973,0.6174172641745193
b_id963,0.803010357594301,0.6174560076840748
b_id964,0.8257214389409298,0.6142265247669021
b_id965,0.8204962152666645,0.6149908511738272
b_id966,0.8257336898339878,0.6151816333329746
b_id967,0.8190093520276457,0.6181875371799533
b_id968,0.8200611682908397,0.6182201857157048
b_id969,0.815607326663563,0.6181608621745547
b_id970,0.8215290754422311,0.6183802724572774
b_id971,0.8257943505458444,0.6184186794929637
b_id972,0.8268305651897909,0.6184508437730719
b_id973,0.8243951161202207,0.6184657180149425
b_id974,0.5687904185720231,0.5808307872412548
b_id975,0.5734315896114232,0.5832148637198447
b_id976,0.5695266555813164,0.587129625429603
b_id977,0.5771061271599647,0.5896665200907613
b_id978,0.5609530420180816,0.5905573974867003
b_id979,0.5753915497933397,0.5911931121674674
b_id980,0.5717193548592029,0.5920584579312357
b_id981,0.5767910763207307,0.5934185890865686
b_id982,0.5774037640266928,0.5954662885897926
b_id983,0.5728672672783769,0.5959547065652481
b_id984,0.5965053913892682,0.5273054961854847
b_id985,0.6004373170562551,0.5332593043385769
b_id986,0.5929207368977016,0.5419005566234099
b_id987,0.5861497842826585,0.6200577647871255
b_id988,0.5893093978061498,0.6266764759216948
b_id989,0.5835089901964189,0.6335600584750085
b_id990,0.59346595363755,0.6364734475587946
b_id991,0.5995339786554927,0.63674422690759
b_id992,0.5965828937618538,0.6450056190486292
b_id993,0.5862193670340949,0.6511272129511794
b_id994,0.5760297650395753,0.5996084009307769
b_id995,0.5656061409130494,0.5999023059999866
b_id996,0.5611804521701569,0.6024131508913704
b_id997,0.5653430585422052,0.6049874479342806
b_id998,0.5803543237067761,0.614613717158351
b_id999,0.5716573888295308,0.615790263124958
b_id1000,0.5660890162333715,0.6178907218813315
b_id1001,0.5806271666078435,0.6250632126464414
b_id1002,0.5563620552700326,0.625237007903113
b_id1003,0.5691231870554151,0.6262190257004328
b_id1004,0.5214980783403531,0.6271948579016392
b_id1005,0.546500629227787,0.6272789837204877
b_id1006,0.54321842434917,0.6292268814676598
b_id1007,0.5169788030477271,0.6295662202926746
b_id1008,0.5378734827718925,0.6310316319189914
b_id1009,0.526972415205133,0.6355767447776015
b_id1010,0.5470227623136062,0.6367932615466172
b_id1011,0.5240195730773344,0.6382317623795263
b_id1012,0.5209928541008451,0.6402804135926484
b_id1013,0.5287933692653441,0.6412831513151982
b_id1014,0.5711457756972025,0.6320220615392282
b_id1015,0.574417498164177,0.6329974954394436
b_id1016,0.5580450925325496,0.6346377826254773
b_id1017,0.5755017566957777,0.6364806086857101
b_id1018,0.5702800213594549,0.6388898739918606
b_id1019,0.5735793265738636,0.6418724860121112
b_id1020,0.5594749214123365,0.6430022918314049
b_id1021,0.5767144898622425,0.6446579579892772
b_id1022,0.5699622549068,0.6460524722906809
b_id1023,0.5542465180452518,0.6463446022325117
b_id1024,0.5231337490850408,0.6459166341024284
b_id1025,0.5485007837821463,0.647867240363018
b_id1026,0.5448214114589066,0.6492209923295675
b_id1027,0.5279443922507868,0.6494998557254326
b_id1028,0.5418431482751532,0.6524241186106614
b_id1029,0.5476342225026168,0.6534395142655467
b_id1030,0.5539576505860883,0.6545395113413538
b_id1031,0.5530126477394337,0.6576185799649348
b_id1032,0.5502977959369895,0.6589608490879962
b_id1033,0.5518804742008829,0.6592250605799532
b_id1034,0.5715556116888985,0.6474835372843836
b_id1035,0.5771941689814524,0.647661533839741
b_id1036,0.5614957101761644,0.6495842864866878
b_id1037,0.5551102498182521,0.6539299315724086
b_id1038,0.57755137497413,0.6541584994923567
b_id1039,0.5722261297147438,0.6542163619248497
b_id1040,0.5616955228467222,0.6546349616809627
b_id1041,0.5724891481824261,0.6573734995627583
b_id1042,0.5559291103513745,0.6581413539656974
b_id1043,0.554764846846423,0.6587072903084766
b_id1044,0.5976571171336934,0.6514930879275833
b_id1045,0.5838048006771479,0.6527699436471843
b_id1046,0.5869166512379169,0.653644279469968
b_id1047,0.5841561134974634,0.6547364460240833
b_id1048,0.5927074724087534,0.6551565656265812
b_id1049,0.5873637551508056,0.6560137546973811
b_id1050,0.59961218956637,0.6564152904697003
b_id1051,0.5845628235980561,0.656636574295903
b_id1052,0.5847814294949306,0.6580957729311484
b_id1053,0.586445080753448,0.6592705908808051
b_id1054,0.57629588252977,0.6586670602033277
b_id1055,0.5799623493424808,0.6598797842491188
b_id1056,0.5738248639875114,0.663051338885157
b_id1057,0.5812582802342082,0.6652750745554379
b_id1058,0.5627667352407131,0.6661693015785266
b_id1059,0.5793423989051204,0.6672075667320887
b_id1060,0.5817046433965647,0.6677764266273215
b_id1061,0.5767798260284225,0.6685024310483024
b_id1062,0.5743820442692994,0.6686302554005186
b_id1063,0.5747156362496849,0.670987563622399
b_id1064,0.5436426701974315,0.6592174081624568
b_id1065,0.5491107302871548,0.6596977047672762
b_id1066,0.5479092467379738,0.6602817332799782
b_id1067,0.5313562709723154,0.6607106977998318
b_id1068,0.5466851848929035,0.6608767368447016
b_id1069,0.5521854233538642,0.6630377312974544
b_id1070,0.5460047876273241,0.6635838745645988
b_id1071,0.5445745550844309,0.6639873142495388
b_id1072,0.5370009384423949,0.6677485464208925
b_id1073,0.5311220121686663,0.6700892397759937
b_id1074,0.7021582310660741,0.5961516867826382
b_id1075,0.6759033366541628,0.5968916975112023
b_id1076,0.7104186034960398,0.5984685040070268
b_id1077,0.7000845687720307,0.6030855860298526
b_id1078,0.6600898037983515,0.6050740879120738
b_id1079,0.6640835430833367,0.6061337614062143
b_id1080,0.6951075833267211,0.6065549963698742
b_id1081,0.718169444982017,0.6077319773602604
b_id1082,0.6666952551582969,0.6082706662577292
b_id1083,0.7033313343361064,0.6092313334481789
b_id1084,0.7376875803362245,0.5990034886760212
b_id1085,0.73849202764304,0.6003368831464767
b_id1086,0.7423149703809979,0.6011438714427942
b_id1087,0.7389618662388043,0.6008562918118509
b_id1088,0.7368300428428096,0.6024826606418788
b_id1089,0.7337998532386063,0.6044196938396887
b_id1090,0.7597598079912727,0.607533857211929
b_id1091,0.7504652106116595,0.6089274351050307
b_id1092,0.7637996990823797,0.610651282181951
b_id1093,0.7664422717549281,0.6115365560103322
b_id1094,0.6153319867726657,0.5936405740485682
b_id1095,0.6488190922923835,0.5972054360243293
b_id1096,0.6174086635010734,0.6001411862029805
b_id1097,0.6156888634485612,0.6063047338294046
b_id1098,0.6197416354905466,0.609022192304482
b_id1099,0.6345125215083828,0.61094730623661
b_id1100,0.622076298049875,0.6135839902790062
b_id1101,0.6248516793527116,0.6196084397198849
b_id1102,0.6211009429369742,0.6200743417100553
b_id1103,0.6363513985403191,0.6211868297861253
b_id1104,0.7866800537550003,0.6173526582369501
b_id1105,0.7973243189602544,0.6444878406703841
b_id1106,0.6590198414323876,0.6092905823338045
b_id1107,0.6753811581377976,0.6107258097815159
b_id1108,0.6695924826084882,0.6111661159716477
b_id1109,0.6997310740982926,0.612170827165364
b_id1110,0.6581325369950376,0.6149305718502305
b_id1111,0.7173803813147966,0.6158279350780238
b_id1112,0.6849315632909971,0.6161943730385975
b_id1113,0.6735202477506737,0.616257632002282
b_id1114,0.7183583987457969,0.6162961279720195
b_id1115,0.7193427892815019,0.6166990438558442
b_id1116,0.6695306171195897,0.6177719597550395
b_id1117,0.6526045801498075,0.6183509594792537
b_id1118,0.6723812025085626,0.61946249978734
b_id1119,0.6811057560062379,0.6206304713010217
b_id1120,0.6674352455422473,0.6235200254724033
b_id1121,0.6801649365421378,0.6242393074808745
b_id1122,0.7007390233316544,0.6244055098533723
b_id1123,0.6614369866673238,0.6247453347649421
b_id1124,0.6599046450506235,0.6250002580724654
b_id1125,0.6521404298107225,0.6251496017589291
b_id1126,0.662171991846967,0.6252987628019061
b_id1127,0.6604969886485732,0.6258351568665622
b_id1128,0.6949560509013656,0.6262920078755053
b_id1129,0.6852139196986294,0.6261393910521839
b_id1130,0.6777223063590581,0.6287177975415643
b_id1131,0.698914450133963,0.6297810297004551
b_id1132,0.6628268194365496,0.6302752155651368
b_id1133,0.6822670675298782,0.6311987130792529
b_id1134,0.674571913516403,0.6325339463212865
b_id1135,0.6934198083169651,0.6327408201736381
b_id1136,0.6977840686984396,0.63426394967365
b_id1137,0.6584185583411272,0.6347357119522903
b_id1138,0.6723472973124397,0.6349324046924893
b_id1139,0.680335100913947,0.6351779751995653
b_id1140,0.6697712998359829,0.638862672749574
b_id1141,0.6770634499230552,0.6391143405179031
b_id1142,0.6575426342651034,0.641756097135316
b_id1143,0.6649419650103895,0.6421779972721998
b_id1144,0.6876261961567356,0.6421550488408815
b_id1145,0.6742474108336904,0.6441773630503885
b_id1146,0.6475492470932097,0.6393907295592948
b_id1147,0.6294040990575072,0.6381403407518639
b_id1148,0.6138581485411311,0.6421370851978818
b_id1149,0.6314892810311937,0.6490710371312669
b_id1150,0.6463386364652468,0.654095871582255
b_id1151,0.6076497507400155,0.6545287496113075
b_id1152,0.6142244855310204,0.656466144798272
b_id1153,0.6363691965593977,0.657099569742525
b_id1154,0.6313621124233497,0.6573562574890572
b_id1155,0.6229388005266692,0.6585765848019
b_id1156,0.7778375025827844,0.6124657954956019
b_id1157,0.7719855379296272,0.6128291026575708
b_id1158,0.7274188025229241,0.6171048559967272
b_id1159,0.7779518768771037,0.619698155611113
b_id1160,0.744198937139868,0.6344527667573354
b_id1161,0.7623366947510252,0.63830257012289
b_id1162,0.725599238215392,0.6565977574562099
b_id1163,0.7477553929614186,0.6580330756409885
b_id1164,0.7358441464872477,0.6753615170070353
b_id1165,0.7301227782961077,0.6767883335288016
b_id1166,0.7915380709901811,0.6465544517952833
b_id1167,0.7863394730861019,0.6483314635980391
b_id1168,0.7865930083296954,0.65341589842912
b_id1169,0.7792129269718295,0.6551423215347443
b_id1170,0.7800563497462906,0.6560098843771077
b_id1171,0.6538322128336307,0.6446291575579197
b_id1172,0.6646193871525232,0.6505441528912508
b_id1173,0.7085077042771867,0.650745719595515
b_id1174,0.6896129765333888,0.6522348889531282
b_id1175,0.7187199987895554,0.6502304688718465
b_id1176,0.6809928629079692,0.6531729374482919
b_id1177,0.7180546361900633,0.6558338866723523
b_id1178,0.6779333284558656,0.6597470083689007
b_id1179,0.6567875739749683,0.6616126753573763
b_id1180,0.6636608337685058,0.6626760858198147
b_id1181,0.7031001152087698,0.6656787871734661
b_id1182,0.6556935944417241,0.6669883084347755
b_id1183,0.663573085207712,0.6682182665026102
b_id1184,0.6545242344654194,0.6708082549997748
b_id1185,0.6947838509449835,0.6715592122874903
b_id1186,0.6624178204600791,0.6709652403427908
b_id1187,0.6570802016928956,0.6715297728230132
b_id1188,0.6616199339110427,0.6736768094600165
b_id1189,0.6542350246249157,0.6751692908479254
b_id1190,0.6722653215130202,0.6774926171000267
b_id1191,0.6604190024538037,0.6795360635763741
b_id1192,0.6527702596227715,0.6806704254687224
b_id1193,0.7104349908498386,0.6809478812186451
b_id1194,0.6611127702776612,0.6822663265433654
b_id1195,0.7027497725367106,0.6849115306617636
b_id1196,0.654041501153044,0.6855587092770294
b_id1197,0.658700514187125,0.6860930970392974
b_id1198,0.6940530379236759,0.6879190564448454
b_id1199,0.6551674044823457,0.6947772524212391
b_id1200,0.6823770034164887,0.6965555567556393
b_id1201,0.6446907974984132,0.6863596249793948
b_id1202,0.6405355663593271,0.688101626726259
b_id1203,0.6382509222785725,0.6893568941751642
b_id1204,0.6364499568603377,0.6901642946107914
b_id1205,0.6433533286711763,0.6901809927070603
b_id1206,0.6090604080139067,0.6903497529014285
b_id1207,0.642015672877073,0.690861358733768
b_id1208,0.6407240605766227,0.6913985749524326
b_id1209,0.6314150769004222,0.6931513460362566
b_id1210,0.6297311261928016,0.6933656485084928
b_id1211,0.609522970591313,0.6936550764091669
b_id1212,0.6280227372816155,0.6935830610221964
b_id1213,0.6441274315591579,0.6941301129688431
b_id1214,0.6259392658579379,0.6938482071541388
b_id1215,0.6199529548091085,0.6946013205512909
b_id1216,0.6100809374410064,0.6973155960568699
b_id1217,0.6320583837725575,0.6998293260835375
b_id1218,0.6467276641700189,0.700983051681501
b_id1219,0.6111147758732377,0.7025796842043831
b_id1220,0.6194306491258766,0.7055227018101073
b_id1221,0.7202437266281247,0.6813310356376755
b_id1222,0.7658186416924083,0.6892923153898831
b_id1223,0.7628088218612752,0.6913560885232655
b_id1224,0.7603336575372532,0.6916128117712974
b_id1225,0.7792395838274075,0.6974247556874417
b_id1226,0.7275655935630723,0.7078438651060734
b_id1227,0.7594194334707253,0.709342192796264
b_id1228,0.7403753758909776,0.7142120881564709
b_id1229,0.7588284871239611,0.7176704642642674
b_id1230,0.7264434986555085,0.7193880116198271
b_id1231,0.7105447001055436,0.6961167474566629
b_id1232,0.6993882499104049,0.7029391004463366
b_id1233,0.6635586052518934,0.7103948131446471
b_id1234,0.6837039486741278,0.7131466268666729
b_id1235,0.6658336079885642,0.7228660244529626
b_id1236,0.7050805392690104,0.7247280004811211
b_id1237,0.6931638825754031,0.7281731913995727
b_id1238,0.7193713432806236,0.7324343393385743
b_id1239,0.6760716241905089,0.7353800837353095
b_id1240,0.6950250872885203,0.7360310090274911
b_id1241,0.7518993955271609,0.7207595893721285
b_id1242,0.7224264549582516,0.7280586920289599
b_id1243,0.7264369870626879,0.7304621692031167
b_id1244,0.7786702507595724,0.7331499835024476
b_id1245,0.7594211925562837,0.7457387477439885
b_id1246,0.7299769202711406,0.7598556086194979
b_id1247,0.7556704668433173,0.7601541908865673
b_id1248,0.7236932017655413,0.7623885440862053
b_id1249,0.7237918974427491,0.764538560342658
b_id1250,0.7524558602612658,0.7652283104322972
b_id1251,0.612253162073684,0.7337933546569304
b_id1252,0.6452430543431599,0.7355537227144862
b_id1253,0.6390698448780469,0.7385035793352436
b_id1254,0.6170574515726651,0.7401238070905011
b_id1255,0.6347843312621849,0.7404416988896969
b_id1256,0.6321425032956376,0.7416373413626486
b_id1257,0.6295942382670074,0.7431121561352911
b_id1258,0.6237314191940346,0.7457174701406722
b_id1259,0.6216523202574821,0.7469041952748959
b_id1260,0.6182573820964349,0.7483007430407278
b_id1261,0.6164940547252664,0.6620981050843063
b_id1262,0.6349146212807285,0.6624000746039556
b_id1263,0.6193329129647004,0.6738091711795058
b_id1264,0.6259053840484128,0.6736266577656727
b_id1265,0.6101854605757876,0.6772856946993696
b_id1266,0.6317760478260384,0.6804611363751967
b_id1267,0.6401810604665723,0.6814598686646651
b_id1268,0.6165725630575969,0.6822184825998208
b_id1269,0.6254615704496679,0.6830062785498507
b_id1270,0.6209747133348175,0.6830082589298573
b_id1271,0.5680140315721401,0.6714601575026252
b_id1272,0.5810733594937098,0.671697773395372
b_id1273,0.5592765578496542,0.6717019533978298
b_id1274,0.5656643453042692,0.6722584372864431
b_id1275,0.5758923627737709,0.6725613661594179
b_id1276,0.5640391186266699,0.6752998390977086
b_id1277,0.5752703984878289,0.6748036839972473
b_id1278,0.5818496496241269,0.6764768749220091
b_id1279,0.5754580154309256,0.6767922829989858
b_id1280,0.5604944359021932,0.6767145461789156
b_id1281,0.5985053856565415,0.6648886477695168
b_id1282,0.6018599752239894,0.665537651276539
b_id1283,0.5945803025241181,0.6675805313060185
b_id1284,0.5878674741982682,0.6686263429992109
b_id1285,0.5957874068535506,0.6768785667593168
b_id1286,0.6040254177890557,0.677490111397114
b_id1287,0.6004724141367291,0.6810543769319845
b_id1288,0.5894186862354428,0.6865789706921432
b_id1289,0.6045968685984137,0.6940873343476546
b_id1290,0.602198091273393,0.695171593435517
b_id1291,0.5785371882605173,0.6769934246398304
b_id1292,0.5761701909313616,0.6796143955833881
b_id1293,0.5653644871650578,0.6820049376853106
b_id1294,0.5697866254789774,0.6880733107004559
b_id1295,0.5582904595107049,0.6881739552154746
b_id1296,0.581530218139498,0.6896336557516537
b_id1297,0.5651319925200353,0.6910700554850329
b_id1298,0.5704575526429599,0.6941312089111819
b_id1299,0.5678489957269403,0.6964922753327248
b_id1300,0.569842216849236,0.6999643403238371
b_id1301,0.5402423228325539,0.6848098969744819
b_id1302,0.5522904603234804,0.6863865087876619
b_id1303,0.5195189020782799,0.6877961894614962
b_id1304,0.5413262556698696,0.6884800844496819
b_id1305,0.5534245078806038,0.6907670460514858
b_id1306,0.5203492223539471,0.6934862630274122
b_id1307,0.543975329333242,0.6940650932043867
b_id1308,0.5296511790103237,0.6969929062470783
b_id1309,0.5220213583986484,0.7007609956486902
b_id1310,0.5252468299226745,0.7049947150449526
b_id1311,0.600259336651098,0.6960479199014374
b_id1312,0.592364925801702,0.6966917247177986
b_id1313,0.5947501701659371,0.6992800524736453
b_id1314,0.6032260948021806,0.6997208177885516
b_id1315,0.5923736712421964,0.6999141811749857
b_id1316,0.587307574955264,0.7002296647915318
b_id1317,0.5822183811957654,0.701566170420871
b_id1318,0.592947321036625,0.7025288262475533
b_id1319,0.5943651930402551,0.7039638412983843
b_id1320,0.5854931905417479,0.7049242711450152
b_id1321,0.6134700023021761,0.7080154765206532
b_id1322,0.6112497475555229,0.7092418367851349
b_id1323,0.6098780110515224,0.7104132423474875
b_id1324,0.6082920655616275,0.7111966649221533
b_id1325,0.6339891416521101,0.7144152702490547
b_id1326,0.6252225729216423,0.7184256765020766
b_id1327,0.6123838490780315,0.7235581320151411
b_id1328,0.6163585617076215,0.7244970581722607
b_id1329,0.6384856246149097,0.7258644076963003
b_id1330,0.6186001567199242,0.7308754585221687
b_id1331,0.5952564104845458,0.706673390372425
b_id1332,0.5856736649802906,0.70733607209866
b_id1333,0.5887712927142974,0.7084865163647741
b_id1334,0.5982466000184732,0.7089991038026058
b_id1335,0.5829974720532751,0.7112381179080958
b_id1336,0.5866551777022466,0.7121541837712191
b_id1337,0.6052298978848298,0.7122713038411095
b_id1338,0.5969580585571267,0.7151280830796435
b_id1339,0.5878041714689514,0.7186311031133458
b_id1340,0.5965010818306481,0.731084738046782
b_id1341,0.5820858087855482,0.7041054594592456
b_id1342,0.5588939604805333,0.7055247689065686
b_id1343,0.5731679061557978,0.7147688135147482
b_id1344,0.5655461301825369,0.725409602522517
b_id1345,0.5804752339011048,0.7446604608536076
b_id1346,0.5566907851607285,0.7535994968642081
b_id1347,0.5682690059822167,0.7646359468450621
b_id1348,0.5807276029811526,0.7650074086121295
b_id1349,0.561351243726518,0.7670821531785738
b_id1350,0.5792056840487853,0.7782991917200258
b_id1351,0.6053575495671848,0.7404447250453313
b_id1352,0.6010371398456515,0.7435219179763277
b_id1353,0.5952481898603952,0.7462841429724245
b_id1354,0.6037987340182268,0.7552421173027188
b_id1355,0.6006625086510803,0.7574661915506146
b_id1356,0.5966551740254512,0.7585160870720269
b_id1357,0.586287322163058,0.7606636112064736
b_id1358,0.6044477963252242,0.7672666379593743
b_id1359,0.5871811108979967,0.7754744123433174
b_id1360,0.6000156812745455,0.7775033043028915
b_id1361,0.6834562714061864,0.7366095783524921
b_id1362,0.7097967366779458,0.7384851469917533
b_id1363,0.684258719023539,0.7391933417382351
b_id1364,0.6968638812952997,0.7474272741881285
b_id1365,0.7178120461948365,0.7497204305557997
b_id1366,0.7044756469809473,0.7538260767582277
b_id1367,0.6982813249651825,0.754453043362199
b_id1368,0.6929477270180765,0.7588499365239033
b_id1369,0.6808136201782903,0.7680288307421741
b_id1370,0.668314561534662,0.7696343466941548
b_id1371,0.6672708798682505,0.7716320875906337
b_id1372,0.6681787043927065,0.7776476111092939
b_id1373,0.6741142271628742,0.7856579903524085
b_id1374,0.6800339880793447,0.8083586674618067
b_id1375,0.6818003065422135,0.8153126945038164
b_id1376,0.7199063959591536,0.7825153788957984
b_id1377,0.7719666031338606,0.7832540007052935
b_id1378,0.7209027806905463,0.8040662439624713
b_id1379,0.7392711040544112,0.8081527884137053
b_id1380,0.7299801415566282,0.8472724099286149
b_id1381,0.4555965068115563,0.6853773240885944
b_id1382,0.47632842181236335,0.6858517969227097
b_id1383,0.4667689957395492,0.6907112288272926
b_id1384,0.45243520783113383,0.694160252925701
b_id1385,0.4667701988883089,0.6953071404427978
b_id1386,0.46360460834996225,0.6966898722516898
b_id1387,0.449972076661922,0.7086434532436253
b_id1388,0.4546864531674148,0.7091969745790733
b_id1389,0.4591750136000189,0.7110135039064517
b_id1390,0.4636668045929289,0.7126751619523287
b_id1391,0.5383226868282013,0.7050854678865552
b_id1392,0.5326884359743391,0.7108102760596703
b_id1393,0.5460299153543928,0.7120958961294779
b_id1394,0.5261304642902289,0.7121406143913548
b_id1395,0.521327462266571,0.7216573416025663
b_id1396,0.5321444029456471,0.7215704557038138
b_id1397,0.5181828484607565,0.7252296375514687
b_id1398,0.5513974760593957,0.7315397559100107
b_id1399,0.5336937355594282,0.7346100080376659
b_id1400,0.5398072599520316,0.7346186430574163
b_id1401,0.4983097584356663,0.6912110297539298
b_id1402,0.5047860371343149,0.7005473096918307
b_id1403,0.5063060444070842,0.711941651214171
b_id1404,0.51274181767038,0.7148657086639759
b_id1405,0.48776183668756923,0.7221897145687663
b_id1406,0.49886738578636924,0.726711678834286
b_id1407,0.4818855462765368,0.7295203505630257
b_id1408,0.48893795295438564,0.74122829822128
b_id1409,0.49737294543467614,0.7443717606300341
b_id1410,0.5073377065133077,0.7476027574053103
b_id1411,0.4985686424285823,0.749073810497222
b_id1412,0.48486870807218646,0.7518285539831484
b_id1413,0.49994453953074747,0.7536979273875312
b_id1414,0.4860493709883394,0.7547062226084238
b_id1415,0.48831619015191113,0.7551087431286994
b_id1416,0.4903622170988238,0.7567631000476588
b_id1417,0.4920698932348211,0.7587857787562551
b_id1418,0.5011653219247085,0.7589276420483771
b_id1419,0.4813956316404425,0.7603292474693244
b_id1420,0.4935240842641076,0.7613524271809299
b_id1421,0.4701776256934823,0.7146554824670233
b_id1422,0.47131211699758124,0.7212205668920115
b_id1423,0.4634232783671577,0.7240645106331053
b_id1424,0.4717782949360555,0.7335982414876266
b_id1425,0.46248224972020746,0.7382016104492581
b_id1426,0.47559428641324736,0.7507496908279669
b_id1427,0.4709173672346639,0.7588649063564696
b_id1428,0.4504057851812977,0.7923878772376438
b_id1429,0.4475436714798006,0.7948990048532867
b_id1430,0.4511237897961779,0.8169192937162424
b_id1431,0.5015580920494938,0.7652670691450203
b_id1432,0.48173464363593976,0.766816583989209
b_id1433,0.511500473507726,0.7697310235657213
b_id1434,0.5129107533185516,0.774305027279553
b_id1435,0.5048202726774141,0.7765560189999535
b_id1436,0.5194064934623789,0.7500207759333161
b_id1437,0.5462155570129628,0.7655777531899444
b_id1438,0.5275531193708695,0.7726894477629956
b_id1439,0.5546975220610812,0.7953930838850707
b_id1440,0.5332742455301522,0.8124525700492853
b_id1441,0.4590418935717469,0.8212578001830385
b_id1442,0.45451615040801174,0.8233804414265983
b_id1443,0.44517059518228264,0.8340960491963065
b_id1444,0.4679906307002396,0.8442721041156356
b_id1445,0.4584454707147837,0.9088615171264349
b_id1446,0.4560325378390991,0.9095730195181413
b_id1447,0.45765414880348765,0.9111599047637934
b_id1448,0.4489090391666541,0.9151323258199845
b_id1449,0.461615873074136,0.9162109624743908
b_id1450,0.4517603090978817,0.9208612408536593
b_id1451,0.4379633898408509,0.9149523404340317
b_id1452,0.42784629116887135,0.9197346024738855
b_id1453,0.4246408186634735,0.9211312559898983
b_id1454,0.4447250349576387,0.9212995952671037
b_id1455,0.4308268140536619,0.9306346053185617
b_id1456,0.4350721428278505,0.9325953922567657
b_id1457,0.43094399986726784,0.9358516395837598
b_id1458,0.4394124847534496,0.9379204007819608
b_id1459,0.4338449617320667,0.938757497425203
b_id1460,0.43476864462989717,0.942848402107474
b_id1461,0.45567718164029136,0.9211713126535197
b_id1462,0.46630157688238955,0.9229181848715873
b_id1463,0.45023030185756274,0.9252595063700446
b_id1464,0.4504290237331895,0.9258912491710656
b_id1465,0.4682652075356017,0.9259570808477189
b_id1466,0.4520778351234181,0.9263589554890838
b_id1467,0.45945499246333427,0.9285084663936981
b_id1468,0.44737297847710317,0.9299064014481735
b_id1469,0.454504509852187,0.9325851008109158
b_id1470,0.4754997338092544,0.935719604029197
b_id1471,0.6081687704983604,0.7528974789158015
b_id1472,0.6102327049624432,0.8136298896349762
b_id1473,0.6186268997908394,0.8322942161712563
b_id1474,0.615763050462946,0.8338681747893661
b_id1475,0.6187206952484691,0.8520005240194158
b_id1476,0.6013193979666701,0.7779872017870774
b_id1477,0.6020027176687938,0.7808198122243412
b_id1478,0.5949416783556829,0.7881424839584754
b_id1479,0.5838401703253416,0.7912526685849937
b_id1480,0.6065339946875659,0.8308834678812596
b_id1481,0.5658242989631499,0.7849074435166518
b_id1482,0.5813052960519115,0.7863754223257808
b_id1483,0.5618575943457138,0.8406113022745991
