day,rule,regime,hour,vc_inner,vc_boundary,vc_peripheral,vcf_mwy,vcf_cbd,vcf_east,vcf_west,ef_mwy,ef_cbd,ef_east,ef_west,model_version
1,El Farol,tou,0,0.003129628531694752,0.004666557237867378,0.003892871258818645,0.15297376925301504,0.37777259629442556,0.36184051043548915,0.4605718077407851,0.14537514978023283,5.189545992420496,4.9651016431606,9.92970545730554,v3-2026-07-30-trip-suppression-fix
1,El Farol,tou,1,0.005684995652889261,0.0043088834214995994,0.0038165613542505707,0.11822705084476859,0.30157879253036474,0.29935772302924846,0.32821096843644915,0,3.2260726988103356,3.157093450966759,5.513672055584987,v3-2026-07-30-trip-suppression-fix
1,El Farol,tou,2,0.004841217918828852,0.007254366619375243,0.00500882772336589,0.10953556784973105,0.2890837586340482,0.2992213654175771,0.3522161188803873,0,3.9864408483235647,2.6809192863798046,8.405443817840059,v3-2026-07-30-trip-suppression-fix
1,El Farol,tou,3,0.005488883217525197,0.008173314872102424,0.005286574209224755,0.11991929795559407,0.26518940525046925,0.3004686306320914,0.31364218912648234,0,4.012119949719784,1.9139845593306442,10.027515952079492,v3-2026-07-30-trip-suppression-fix
1,El Farol,tou,4,0.011757006180729456,0.005887951322485957,0.004715326587899538,0.15174645333567438,0.3083668367719857,0.3616475127762969,0.3618453528077827,0,4.599664989673171,5.099996626198956,12.091072010681568,v3-2026-07-30-trip-suppression-fix
1,El Farol,tou,5,0.00761816617962759,0.00530416480289588,0.0035133586189150944,0.0604477281305505,0.11396669310329777,0.1693221422622201,0.17086349427884273,0,1.3788159786847038,1.564240028441477,1.4589172636522132,v3-2026-07-30-trip-suppression-fix
1,El Farol,tou,6,0.017156884454721345,0.02246807781363954,0.01039580977982261,0.24527313473923149,0.47231333360603267,0.4953853110866428,0.6726604779964817,1.0770767578425433,10.509094371626144,19.416821401236348,21.89424924529309,v3-2026-07-30-trip-suppression-fix
1,El Farol,tou,7,0.04428041570970605,0.07213066917091361,0.030535716699287552,0.7418603026209216,1.2591246794294102,1.44041855505354,1.6590631650974095,28.107894774635703,58.38510426311782,65.54197366804016,57.0084353247195,v3-2026-07-30-trip-suppression-fix
1,El Farol,tou,8,0.06859329352489718,0.16763834266723981,0.051735486602393126,1.429454245177127,2.414119445407988,2.494376000580683,2.92047897299534,87.82906574035987,84.54551425732978,89.92319513037944,86.17611110527092,v3-2026-07-30-trip-suppression-fix
1,El Farol,tou,9,0.06668778794720888,0.20818592240903136,0.046700447646111254,1.7100562077757426,3.222774385770415,3.2841864902635303,3.6001880309021104,91.70463969005854,92.1147338287105,94.57592169494988,89.22854819357467,v3-2026-07-30-trip-suppression-fix
1,El Farol,tou,10,0.04801564171857096,0.09841786419332972,0.025678726559541877,1.4196533085977383,3.0995704495493244,2.9626919481933043,3.221648695318938,88.95740034006359,90.67999263207955,93.49557106374824,87.31063853092482,v3-2026-07-30-trip-suppression-fix
1,El Farol,tou,11,0.029463600141998995,0.029810678816510817,0.018584756931302772,1.055826273523758,2.4706282068103773,2.259839447815038,2.4920108569906025,68.93573040170457,85.33856736771112,89.13413241849565,84.4349182741507,v3-2026-07-30-trip-suppression-fix
1,El Farol,tou,12,0.028416936073466872,0.030445499785211976,0.014538791540223871,0.7629039560184633,1.78915986076384,1.6262456028223307,1.8558363107161782,17.121679022245136,80.18130367268479,77.19944274102212,76.10926007388234,v3-2026-07-30-trip-suppression-fix
1,El Farol,tou,13,0.03393243465481373,0.028587420241914997,0.01274342152628866,0.6476621966141296,1.4186183793081186,1.2851090347276544,1.5536384300503443,6.339052149958188,74.31559961574554,68.71911071316414,69.40122054617622,v3-2026-07-30-trip-suppression-fix
1,El Farol,tou,14,0.024376137903086764,0.02192038019550805,0.013097861023462687,0.572567474983408,1.2150669394947653,1.1358966558282086,1.3546007498009465,1.6724671890656106,68.83584198445278,61.934139089428136,63.42298358671531,v3-2026-07-30-trip-suppression-fix
1,El Farol,tou,15,0.023290497725524415,0.03310911696167041,0.018457886955991598,0.6137618458591199,1.3319776343076275,1.2180423736259673,1.502611059978278,3.792363791221231,65.98433580557058,61.38703521120306,64.68477568970054,v3-2026-07-30-trip-suppression-fix
1,El Farol,tou,16,0.03796677931541847,0.05162589506152227,0.025769774064499804,0.8161652287162104,1.7246614958680626,1.5732880126532047,1.8135906935593853,30.15603579995149,75.61230057587338,80.60752562173892,75.63303200704065,v3-2026-07-30-trip-suppression-fix
1,El Farol,tou,17,0.03792784641012264,0.047546699106303374,0.027810034288947686,0.9375438272157012,1.8822956764739724,1.8470971552378712,1.9881904427954715,56.98274730874443,78.94873791768757,89.70102703167841,81.35230486623055,v3-2026-07-30-trip-suppression-fix
1,El Farol,tou,18,0.031054135170355802,0.04648894789845191,0.026830402261113922,0.9834132935223575,1.9867194503461647,2.050603866245698,2.113312537862641,65.88927274175765,80.2480569876949,90.88747578837875,81.70866703303008,v3-2026-07-30-trip-suppression-fix
1,El Farol,tou,19,0.02787301895376319,0.035388192558069104,0.020488510297150073,0.8328470337688142,1.7365179473372756,1.8361028361886618,1.8691959273345469,37.67738472779771,74.05393441223032,86.95333765094293,81.41510848571293,v3-2026-07-30-trip-suppression-fix
1,El Farol,tou,20,0.014729607534060118,0.02019654118005805,0.013957607109990432,0.6575340002359035,1.3378693352079187,1.3858450471217707,1.4783575995500584,7.654904537275583,67.49464486903507,70.96622434573663,68.89587540634724,v3-2026-07-30-trip-suppression-fix
1,El Farol,tou,21,0.011775692389064518,0.014240563236113482,0.007856368697048033,0.44461644481395446,0.972372988352436,0.9746783353118481,1.043763043592062,2.205994652405128,58.621435627656126,51.20997207215997,47.336402057137775,v3-2026-07-30-trip-suppression-fix
1,El Farol,tou,22,0.00901822540073877,0.0060800462859504295,0.006541689495795698,0.2878201196252845,0.6171770687198735,0.6440136409093558,0.7221600818012287,1.7752702618735419,18.486523918980698,23.769573412546837,21.685268551535327,v3-2026-07-30-trip-suppression-fix
1,El Farol,tou,23,0.00773113630717162,0.006419891273391823,0.005318859606545603,0.2107079870741845,0.4772411251237588,0.42741159932951783,0.5981639673371765,2.218996602557919,9.692487914990403,10.897087762379412,19.92102599286248,v3-2026-07-30-trip-suppression-fix
2,El Farol,tou,0,0.01625993469778908,0.008400021715915286,0.0045397244071373345,0.19482251424877708,0.4855186662798308,0.42900776834660753,0.5553548092744204,0.04374339452579618,6.775706298358353,9.274982674383931,12.772494675973173,v3-2026-07-30-trip-suppression-fix
2,El Farol,tou,1,0.0029405016468178804,0.005887325358931569,0.004302064309577862,0.19390146302882025,0.42596635351800793,0.40062941083477316,0.5656239573467654,0.012200797471546915,5.991204468957939,6.914530827172828,13.655188462633205,v3-2026-07-30-trip-suppression-fix
2,El Farol,tou,2,0.007447880715002856,0.008430295869493289,0.003986284821697378,0.1756024271032941,0.40473218653897935,0.3907508910520592,0.5328171328394146,0.22344358396232797,5.499672246485415,8.676838972545564,15.186604038613428,v3-2026-07-30-trip-suppression-fix
2,El Farol,tou,3,0.005000991719101642,0.009229887397369867,0.004887689905658185,0.18473232384619945,0.39285000312744334,0.40561880840866044,0.5525707617649839,0.3251195896914211,4.564923165664627,11.805865574463905,17.58595600621379,v3-2026-07-30-trip-suppression-fix
2,El Farol,tou,4,0.007113340800556365,0.009582914251573633,0.005366386199820754,0.19163298406949808,0.41471435617547253,0.4545573306719669,0.43203442723197943,0,4.739631809580883,14.68893328818867,12.156373929690101,v3-2026-07-30-trip-suppression-fix
2,El Farol,tou,5,0.015378070041670489,0.008477753590993729,0.0048536811235130135,0.08997336604190506,0.23956445310251534,0.2469868563845499,0.26517485855994005,0,4.552358932608928,3.819595418161215,3.8268955719781985,v3-2026-07-30-trip-suppression-fix
2,El Farol,tou,6,0.029148033751607568,0.03163868822551483,0.011321740659883539,0.3156400857996689,0.7406533226587392,0.708950101897756,0.8328981851763714,0.8286794813527689,32.61314570399065,31.321705574234596,26.88845463782642,v3-2026-07-30-trip-suppression-fix
2,El Farol,tou,7,0.050484500152097406,0.09772092751391809,0.028834846864841612,0.7659641593085424,1.735655928580197,1.5964163958617237,1.8012650420927483,29.302693076138944,77.64941798961277,75.4253669529432,65.06987119809659,v3-2026-07-30-trip-suppression-fix
2,El Farol,tou,8,0.10943480371583915,0.2170662829784663,0.05573575117943494,1.4110333046469778,3.2136295152914314,3.1150168915006344,3.1412877731543585,87.31187219424322,91.1855439236956,92.46758307790408,88.41265865623727,v3-2026-07-30-trip-suppression-fix
2,El Farol,tou,9,0.12976046163262023,0.2690328160660867,0.06137567409898394,1.715320294925494,4.294987076053609,4.350547776416389,4.191944654122673,90.11777947629237,97.29901135026844,96.09661323490396,93.72998933733265,v3-2026-07-30-trip-suppression-fix
2,El Farol,tou,10,0.0923747408306005,0.1497369902340464,0.03857360067620149,1.5570398748380303,4.270936501478309,4.163600221766752,4.27934286557297,87.03048691951868,97.03495803040597,96.15161263402621,93.32405280041824,v3-2026-07-30-trip-suppression-fix
2,El Farol,tou,11,0.05133090083460537,0.043500326027400504,0.020532748318184336,1.162885719466459,3.236821705619258,3.098727251121582,3.172211257817564,69.78203093612856,91.09815478820737,92.10423586804714,89.37603111389001,v3-2026-07-30-trip-suppression-fix
2,El Farol,tou,12,0.024496453928948857,0.03381985883603769,0.01571470800390616,0.8104077133106278,2.14886458518415,2.0685897555967956,2.202526382940465,32.21029986683312,84.20452987316817,85.6981890602543,81.04257847319981,v3-2026-07-30-trip-suppression-fix
2,El Farol,tou,13,0.030416070328113987,0.03252884674371256,0.014345493782139682,0.7484552416533572,1.7349326836468268,1.7236418408843037,1.8088644843522397,25.785251014856463,77.88544888872566,81.22200607512873,75.6462248665785,v3-2026-07-30-trip-suppression-fix
2,El Farol,tou,14,0.028936974290212147,0.028008454221737634,0.014971367521318578,0.6961215707465354,1.701948414964714,1.6335872434332293,1.727047381576593,14.3511057992192,76.59850324670064,75.5785998084629,76.33388975890585,v3-2026-07-30-trip-suppression-fix
2,El Farol,tou,15,0.03751796798006603,0.03839638791337407,0.018672093189657818,0.7007632887950475,1.6919089482888412,1.5629718243925075,1.8414564008172174,17.119054767206503,76.81187303331762,74.79933673604488,79.64309369166523,v3-2026-07-30-trip-suppression-fix
2,El Farol,tou,16,0.04446622016679262,0.05882843801477758,0.028188316560032938,0.8819017219995697,2.0936405653420516,2.018713640290496,2.29038089642184,46.50745005587016,82.85981375711715,85.05426529502654,85.81826860824738,v3-2026-07-30-trip-suppression-fix
2,El Farol,tou,17,0.06430840382536672,0.06649676714101731,0.03502412432006308,1.1557103282348653,2.6486138585001235,2.658462301782902,2.7639583241282066,75.85549541191824,86.40470671101211,91.51533280313747,88.3192445877242,v3-2026-07-30-trip-suppression-fix
2,El Farol,tou,18,0.06307087178996386,0.06610922397482541,0.03391929552749082,1.2118083557229815,2.8272170410659045,2.84050377399084,2.8792970158888562,75.57738550861109,90.18390499959602,92.93358436808305,87.71327000737172,v3-2026-07-30-trip-suppression-fix
2,El Farol,tou,19,0.04063849630416788,0.04215945918159822,0.021898962151332975,0.9820707123350029,2.46312205641094,2.4497530729432353,2.451973252240833,55.533654258960304,86.81753859684156,91.46657974874672,86.95988429168766,v3-2026-07-30-trip-suppression-fix
2,El Farol,tou,20,0.03157614564886999,0.025874685351598183,0.015046288753003874,0.716922944974815,1.952368482506893,1.9448919983459219,1.8260361519564159,23.091552755782423,82.6421413089025,83.71843039311405,83.92707814181558,v3-2026-07-30-trip-suppression-fix
2,El Farol,tou,21,0.010947121909884238,0.016679918737154506,0.008459991751714751,0.5213182558291005,1.3183937374600325,1.358134310723164,1.2978637711211662,4.745369888739281,72.84256892555648,70.5815155619346,67.96402620724976,v3-2026-07-30-trip-suppression-fix
2,El Farol,tou,22,0.009504093528300157,0.00880365823564465,0.005350072562010444,0.3528354247543101,0.8700823594487883,0.8800762469146277,0.8921859011580043,1.2536237444723357,45.82499148697092,44.143512229893204,30.056796336215726,v3-2026-07-30-trip-suppression-fix
2,El Farol,tou,23,0.012360768250185204,0.006811550602702609,0.004311335799355889,0.23157269916811127,0.5484437446046028,0.536364810800711,0.6243043717556452,0.3270969435594051,10.679603357410402,15.655386028642345,12.933313489304824,v3-2026-07-30-trip-suppression-fix
3,El Farol,tou,0,0.00977139207335673,0.013337953037574006,0.006083571549308244,0.23226603715994926,0.5919810218875721,0.5730412207576256,0.6194260731914358,0.1667301551518201,15.867466025307145,20.660512237421784,12.70549035228507,v3-2026-07-30-trip-suppression-fix
3,El Farol,tou,1,0.008262441894591353,0.011444617786746143,0.005955688781831101,0.19520379758206444,0.5294346175857301,0.5014245791262365,0.5471344134923053,0,11.076964842374476,12.931359025150192,11.027769628121769,v3-2026-07-30-trip-suppression-fix
3,El Farol,tou,2,0.0036021080407168584,0.00881812528878721,0.005220431837643876,0.17354773764455952,0.41593917674305597,0.4860572968613463,0.4782404363381404,0,8.940291350263049,14.656336801195003,7.31959297741143,v3-2026-07-30-trip-suppression-fix
3,El Farol,tou,3,0.00693482158786396,0.007519735851819666,0.004509133727918764,0.18139451908520715,0.4031626365522932,0.4681709734189214,0.4560960545476997,0,6.420926798770236,15.16322462121093,8.589337993365545,v3-2026-07-30-trip-suppression-fix
3,El Farol,tou,4,0.011680433188688754,0.008011220540014569,0.005597129784268364,0.18036590952404996,0.4420529041920652,0.46118890048169797,0.4239364575295088,0,7.987949922342932,11.979781070047085,10.67299287373649,v3-2026-07-30-trip-suppression-fix
3,El Farol,tou,5,0.010311282471965964,0.010329153398973431,0.0044748081042496135,0.06657521985896603,0.19489174398619846,0.2017486718037733,0.20123346667996767,0,2.737852217819468,2.176325003879569,5.451098560114536,v3-2026-07-30-trip-suppression-fix
3,El Farol,tou,6,0.023071032539482023,0.03476044980102038,0.015057220065276959,0.26916562234579183,0.817422503590132,0.7789787358535467,0.6740087864237184,0.3502543318593627,42.7000572493361,36.3365995865936,22.920857119080438,v3-2026-07-30-trip-suppression-fix
3,El Farol,tou,7,0.04923432242589267,0.09143013516266021,0.03895073622914686,0.7053356831726764,2.067985543296295,1.96486205046919,1.7991142609562185,25.102994821719662,78.33360841816115,79.41280155381145,76.01811747029765,v3-2026-07-30-trip-suppression-fix
3,El Farol,tou,8,0.11439207883533667,0.23234384780743342,0.06571989317382428,1.3707701541421675,3.629369124848303,3.5876678326634774,4.3056337252627035,83.66747615315002,91.25235072188839,92.8472766674446,94.23547424469574,v3-2026-07-30-trip-suppression-fix
3,El Farol,tou,9,0.1193427330846543,0.2918567831924126,0.06432203608364442,1.7483374360971835,4.542708583983651,4.7201552495587835,5.396528614919265,89.67824034496324,94.41509150522825,95.74415187139574,94.12584257371527,v3-2026-07-30-trip-suppression-fix
3,El Farol,tou,10,0.09537364588861269,0.17186266747824888,0.038786344584835486,1.512650536586283,4.2032073100643945,4.244456811457836,5.302271047161506,83.10743901625482,94.92552049668761,95.23076602609419,93.40782059843899,v3-2026-07-30-trip-suppression-fix
3,El Farol,tou,11,0.05800414450362818,0.061843400910968474,0.02273851912493413,1.1293014595500122,3.464557118046425,3.46073257915818,3.9250638339415143,64.68795937728332,93.45784288524266,94.03685894483786,90.32936995940835,v3-2026-07-30-trip-suppression-fix
3,El Farol,tou,12,0.04875783022845561,0.042017174600923086,0.01971667321884343,0.8595509869094167,2.62998922756037,2.622456901709728,2.661037228721776,54.08861738711049,88.96950082143275,90.89311767219358,85.32614329909481,v3-2026-07-30-trip-suppression-fix
3,El Farol,tou,13,0.04873688308765002,0.046315667274498776,0.020165113102038577,0.7540038362097417,2.286145508923437,2.2515135976424236,2.0847241244781474,36.24584364450954,85.8713265668481,88.80854365984226,80.1443195568765,v3-2026-07-30-trip-suppression-fix
3,El Farol,tou,14,0.040785563826284156,0.03358879523845639,0.017387808598890508,0.6383817666940131,2.0367946883280204,2.0063741200054026,1.6167310177936498,15.560505962829609,80.83365524629579,82.14363123078314,74.49765241292714,v3-2026-07-30-trip-suppression-fix
3,El Farol,tou,15,0.031111270247036315,0.04678549189393384,0.021321642594146723,0.6560394273314406,1.76987169994556,1.891286759340773,1.6489276242183792,19.370368763383134,78.32551977303325,81.93484362086058,74.85313364333528,v3-2026-07-30-trip-suppression-fix
3,El Farol,tou,16,0.05479822834941328,0.08051198666797985,0.030291392962075475,0.7613894509915279,2.1951173912534494,2.257058282355397,2.09606510407734,30.38490557072572,85.18231180112969,86.90249175093923,81.80671541596277,v3-2026-07-30-trip-suppression-fix
3,El Farol,tou,17,0.07648996824936677,0.10465438476040732,0.042164049352572563,1.0233555271423846,2.94582948902234,3.0235923105494495,2.8038923022725712,61.78420416926644,89.81845056269803,91.29377335519041,87.45681729140325,v3-2026-07-30-trip-suppression-fix
3,El Farol,tou,18,0.07929511878290321,0.09251478105538614,0.03991135779981782,1.2586677818462984,3.4089588649027553,3.5014836112793244,3.7320260923842223,75.92142298446115,92.99268877179944,93.32769117075058,91.28946487889144,v3-2026-07-30-trip-suppression-fix
3,El Farol,tou,19,0.04785026616547497,0.04703308132196601,0.02724241499417253,1.1301329379688936,2.9454349217880793,3.0760623747847102,3.3139334570579386,69.50973098888703,92.1766451969215,93.69167570488666,90.20994157404742,v3-2026-07-30-trip-suppression-fix
3,El Farol,tou,20,0.021645538270748783,0.03172376715901668,0.01598591546530553,0.8979240943259599,2.1273833965701603,2.3026920703525557,2.2563241892819805,46.976912667242495,84.57320627669172,89.41591059157226,85.0094358807493,v3-2026-07-30-trip-suppression-fix
3,El Farol,tou,21,0.023808378093012453,0.019463864480626134,0.010755291081447627,0.6283106353067087,1.5938614802631264,1.66030922456901,1.5400452183574411,14.545790301968596,76.43955710425277,79.68853769180703,75.50374204643633,v3-2026-07-30-trip-suppression-fix
3,El Farol,tou,22,0.011885033218273099,0.011879311055320032,0.006809722554948173,0.42819460279157906,1.0791542202944107,1.114597700685299,1.0251327736625309,1.120068107597107,62.881149231317785,60.066707205410715,61.977697921498404,v3-2026-07-30-trip-suppression-fix
3,El Farol,tou,23,0.011677017114170591,0.010056407458785005,0.005623745441161081,0.312254020156739,0.7771755008060087,0.7772014909775136,0.8035334396519931,1.175262843296435,31.032440487137343,38.90521308380524,37.5445534435172,v3-2026-07-30-trip-suppression-fix
4,El Farol,tou,0,0.0038055265608661305,0.008250986999020956,0.00415222737886645,0.18221029037183953,0.48840829307252687,0.5189565960876953,0.5364186851351396,0,14.605246502836627,17.90417284188306,16.981843658772174,v3-2026-07-30-trip-suppression-fix
4,El Farol,tou,1,0.0030503360072730856,0.005406635024341247,0.004661022678415495,0.161634730854055,0.40428699725620887,0.42147118916186854,0.47260626997932537,0,4.884249672905934,6.894913072295388,10.933853106486977,v3-2026-07-30-trip-suppression-fix
4,El Farol,tou,2,0.006988376724655136,0.008890964201407357,0.0057163056238643505,0.1760245628693473,0.46186199529453453,0.4778999028947459,0.4866107006102677,0,8.49510847133196,11.661230049045008,11.784267296418962,v3-2026-07-30-trip-suppression-fix
4,El Farol,tou,3,0.003586930441350001,0.005191961486507681,0.0041756793916719395,0.1785123042428873,0.4743254447768289,0.49216489666651775,0.5004583750741064,0,7.307554587975783,13.60941344355307,9.106637495966151,v3-2026-07-30-trip-suppression-fix
4,El Farol,tou,4,0.005275076480709001,0.006407618559813407,0.003918951845669954,0.14711962597807315,0.354149550836476,0.37623541420041884,0.4630452393195726,0,5.196410286507514,5.849743550119937,10.03792653183528,v3-2026-07-30-trip-suppression-fix
4,El Farol,tou,5,0.004193319819115671,0.006871939848575171,0.0027257733797742935,0.08458104461623893,0.17432737645995516,0.20575367223147453,0.20038874377933372,0,2.24102882064134,3.207751339373668,4.998107551690106,v3-2026-07-30-trip-suppression-fix
4,El Farol,tou,6,0.02529222044592626,0.032700444758005376,0.015120634951046395,0.314233739208154,0.6888989353076227,0.7340925749328284,0.7781848461328581,0.4352684412206001,30.302224314912703,34.24871027607031,33.63405750975184,v3-2026-07-30-trip-suppression-fix
4,El Farol,tou,7,0.05035865719590908,0.1179927798683126,0.0371819012066666,0.7878661466804545,1.7798379827248247,2.034772630884898,1.9660932717451443,35.43762744387776,77.5821861824888,85.6683990251715,74.64243379126098,v3-2026-07-30-trip-suppression-fix
4,El Farol,tou,8,0.07479537627072955,0.2533527423592234,0.06673642169511043,1.393841858329481,3.1739952240439626,3.62519441714981,3.7203930216036936,82.26990014198076,91.57612142752205,94.21030849925225,88.75595500317613,v3-2026-07-30-trip-suppression-fix
4,El Farol,tou,9,0.09686846730508822,0.3633047073622075,0.07301601756942931,1.8817258192200155,4.180122706384676,4.981538042336512,5.223079165687208,90.36939018723912,94.24281032296055,96.07623129257078,92.36400068906725,v3-2026-07-30-trip-suppression-fix
4,El Farol,tou,10,0.0715274070588849,0.2880061580876502,0.03992901068843681,1.7264199942276013,4.126929690072507,4.774308129270243,5.084890458109915,87.17304612810013,94.81994042329373,95.99776823846801,92.10391263713426,v3-2026-07-30-trip-suppression-fix
4,El Farol,tou,11,0.055786923221751175,0.09726234846467588,0.031170378528484286,1.295981495010378,3.4424341614968292,3.903574605502591,3.813924722765553,74.44663163396217,92.51283196263283,95.23136983508365,89.78619051774217,v3-2026-07-30-trip-suppression-fix
4,El Farol,tou,12,0.035671180876088705,0.0368438448809991,0.019112892887668077,0.9969649106761865,2.699980107402463,2.9715710106298814,2.7783910989762775,54.506317702329724,90.54871435047563,91.68917141607321,86.28349045846092,v3-2026-07-30-trip-suppression-fix
4,El Farol,tou,13,0.02872801191042149,0.04029217812815271,0.02041148436024241,0.7911712591061018,2.130796105359401,2.337204507533543,2.172543473753714,36.45993741759735,86.1076194047543,87.4158429635239,82.84343783465818,v3-2026-07-30-trip-suppression-fix
4,El Farol,tou,14,0.04793371013750459,0.047166318798947796,0.019886790898678623,0.8086586047077123,2.0963986436964084,2.216299241310828,2.0289759460968257,43.29126820085334,86.80968915876304,89.03362167580984,79.92247461070974,v3-2026-07-30-trip-suppression-fix
4,El Farol,tou,15,0.026967039840208897,0.04033995692875324,0.023830161281707892,0.8271672899941951,2.0595002286588917,2.2634649532394326,2.0067268670996197,37.61620367941623,87.8306067968595,87.23251198980591,79.91197599923758,v3-2026-07-30-trip-suppression-fix
4,El Farol,tou,16,0.057824315860662355,0.0788092249188056,0.037535978412744676,1.025772833092117,2.4395673342788053,2.709993213900392,2.6152179640124937,61.17693699170838,88.14969073994983,90.32635856457324,87.37897964323288,v3-2026-07-30-trip-suppression-fix
4,El Farol,tou,17,0.06040222254212156,0.08152737626860974,0.04359785024850406,1.2233631530040494,3.1179932750973673,3.433972994367556,3.215141905493274,74.61855519046951,90.25776804650346,92.61336207870633,88.5222429678518,v3-2026-07-30-trip-suppression-fix
4,El Farol,tou,18,0.07379667289948881,0.07002434291992815,0.038384511705961244,1.3060416590583757,3.4000127147610475,3.65675797006926,3.7378578756230407,77.40363251052428,91.12774989726564,94.95744948388506,89.02925573426774,v3-2026-07-30-trip-suppression-fix
4,El Farol,tou,19,0.03898061483629994,0.05235322046243586,0.027600773827353233,1.1252670944940955,2.878774250041094,3.063469249010554,3.006767921797712,69.40671761835445,90.65579128230488,93.70109025170426,86.93092546959238,v3-2026-07-30-trip-suppression-fix
4,El Farol,tou,20,0.022022795817083583,0.024062180204501037,0.015147847715408202,0.8494908418190201,1.940915150429573,2.1519057333906058,2.1867942297695198,43.83894566187865,86.20027727579024,88.8815200921608,83.45749680248144,v3-2026-07-30-trip-suppression-fix
4,El Farol,tou,21,0.010928707540198555,0.018794931801573593,0.010976318012616304,0.6167903326000719,1.3736606574900139,1.5717832480001275,1.6658808907750633,13.832009543730782,75.01626257236109,83.98813127914723,77.85186025004539,v3-2026-07-30-trip-suppression-fix
4,El Farol,tou,22,0.006767461371615917,0.008970843541099748,0.006863880065026264,0.42565788740527616,0.8800304956691084,1.0845992339059458,1.0780806804705025,0.877317227154882,44.05616344660579,61.519963342627925,61.463619436759245,v3-2026-07-30-trip-suppression-fix
4,El Farol,tou,23,0.006772411531849521,0.008415477257297618,0.005121725557258748,0.2635264462463594,0.6190649962489531,0.7253548042578127,0.7286439423923231,0.2634036719300033,19.632872729932338,30.0891353905403,30.301624232755525,v3-2026-07-30-trip-suppression-fix
5,El Farol,tou,0,0.008550410338167084,0.00513468244979359,0.0055417973919425125,0.2397463325966596,0.41620108951606627,0.6770722552431043,0.4443887630424309,0,6.268386990564469,33.74047014041018,9.29262389864249,v3-2026-07-30-trip-suppression-fix
5,El Farol,tou,1,0.006015456601247388,0.009374007070693632,0.005750599182147343,0.2195557581356645,0.4194205227905765,0.5177658173432331,0.553886431672531,0.10215065723230249,6.386002408850897,12.222988228612403,12.34464145633171,v3-2026-07-30-trip-suppression-fix
5,El Farol,tou,2,0.0077071744270277315,0.007584091007118268,0.005492478466181528,0.2193764751072675,0.452455188155166,0.5370652021944343,0.5246259247250018,0.06442343655711849,5.91431930470865,19.017178043160502,10.418640120799138,v3-2026-07-30-trip-suppression-fix
5,El Farol,tou,3,0.007900625048795469,0.013404367068141132,0.006303266286111757,0.2270159600891795,0.514047133448142,0.511971806557903,0.5846296014916106,0.39210304432711524,11.598372667552619,18.415523928635082,13.460698427625305,v3-2026-07-30-trip-suppression-fix
5,El Farol,tou,4,0.006688073428872785,0.01058807010618664,0.006788964006114416,0.21832144581459767,0.5732661878306947,0.5244011817110333,0.6556214479209187,0.4094440037033656,16.816132480631012,14.870148254947061,15.011700451589904,v3-2026-07-30-trip-suppression-fix
5,El Farol,tou,5,0.005220852640926971,0.007736820947100617,0.005247791838795603,0.07383207244877564,0.17612373351688673,0.20425181228405695,0.19838989558470901,0,3.1828078323779456,0.47484263449120095,5.652379785494968,v3-2026-07-30-trip-suppression-fix
5,El Farol,tou,6,0.015517096664414835,0.03977045261686729,0.016452818789423257,0.3496378117261762,0.6642637668700552,0.8033655766682871,0.9451939799712767,0.6707756406694976,24.538411177279052,35.169697731536054,32.98715294889833,v3-2026-07-30-trip-suppression-fix
5,El Farol,tou,7,0.054754201631319624,0.10843838076937831,0.044425835784878874,0.9147740938869955,1.6706089340083796,2.2391623492857686,2.0767444806363047,46.12222069156432,81.84552786157387,79.33070225386551,72.7382025632356,v3-2026-07-30-trip-suppression-fix
5,El Farol,tou,8,0.10481449470740947,0.22264166361591145,0.10440446216999011,1.5317346975156512,3.3034266271810124,4.060931608334962,3.705872641723222,85.05781687307481,90.74389054197421,93.90091513285553,87.33240247462709,v3-2026-07-30-trip-suppression-fix
5,El Farol,tou,9,0.11059119327620152,0.34692394486788447,0.1343073106582234,1.796885831336377,4.293218161369191,5.420246451640971,4.859421678810552,90.75308391278212,94.56467619571977,96.05043230599627,92.29832905728315,v3-2026-07-30-trip-suppression-fix
5,El Farol,tou,10,0.08451239522856985,0.2755112947541378,0.11363843329684307,1.5984416858333363,4.602238641263917,5.536395302289704,5.186340107065926,84.82360560851548,94.8456523267464,96.35330225429531,92.80258481358956,v3-2026-07-30-trip-suppression-fix
5,El Farol,tou,11,0.0865104169183784,0.2115576410153058,0.06761567069206414,1.301168042205206,4.015891601470198,5.286355719573886,4.639815544885615,73.70380502872783,94.40610471346638,96.40088332860206,90.80220532377012,v3-2026-07-30-trip-suppression-fix
5,El Farol,tou,12,0.08164069303104178,0.09255095740689374,0.04139976010989057,1.1480367527724458,3.798004488289727,4.143195690964564,4.014155538536519,66.77685374699166,94.17318584526893,95.84233623647128,88.42344549442026,v3-2026-07-30-trip-suppression-fix
5,El Farol,tou,13,0.049791622974312416,0.04987923411207293,0.025685429051134172,1.0392388724567996,2.948648380109873,3.412812375547385,3.2096770462990762,62.42091254880884,93.4599810627926,96.04540174452164,86.35469421655982,v3-2026-07-30-trip-suppression-fix
5,El Farol,tou,14,0.03329828154093507,0.04686639787541183,0.02287964067115045,0.8765600988347492,2.340592838408679,2.6730515965516206,2.4749163452524603,48.90720795924392,88.42013548370954,91.61912607871378,84.25419419355536,v3-2026-07-30-trip-suppression-fix
5,El Farol,tou,15,0.04640392204740894,0.05416016385770166,0.030828632502009706,0.8853792461559632,2.2675359161757283,2.583123771557547,2.261067351634438,51.70185332253666,86.45405674797938,90.6993626598717,82.7962176470282,v3-2026-07-30-trip-suppression-fix
5,El Farol,tou,16,0.054948060770225536,0.08236335446609172,0.042484126843991735,0.9931299654531479,2.6054670627843857,3.001366354702185,2.551167824341588,60.252011310082025,88.63295330093744,94.8620122503144,85.5035069698891,v3-2026-07-30-trip-suppression-fix
5,El Farol,tou,17,0.0685539174084789,0.09003562850104965,0.049188847817718616,1.2420852438671768,3.239077419565808,3.6174124787914,3.247491370416273,75.12951578800451,91.20642573092358,96.32600069279518,88.24953145875624,v3-2026-07-30-trip-suppression-fix
5,El Farol,tou,18,0.0663372762505229,0.06973471255617894,0.042281218166211706,1.335671507188471,3.338202680556156,3.9974582369114886,3.3557890211738814,74.77923815761275,93.20486585618507,97.15105813680815,87.55561829670845,v3-2026-07-30-trip-suppression-fix
5,El Farol,tou,19,0.038320999282150915,0.04328628162886367,0.02802393131433949,1.1658648010873853,2.776818471944566,3.4569166325577747,3.0148820178531133,66.86036703330522,90.84713670589625,96.62238200498396,87.23856210991096,v3-2026-07-30-trip-suppression-fix
5,El Farol,tou,20,0.03133040048769809,0.022374928900637848,0.017520912853427714,0.8794421024267006,2.0214624067239906,2.5200494959019846,2.158777888221686,48.44981175820003,86.3672168414811,93.91374914128858,82.9240811252888,v3-2026-07-30-trip-suppression-fix
5,El Farol,tou,21,0.013132756389566763,0.016805198809173222,0.010063501383082776,0.6122600661940522,1.3310139818111715,1.593869658405177,1.4737845123863755,14.795828616396047,74.36929213227035,81.94455253453039,72.61399510453549,v3-2026-07-30-trip-suppression-fix
5,El Farol,tou,22,0.005255924505230768,0.011429381067010238,0.006030644051374921,0.3797995366203712,0.8730175799814477,1.0032873505246993,0.9569739429740993,0.7266611204483472,46.18990396401728,54.227031609762456,58.02630819800926,v3-2026-07-30-trip-suppression-fix
5,El Farol,tou,23,0.003660164033526049,0.011128181825935975,0.0064592623216307805,0.2513705636101229,0.4970069739799169,0.7468279446429872,0.5602363476266635,0,12.934720320350795,35.631908598939035,16.571980070658743,v3-2026-07-30-trip-suppression-fix
6,El Farol,tou,0,0.005493719255508206,0.011655968970216776,0.004489691954733238,0.20148103053050803,0.6296884737119094,0.6285673650597721,0.496692847087506,0.5983826541779553,21.952279873221848,25.429240941603137,9.75388596149396,v3-2026-07-30-trip-suppression-fix
6,El Farol,tou,1,0.008135552791314019,0.013827757872864629,0.0063306807698239745,0.19403038136349976,0.667570841882918,0.6763129001140051,0.4225101074366931,0.4551407710871472,24.428710471521672,30.74164943346915,8.457676448339349,v3-2026-07-30-trip-suppression-fix
6,El Farol,tou,2,0.014245510934687285,0.011898987942456349,0.005800081532356,0.1710734234162636,0.5873390685306255,0.5714252539898358,0.4342854993414415,0,20.75800301445363,19.18659809243727,7.6140475452183,v3-2026-07-30-trip-suppression-fix
6,El Farol,tou,3,0.015917566599537723,0.00971664148741325,0.005773950798051843,0.17941786965048323,0.5937612394975764,0.5480472212959974,0.4787049735603687,0.18852872973760598,20.670197910474272,19.033417206117175,11.534010776930891,v3-2026-07-30-trip-suppression-fix
6,El Farol,tou,4,0.007904506419636241,0.007015204739500085,0.004703181536527463,0.19363355004055005,0.5480281182599164,0.4823024028792376,0.49713920831073477,0.35816785016359337,17.278882728395004,12.00958283833207,10.122158076565526,v3-2026-07-30-trip-suppression-fix
6,El Farol,tou,5,0.007509455721936707,0.0074490610715284775,0.0027160479737709207,0.08324804100200515,0.247989974154479,0.1947746912772908,0.2239580045017711,0,6.657247361063943,3.0410500439797867,4.189500106209784,v3-2026-07-30-trip-suppression-fix
6,El Farol,tou,6,0.017126180208004927,0.03551339207072136,0.013694957705608078,0.35804522700248087,0.8235611795477572,0.7736023142546881,0.7669368104053305,1.6616645977150761,39.32940840478294,33.436787946062765,27.19160062423407,v3-2026-07-30-trip-suppression-fix
6,El Farol,tou,7,0.07475544333892914,0.14064447436782299,0.04563677576761219,1.0072741306188724,2.076584540072101,2.195059374290558,2.0022811357940995,50.73557042569163,80.11100396219838,77.66582884984457,73.92207404286664,v3-2026-07-30-trip-suppression-fix
6,El Farol,tou,8,0.12458195879980513,0.2199691974071977,0.11111754711918816,1.7659945552389793,4.002793329352082,4.225771325606919,3.846999228565628,87.15939015699578,92.38612326430797,94.97393524876766,88.84752073737077,v3-2026-07-30-trip-suppression-fix
6,El Farol,tou,9,0.13871212402939112,0.29141277812205363,0.15095339723670562,2.316043979469683,5.2894443641402695,5.606158433538851,5.631020030628973,92.4228289972958,95.77231157875535,96.86167045576423,91.14578879081382,v3-2026-07-30-trip-suppression-fix
6,El Farol,tou,10,0.15831482418757922,0.28251051040083947,0.10622752781243032,2.1688551324035696,5.683294138367298,5.675135659841198,5.956434689299184,86.95989475098762,96.29311525899696,97.17432925490301,92.23812223420973,v3-2026-07-30-trip-suppression-fix
6,El Farol,tou,11,0.12197472614378979,0.23200284711540425,0.04589564989023424,1.8760729790366701,5.2935666185982475,5.482856742224285,5.475933511316182,77.99998613865309,96.95359016118991,97.07424702048232,91.69223138259743,v3-2026-07-30-trip-suppression-fix
6,El Farol,tou,12,0.06103628542307154,0.07510560847778294,0.02671638401639329,1.4632468093832665,4.278366998172041,4.401567471323773,4.264648946351912,70.381963329073,94.91011058803518,95.54111666824305,88.23956314842418,v3-2026-07-30-trip-suppression-fix
6,El Farol,tou,13,0.03870960490705315,0.054533256365587895,0.02242143799036616,1.0133945145853338,2.99261046769512,3.0064698906770624,2.7283455950417372,51.3207628656555,91.44432068236574,93.09297945909157,81.31800071417241,v3-2026-07-30-trip-suppression-fix
6,El Farol,tou,14,0.0418573767324122,0.05939034963804242,0.024937643421530264,0.8581436228026481,2.655106261208936,2.677023875611677,2.1518437434346187,45.210681415724856,86.10840451897738,92.0209929933529,78.25079778951554,v3-2026-07-30-trip-suppression-fix
6,El Farol,tou,15,0.04919395428449674,0.058009596837808104,0.027916450760307264,0.9548810803942412,2.545219708798965,2.5874293718287245,2.157661702363174,48.27355277517418,86.21334189912594,90.55205809634545,77.5295231549551,v3-2026-07-30-trip-suppression-fix
6,El Farol,tou,16,0.06321564868265782,0.08292409898383897,0.03866490363652052,1.174357642525692,2.981563917291844,3.244019394684267,2.805945537615102,59.832695422544326,90.20349344685833,93.2946665762769,83.2441712063286,v3-2026-07-30-trip-suppression-fix
6,El Farol,tou,17,0.08807522148201836,0.09375419129694333,0.047658061157360355,1.481504850414209,3.619607142981894,4.131451432721997,3.2460095682757086,68.73070872524283,93.50517519955618,96.01111007770321,86.42561387515606,v3-2026-07-30-trip-suppression-fix
6,El Farol,tou,18,0.07645445132199029,0.0911505796396962,0.047604885617107635,1.5658215186980216,4.019707881623697,4.501746909849148,3.7973933363371657,78.25352826326953,94.25561536217965,96.68101471165298,87.68875887628941,v3-2026-07-30-trip-suppression-fix
6,El Farol,tou,19,0.04877957477586456,0.05700779701741606,0.0312741557881234,1.434916526083697,3.4877674166528534,4.205499991533004,3.485646985739794,69.98379950395496,94.00679926862205,95.97224879830186,87.74473626407557,v3-2026-07-30-trip-suppression-fix
6,El Farol,tou,20,0.023714060524069772,0.034984143710630654,0.017677356270100603,1.1344560362074212,2.6232514258288893,3.2516880648182847,2.538299611738675,58.86704497571853,87.63505945261142,93.33057157702488,83.27644671646202,v3-2026-07-30-trip-suppression-fix
6,El Farol,tou,21,0.01413330034105066,0.020567875266910802,0.010497275783605351,0.7434851596759302,1.7199197870198513,2.241971596586347,1.5849545470229474,36.48334317673453,72.94588846680725,84.28623411839641,72.325016910532,v3-2026-07-30-trip-suppression-fix
6,El Farol,tou,22,0.011259852765310769,0.012351095949643637,0.006561248749717971,0.4669513173616655,1.095391624686672,1.4014847061924767,1.0350136695929,3.305680635438973,60.308782731029474,68.0936335526535,64.27432193594535,v3-2026-07-30-trip-suppression-fix
6,El Farol,tou,23,0.006864702817763306,0.012010032073773335,0.005858607535876578,0.3059031886589408,0.743178064670474,0.8921671435240087,0.7383271095830192,0.9363735046161142,36.30111614822708,46.573749473999136,37.56533028208462,v3-2026-07-30-trip-suppression-fix
7,El Farol,tou,0,0.004931267574769594,0.0067660506658176,0.004098922508472807,0.21878306428625777,0.5094588384446862,0.5230807269306927,0.5846737063224712,0.3990818196574745,14.210733930121666,18.5866632016232,16.72791301898502,v3-2026-07-30-trip-suppression-fix
7,El Farol,tou,1,0.004594819756445482,0.006725289188714081,0.004617766647344571,0.1832727913822508,0.4505482747316408,0.4154945126730391,0.5407514237874494,0,10.996016817726735,6.2515616826739855,13.431467135035751,v3-2026-07-30-trip-suppression-fix
7,El Farol,tou,2,0.010225639880228073,0.010605478029414162,0.006046039169000144,0.18656867758778717,0.48445058154001736,0.47003624749787776,0.5895655468219431,0.013171708457555251,11.643143911328432,16.347863116758916,18.88663039896304,v3-2026-07-30-trip-suppression-fix
7,El Farol,tou,3,0.004484141082348111,0.005593058161485963,0.004273919435676829,0.18892550034677902,0.45714991752553885,0.47873161120314145,0.565568299050341,0,6.664110401996665,17.887348345096928,13.967515203532827,v3-2026-07-30-trip-suppression-fix
7,El Farol,tou,4,0.004833327879185273,0.008811793386158033,0.005438662338995939,0.19182943008647058,0.4702453990187196,0.5037625968452516,0.5121396243336295,0,9.320929905440261,19.4214521457736,11.867859199031605,v3-2026-07-30-trip-suppression-fix
7,El Farol,tou,5,0.003974765126320669,0.01370779865997562,0.005364028024329313,0.08714619884875612,0.23625646149414933,0.22660815520639535,0.2563662861637228,0,2.625275426139959,1.4070984626020722,7.395316224524384,v3-2026-07-30-trip-suppression-fix
7,El Farol,tou,6,0.024084361257189543,0.05577418500377272,0.01738984237051763,0.3598764796658421,0.8752585665325308,0.9674470467921422,0.8717067864485879,0.6464915607939058,39.337751727148934,38.71998271133753,24.043441527502306,v3-2026-07-30-trip-suppression-fix
7,El Farol,tou,7,0.05559456130899629,0.1004731079274483,0.04763341967615328,0.7646685442015032,2.4378788706707297,2.4495087299258174,1.8295627553262022,26.210014519529228,83.00861290588242,86.87851391406157,70.76666154429013,v3-2026-07-30-trip-suppression-fix
7,El Farol,tou,8,0.11585012783361051,0.26379763250134775,0.08788465537238419,1.489339491995761,3.930715802517329,4.304549038808692,3.4448794029257965,82.11519936613826,90.91020521366703,95.96583708266286,88.88888585625286,v3-2026-07-30-trip-suppression-fix
7,El Farol,tou,9,0.12112649773061655,0.39244293718461104,0.10351553155968031,1.910658777199958,4.8569023911995775,5.463979047691435,4.7797529112292265,89.54843187991187,95.21326062234597,97.13166265900894,91.51277442548964,v3-2026-07-30-trip-suppression-fix
7,El Farol,tou,10,0.09585764930422916,0.33970878550395817,0.06789524462036844,1.8084719064517087,5.078063514617963,5.505003105407773,4.730110951007815,82.95515040166148,97.02947179435236,97.95439309454672,91.25806803089887,v3-2026-07-30-trip-suppression-fix
7,El Farol,tou,11,0.06511483979742322,0.19680136281867303,0.035497774254083854,1.419693179324496,4.322481962395275,4.752864937947595,3.87209816324373,63.646764485462455,95.15361790437673,97.7336163791139,89.71126050942577,v3-2026-07-30-trip-suppression-fix
7,El Farol,tou,12,0.05122929375782684,0.061146173376672656,0.02354873649292725,1.0795917561087474,3.590948537262357,3.891595043541417,2.963985192123325,53.31834737978027,93.24680545045155,95.36960664932974,85.11092581675716,v3-2026-07-30-trip-suppression-fix
7,El Farol,tou,13,0.03159984000160336,0.03984320507631932,0.01950115287779892,0.8566112229269868,2.766096218553499,2.9871324329871984,2.2375529080808847,45.98138814849825,91.21090368427811,92.53315954225054,80.37658303574763,v3-2026-07-30-trip-suppression-fix
7,El Farol,tou,14,0.03709583147854917,0.03592091421477372,0.02019454733795392,0.7442503588378799,2.2324097591304906,2.442889653593418,1.891294948925452,35.48199726929341,86.33072998182007,91.04931522914741,76.91448023982045,v3-2026-07-30-trip-suppression-fix
7,El Farol,tou,15,0.03003782432082513,0.04074221893845792,0.023020592558240575,0.8243594822899443,2.125149024489973,2.311545547347475,2.0294181943965,44.10793479134267,85.89073225274076,91.97837773371197,79.14720498714725,v3-2026-07-30-trip-suppression-fix
7,El Farol,tou,16,0.052468076560376394,0.0661558900548513,0.03464888510776583,0.9863151250829723,2.504577699324116,2.5711068583113423,2.448909638409059,52.63751741396859,89.16333010112591,94.15235144043508,83.35231351110778,v3-2026-07-30-trip-suppression-fix
7,El Farol,tou,17,0.08019575229178184,0.08940638166157656,0.04912335536519134,1.2479973567628202,3.1812651323363004,3.5372179763645546,3.0388075249934543,64.89697913872227,92.51721169133613,96.12280672766573,87.71888863388618,v3-2026-07-30-trip-suppression-fix
7,El Farol,tou,18,0.06496605678380933,0.07525063258625632,0.041546349875754625,1.3878424404141565,3.6317863569416455,4.083964323925988,3.4841438471053485,72.61096281189697,95.06526798091673,96.63852997369585,90.41713405303074,v3-2026-07-30-trip-suppression-fix
7,El Farol,tou,19,0.03221537074900283,0.049698943970204426,0.029413160853818832,1.1983636269817273,3.172052366136069,3.4823817623753386,3.077923664334675,65.87042437893787,93.56704354883152,96.61734972476756,87.81309496122763,v3-2026-07-30-trip-suppression-fix
7,El Farol,tou,20,0.035932708340874614,0.03053768564678138,0.015870863794852124,0.908575311552569,2.4352663365740574,2.5705907547295164,2.3432747833813647,51.693893313608804,87.56200333217348,91.07591898193296,81.6022446006422,v3-2026-07-30-trip-suppression-fix
7,El Farol,tou,21,0.012186292161243301,0.022041128210641345,0.010778912058473053,0.6522751495385112,1.8232211605238653,1.773136087845424,1.7752315584030411,16.39342657917466,82.07349305054987,81.54374310299926,75.99863136879343,v3-2026-07-30-trip-suppression-fix
7,El Farol,tou,22,0.011083304449208083,0.01024440861128636,0.006159505015851633,0.4203091367569564,1.1645285525932814,1.1686413806101388,1.062288511531493,3.4792948881970194,69.92844261835845,61.99263185677432,60.06875498664261,v3-2026-07-30-trip-suppression-fix
7,El Farol,tou,23,0.0048057790770849535,0.00862486008082771,0.004672784818417385,0.26741323001931816,0.6859510863051106,0.6934358297505181,0.7287239154042969,0.9901427328342387,27.643034270044858,31.34685197562343,32.92746922165199,v3-2026-07-30-trip-suppression-fix
8,El Farol,tou,0,0.00433987153752368,0.010192737832726884,0.005666534762374305,0.2042582281516339,0.4806153122039233,0.5689820029122652,0.5348571383607044,0.09091454079479841,11.381057785848574,19.47119431181879,9.752052974587293,v3-2026-07-30-trip-suppression-fix
8,El Farol,tou,1,0.01065228101124764,0.010134302852533306,0.005390741474021954,0.19299117956956288,0.47624970231530134,0.5541367667084707,0.534460921237401,0,12.559891342095181,18.17461074981211,11.605321477862313,v3-2026-07-30-trip-suppression-fix
8,El Farol,tou,2,0.006417857190367018,0.00856125001108035,0.006084537330290205,0.19052081757216371,0.43106653335396466,0.5273566858762239,0.5269912140817927,0,7.238599026526134,11.216379564816547,12.070997044935007,v3-2026-07-30-trip-suppression-fix
8,El Farol,tou,3,0.006704472557802035,0.006304461891857348,0.003916182789821388,0.1624479972419516,0.39585012913197376,0.49640665067956147,0.42570044886119096,0,5.93273344987289,11.537123914991643,10.157781044948074,v3-2026-07-30-trip-suppression-fix
8,El Farol,tou,4,0.011306654339254932,0.011337266086054095,0.005903232056388402,0.17866115621194198,0.4948892359257627,0.5057305516710122,0.4855629717471484,0,8.263880003032144,13.401302777557934,11.104861433990934,v3-2026-07-30-trip-suppression-fix
8,El Farol,tou,5,0.002482248778603632,0.006476240371601288,0.0035381561594900078,0.09223566357659573,0.16285387492459202,0.22125881113659693,0.21807222156302936,0,2.5050247567640427,1.639019797405344,4.5147646033860935,v3-2026-07-30-trip-suppression-fix
8,El Farol,tou,6,0.022209213073609502,0.03275212980276477,0.015580915011325169,0.3426294531289011,0.7526613323274658,0.8692274272262299,1.0451965346397274,1.494999031802453,30.750757104047334,44.42935361138277,48.7015941432735,v3-2026-07-30-trip-suppression-fix
8,El Farol,tou,7,0.0720944022368672,0.12856271430740673,0.03890116245108711,0.8480185297929688,2.2013159483077755,2.317671933967702,2.1926930175413792,35.24445766184163,80.41883917045665,84.43875505934794,79.45636210150883,v3-2026-07-30-trip-suppression-fix
8,El Farol,tou,8,0.1190727090770794,0.3147801546538807,0.08395078518647164,1.5970090037420055,4.101694783683116,4.7459494774772555,3.823669038450464,87.84006243407507,94.41597055448445,94.98109630109045,87.22496404640472,v3-2026-07-30-trip-suppression-fix
8,El Farol,tou,9,0.14168731755563524,0.42935908087703867,0.1111875206971073,2.038117901468947,5.01284150579493,5.879165711740815,4.699646173909988,91.20393857167497,95.52238409419084,98.11024211490842,90.27840872615273,v3-2026-07-30-trip-suppression-fix
8,El Farol,tou,10,0.130838736788911,0.434607715130025,0.08790498772405292,1.6878122852859483,4.87182706888683,5.526666913617381,4.566690661519169,84.65130034751736,96.12994358822696,98.19933142422275,93.90994874782115,v3-2026-07-30-trip-suppression-fix
8,El Farol,tou,11,0.107844901264616,0.3534076996350672,0.04498428961637916,1.3537791969485427,4.614812385694215,4.76492665667877,4.212494213074685,78.43422905421336,95.84995397618567,97.6060575129488,93.93561952063898,v3-2026-07-30-trip-suppression-fix
8,El Farol,tou,12,0.05624846843973491,0.18538490042303737,0.028011117743108552,1.075980699865574,4.025676593871026,4.099113976116533,3.173599125578711,55.82571874732993,94.65164145814647,96.69485381450113,92.91201586081418,v3-2026-07-30-trip-suppression-fix
8,El Farol,tou,13,0.06236810459686853,0.07436942332675582,0.030334109078885584,0.8867358816290599,3.1519799268141195,3.376112119888251,2.4982208237285577,44.30146393579821,93.10609861030451,94.34787746339319,84.72617873686796,v3-2026-07-30-trip-suppression-fix
8,El Farol,tou,14,0.04971308588926287,0.05191948210964067,0.024704181104408696,0.8716158469234868,2.8185103002930068,2.9044297398349217,2.26887970954959,38.42033404724959,92.59426639963263,93.9781198129685,82.80923625467263,v3-2026-07-30-trip-suppression-fix
8,El Farol,tou,15,0.0444007169197085,0.04902623343377184,0.03026268426371542,0.8835178438146893,2.6367621382037267,2.671445234125523,2.3187860911106957,37.876884163913786,93.2081252781482,93.42777408648202,81.28925945548411,v3-2026-07-30-trip-suppression-fix
8,El Farol,tou,16,0.06300545246530892,0.06331549694429969,0.03663403702989905,0.9615888836933149,2.672304327765425,2.869785664566327,2.514740049876071,49.91629182205,92.94771175840152,93.8364401946919,87.25351202454108,v3-2026-07-30-trip-suppression-fix
8,El Farol,tou,17,0.07480671145568264,0.0974247606887252,0.04846963559953217,1.160021030835954,3.2503941940144476,3.5346582998334064,3.082526729805271,68.80023423661143,92.53698967322302,96.17068337977875,88.28062602320779,v3-2026-07-30-trip-suppression-fix
8,El Farol,tou,18,0.06184846862669506,0.06945064272559968,0.043181042099085465,1.2553229038315334,3.796944038084924,4.056268336588627,3.4582818602785625,71.98772945220664,93.51056703890316,96.72205079252187,91.57507137918235,v3-2026-07-30-trip-suppression-fix
8,El Farol,tou,19,0.02967261898324481,0.042272184595637884,0.02361927683492713,1.1083787356230665,3.0414384163296138,3.321102162974529,2.9108913465320634,66.58519220465286,92.68425777371611,95.66138043309105,90.12915158487088,v3-2026-07-30-trip-suppression-fix
8,El Farol,tou,20,0.035996845766751,0.03365568062735107,0.01632214938841152,0.8209802957402418,2.108777006863164,2.333901724424695,2.1137693029578832,33.67725646443026,88.83548072465878,92.03017040914422,80.79507010384651,v3-2026-07-30-trip-suppression-fix
8,El Farol,tou,21,0.01526041626433093,0.01586975483554533,0.011949780104057502,0.5968472502703858,1.4786829061907096,1.6338853290830384,1.4995372284382262,13.884916664977931,81.73897229876162,82.36236103597676,72.7335960977635,v3-2026-07-30-trip-suppression-fix
8,El Farol,tou,22,0.011564119415632103,0.011771884190524466,0.006898139731679631,0.401316910683534,1.022712410316809,1.170325384867416,0.97936983551733,1.1996622098356096,57.419857407868804,63.23342790684486,62.83794713668494,v3-2026-07-30-trip-suppression-fix
8,El Farol,tou,23,0.0047731087394959505,0.007311218266940518,0.0048361424731576345,0.27470424995804954,0.7046818845737092,0.7460928997714473,0.6564355100883125,0.35610368168947826,31.62958237004108,34.8938180102748,19.9515754505104,v3-2026-07-30-trip-suppression-fix
9,El Farol,tou,0,0.0051595972448418796,0.01016372243179371,0.005764755130595295,0.2695583473382538,0.6767554190808996,0.7592914917529947,0.6171698065182306,2.077059398585317,25.125526271494724,32.13775081808604,15.577800598411073,v3-2026-07-30-trip-suppression-fix
9,El Farol,tou,1,0.008277850893791662,0.009220342116072644,0.006236664641322036,0.2314480125447991,0.635531923035305,0.6139776404561293,0.6205572448709521,2.4889686786631904,25.6058129679801,25.749139640304097,17.222234088290335,v3-2026-07-30-trip-suppression-fix
9,El Farol,tou,2,0.01095849675256878,0.007404324588394089,0.004433374690606678,0.19528171883615705,0.587552925247695,0.6114072779786839,0.5055874705536696,0.4553569485949428,26.114086031504012,28.173909068941473,12.103528163801752,v3-2026-07-30-trip-suppression-fix
9,El Farol,tou,3,0.0037220639654765254,0.0047297261168053285,0.0039908493501158515,0.16452635242958102,0.4575466500997924,0.4986843579079617,0.435609793875691,0.04659705322419404,10.452452338644267,13.060432576980899,9.517358732295468,v3-2026-07-30-trip-suppression-fix
9,El Farol,tou,4,0.004075476304511721,0.005921766122130299,0.004405122547429052,0.16305374425298483,0.36718605394838544,0.40860577632415895,0.43792526844596646,0.4654688512494074,4.358974417302226,5.442876112712567,10.611058520007354,v3-2026-07-30-trip-suppression-fix
9,El Farol,tou,5,0.01080619400093599,0.011234445645018605,0.004488105632017753,0.09024247944496863,0.18204970597922154,0.17815447563706055,0.19848642575429143,0,1.005270124576015,2.103194089009742,2.2532864768732472,v3-2026-07-30-trip-suppression-fix
9,El Farol,tou,6,0.02495988394571408,0.036914731628405625,0.015863283078675648,0.3267870782391147,0.8151479135204526,0.9264714903472755,0.825600535902995,1.2310195418554597,38.58263265425595,41.070980777637445,33.77901563489156,v3-2026-07-30-trip-suppression-fix
9,El Farol,tou,7,0.08498964590578549,0.10314881284596651,0.03740810496394608,0.8872778281519849,2.162011591024026,2.272137983517898,1.9277517353053728,41.85394647918085,86.7336627903323,87.21805792466249,75.53917644696276,v3-2026-07-30-trip-suppression-fix
9,El Farol,tou,8,0.12784791258362924,0.19079706754169523,0.07188865871434358,1.561521287476231,3.7764920315961277,3.9487596934588978,3.4062223146483674,79.19648173821071,93.62801457507913,94.25274260759191,90.79856808538779,v3-2026-07-30-trip-suppression-fix
9,El Farol,tou,9,0.15553729748327252,0.2926412265697905,0.0856488776725383,1.9828928183312735,5.064253413375269,5.190093301881898,4.8712225097187885,83.13812808643992,96.41459279132006,96.23197279976246,95.30843096971475,v3-2026-07-30-trip-suppression-fix
9,El Farol,tou,10,0.12062877629162218,0.21365617229412084,0.037126447033330574,1.7629830514239302,5.110347599346696,5.1176915206408955,4.464190479470633,80.6587196489844,97.13344417881761,97.04091933721098,93.9128004295073,v3-2026-07-30-trip-suppression-fix
9,El Farol,tou,11,0.0691362123857478,0.06462714417334653,0.025442490463492246,1.2953854403553386,4.005731792778878,3.9838820726765243,3.3466205976457672,73.21713845277212,96.2309329669666,94.87251167818374,90.24662264988318,v3-2026-07-30-trip-suppression-fix
9,El Farol,tou,12,0.03836541798570423,0.043653646936083944,0.018715086658806043,1.0134649994197176,2.898192159789604,2.9213572810658417,2.4985440234304632,58.58725029948255,92.82794788833745,93.37962582053741,83.79063008374119,v3-2026-07-30-trip-suppression-fix
9,El Farol,tou,13,0.036151313747304306,0.042512486044671505,0.019212229044010546,0.8497876499352721,2.261244760290307,2.3171854551461264,2.1249634671743998,39.20896159531881,91.98070292345422,90.78923656114124,78.41818499528596,v3-2026-07-30-trip-suppression-fix
9,El Farol,tou,14,0.03759717028825021,0.035653662896302396,0.017977138250700943,0.7342738260016337,2.0118716533119763,2.136218070834636,1.8980302477153383,27.293469447498527,90.48519710057705,89.88660537785117,79.16513283776945,v3-2026-07-30-trip-suppression-fix
9,El Farol,tou,15,0.07051602634370006,0.05988003881972677,0.02205345606822214,0.8228773596374606,2.2646778279741073,2.279932533981806,2.0452414757917463,35.673047765519215,90.78872810749532,90.86644800916328,80.94544876485969,v3-2026-07-30-trip-suppression-fix
9,El Farol,tou,16,0.08583707258710709,0.07758321711167154,0.04067083527319819,0.9924474130653541,2.685853768979593,2.662372273444859,2.4378617218211214,56.34277979658032,91.27338491191209,90.8793096668458,88.06877567488824,v3-2026-07-30-trip-suppression-fix
9,El Farol,tou,17,0.121578110272667,0.10221347908305808,0.04261549135649217,1.2982150175431477,3.6206944912696333,3.747082844765023,3.1223770670929025,70.98925219185702,92.6751064405182,94.10180883774537,90.18291209086048,v3-2026-07-30-trip-suppression-fix
9,El Farol,tou,18,0.07314167168712628,0.09884896480486144,0.04404569805875217,1.4195663142794834,3.89737082187675,4.090067920546177,3.4363561747139304,71.83368250164318,94.90757513367993,94.85033296564089,89.9368217447449,v3-2026-07-30-trip-suppression-fix
9,El Farol,tou,19,0.039580999193714106,0.04508692348810535,0.02285770769812573,1.2345970108536872,3.3288214730779644,3.5370924755095583,2.7674173574136356,64.5749405607948,94.58746527412248,95.05460253030117,87.9666352755814,v3-2026-07-30-trip-suppression-fix
9,El Farol,tou,20,0.03290487191929806,0.0312737860092536,0.014300344203968033,0.8391854222546916,2.3167083350739937,2.388981303794279,2.046786786049914,35.44997736717964,90.21537651237556,89.7183944280616,79.4889090876116,v3-2026-07-30-trip-suppression-fix
9,El Farol,tou,21,0.01295663594909234,0.020607959028610116,0.011114719458834655,0.605175691760132,1.5467392305144652,1.6740470146071091,1.4642508622957828,13.90653370610532,82.99568885933022,83.68807716877097,72.27013102209393,v3-2026-07-30-trip-suppression-fix
9,El Farol,tou,22,0.013150045713233582,0.012592938134069193,0.008421998536739191,0.4219401581403362,1.110898875371874,1.2039796146696535,1.0439762464560018,2.399852813219103,60.406936318765304,68.98854744107689,62.564279961899665,v3-2026-07-30-trip-suppression-fix
9,El Farol,tou,23,0.006238071149556462,0.0076000204228502235,0.00449106820235081,0.3157819085611008,0.8454800382513757,0.9519680530240138,0.7288551300270184,1.7145711309840712,46.44615092883245,54.754816733150186,33.61789261429042,v3-2026-07-30-trip-suppression-fix
10,El Farol,tou,0,0.02132401701470898,0.01698262323689543,0.007017668215572808,0.3500782583018163,0.9585981860144366,0.9156592855714786,1.0822099523199988,1.3795440189110295,55.246469730964215,51.97915741471689,36.65531058937708,v3-2026-07-30-trip-suppression-fix
10,El Farol,tou,1,0.009875408895961075,0.00965482611281345,0.006539297101833601,0.2896900948075481,0.7550488436872496,0.7562925017330758,0.8777135640574397,1.2743952922893724,25.31612959080196,37.89888210085245,25.013385076317583,v3-2026-07-30-trip-suppression-fix
10,El Farol,tou,2,0.008956479928246072,0.008478273551315358,0.006601255407543396,0.24807624592898506,0.5833476519523398,0.6158405066559428,0.7098167916343362,0.7194701462006304,11.234233196502824,23.874651516643947,20.5851822398079,v3-2026-07-30-trip-suppression-fix
10,El Farol,tou,3,0.00995521737293565,0.008807037949681877,0.00487704945022669,0.2092800096541967,0.5132051345350007,0.6038983829195398,0.5484001005945026,0,11.004543877275806,22.921416235897915,14.86627943866747,v3-2026-07-30-trip-suppression-fix
10,El Farol,tou,4,0.0031495045777054,0.009025304537765951,0.005131592468302403,0.19294841859985976,0.5010238624461261,0.5695243160383546,0.5645715701469516,0,13.240814558442528,24.23363598098855,16.088973405581896,v3-2026-07-30-trip-suppression-fix
10,El Farol,tou,5,0.004588554872518397,0.007519969423825795,0.003751122744531498,0.09568683516790727,0.18395360818578158,0.18863646649088373,0.27014105392453835,0,2.846549053946694,2.797160082486354,9.87573528271486,v3-2026-07-30-trip-suppression-fix
10,El Farol,tou,6,0.028732958986772843,0.04413523622451187,0.013147344220696364,0.3598139168878543,0.7418906187725465,0.7038219806454291,1.1557865598126442,5.5859363375412245,24.270748205602924,25.694206123176237,36.06326095771607,v3-2026-07-30-trip-suppression-fix
10,El Farol,tou,7,0.06983548621588674,0.15037391589530272,0.03409597518747868,0.9015237224389617,2.1951389554448384,2.2424300185697956,2.392492222148147,41.73758877705984,86.33414924511929,82.30664412297705,70.24364604429589,v3-2026-07-30-trip-suppression-fix
10,El Farol,tou,8,0.10507228134762646,0.38520739921107605,0.09557165859185371,1.6003209342291393,3.485311041611961,4.071879859349805,3.434913589280139,85.85577472156486,95.63712446649609,94.47726895213891,85.34705436348023,v3-2026-07-30-trip-suppression-fix
10,El Farol,tou,9,0.13322125829793588,0.732337885886508,0.09042571349964602,2.0836454458153684,4.361435959477647,5.180252028657394,4.164816400275374,91.92436614171255,97.31490226596927,96.76972841646037,89.47428054010925,v3-2026-07-30-trip-suppression-fix
10,El Farol,tou,10,0.09660323388760465,0.8447559860022174,0.04940535528936534,2.0058720785765147,4.5506222832627,5.266064669368534,4.055193725944179,88.99132178841084,97.16834016793494,96.65214635466178,86.14354155564254,v3-2026-07-30-trip-suppression-fix
10,El Farol,tou,11,0.07992870602342496,0.6698403902768468,0.03504508019505076,1.5722638480370372,3.9602016227772983,4.52110160085435,3.3535976964657337,76.59277502760291,96.7880164884938,95.64540829600672,83.97792308529866,v3-2026-07-30-trip-suppression-fix
10,El Farol,tou,12,0.04708102857356577,0.5276673044821258,0.029011159494335362,1.201533395833865,3.493585557132205,3.950542843866831,2.8683625037854923,65.5030226383392,96.57503609120951,95.20038457843678,77.03699282405418,v3-2026-07-30-trip-suppression-fix
10,El Farol,tou,13,0.0385542770713283,0.4056094186034364,0.02548236911290242,1.0355403929913027,3.2520281570841494,3.5477862376497145,2.6460732867424044,55.20889087456108,95.29322158607596,93.98870588882887,75.5588757509008,v3-2026-07-30-trip-suppression-fix
10,El Farol,tou,14,0.045070872134298355,0.317928041121465,0.0273282796541252,0.9782455993666119,3.297542933301786,3.4404179808187245,2.5448075006671464,45.03882519249656,95.39207414121168,93.71788815372915,77.137778475344,v3-2026-07-30-trip-suppression-fix
10,El Farol,tou,15,0.061333221295045134,0.22801183164779742,0.03268392915156751,1.0139810632265358,3.3905255606467155,3.5754918654778542,2.6973596452504056,48.91796595635706,94.50976276917731,93.11675483205872,78.26170808448029,v3-2026-07-30-trip-suppression-fix
10,El Farol,tou,16,0.06125799730685843,0.2142283484230136,0.042990231947570304,1.2132577012124912,3.6521627893684694,3.811674076925219,3.1472437883069286,69.98734097475328,94.72558884810837,94.20624417966421,83.36844666029333,v3-2026-07-30-trip-suppression-fix
10,El Farol,tou,17,0.11171427235588974,0.2740548637286624,0.05488318848884146,1.476683261579155,3.7585806769758094,4.287616135588505,3.4346441005786073,80.25099448774692,95.75324828638412,95.3223231248509,84.52486580522472,v3-2026-07-30-trip-suppression-fix
10,El Farol,tou,18,0.10971727457902657,0.29110642500484346,0.05091032807485092,1.6633078070093095,4.224237970327268,4.740646809488327,3.760557067651025,82.7999062652138,96.72018404886394,96.03261398766654,86.29357234200765,v3-2026-07-30-trip-suppression-fix
10,El Farol,tou,19,0.10456837545207347,0.2011908910276802,0.033707709071936535,1.4597583273590937,3.778819858427634,4.256959940868991,3.5190879072685046,77.36066659428259,96.05759550576143,94.94839485370473,84.59473163091435,v3-2026-07-30-trip-suppression-fix
10,El Farol,tou,20,0.05483549275722588,0.08265968728915755,0.03043890641429725,1.2134633563463872,3.093776606485676,3.706175581701929,3.0750476061133827,60.51654034182825,95.47300598629123,94.19151477810946,82.14451446940386,v3-2026-07-30-trip-suppression-fix
10,El Farol,tou,21,0.02204969692855869,0.031026683748465532,0.014575260216312204,0.9031914206093836,2.137054378512516,2.598352067178209,2.307029082993356,41.62525221335157,92.02079302063242,91.54008675707512,74.5323439659815,v3-2026-07-30-trip-suppression-fix
10,El Farol,tou,22,0.012601112754957537,0.018510559444613984,0.009318027086684654,0.598252352608981,1.4272622188431534,1.6620629298353047,1.511715812727325,16.22933320118472,74.08891113078379,75.45844895193747,57.14838873331744,v3-2026-07-30-trip-suppression-fix
10,El Farol,tou,23,0.016089365076114543,0.014771179007105895,0.008252673967362274,0.4378686234049462,1.0203424601690991,1.1459799172839118,1.1698108493316317,1.3068695362475076,60.39303284013895,59.158687572959025,41.07543630520019,v3-2026-07-30-trip-suppression-fix
11,El Farol,tou,0,0.006606896218510262,0.0110010533569282,0.0053815298617515385,0.2543969625674528,0.7895398909368635,0.8411896540963053,0.6815418429512429,1.2260329338759182,44.26290127900939,45.328814937672256,26.505817647057082,v3-2026-07-30-trip-suppression-fix
11,El Farol,tou,1,0.018174927095378293,0.01218293541223876,0.008066813408814317,0.23467197337380852,0.7911952081973539,0.7481354228822926,0.7136563631142523,0.6092820477206097,43.735482406866424,43.42517922659674,25.743636205992313,v3-2026-07-30-trip-suppression-fix
11,El Farol,tou,2,0.016856327492825354,0.010811109102921346,0.005414448277199819,0.22794641278215963,0.8863225983743426,0.7240010401031383,0.8311351706683126,1.3861167458138255,42.94778236563776,40.60840363098852,25.76009567782238,v3-2026-07-30-trip-suppression-fix
11,El Farol,tou,3,0.013259838255870172,0.011670490638732645,0.007161674991486307,0.21418936194956104,0.7848398161704483,0.697833723291278,0.7609118909838186,0.7393380631950568,46.19842598665472,41.17541837277327,28.76820464446165,v3-2026-07-30-trip-suppression-fix
11,El Farol,tou,4,0.004816279855187845,0.008145602715754062,0.006849385978370077,0.2127301076392551,0.7933896438514068,0.6964543483652238,0.7264099784460165,1.00213204364383,49.188327540240344,38.24482078907318,29.14949853130899,v3-2026-07-30-trip-suppression-fix
11,El Farol,tou,5,0.0071835440873897856,0.005776029523313775,0.0034820381040325727,0.05639759486422276,0.1592256122380709,0.1587217087832725,0.15546795211616757,0,0.543513986487575,0.014233022880065418,0.707676209823153,v3-2026-07-30-trip-suppression-fix
11,El Farol,tou,6,0.030355015534245803,0.03689341894705844,0.01697163076638749,0.2615579474936972,1.1332297680049024,0.9134041753900952,0.9487000069259334,1.763531064267713,52.57280465154147,41.041847740842954,38.451038757504335,v3-2026-07-30-trip-suppression-fix
11,El Farol,tou,7,0.05782599746334265,0.08850013046789487,0.0331724057343988,0.6496267462873568,2.945912698455442,2.5902229654840205,2.0069851873087057,21.239141012459456,84.689762660129,87.48367494466227,76.59695705568652,v3-2026-07-30-trip-suppression-fix
11,El Farol,tou,8,0.16848862140555507,0.23117641136707556,0.0861154416226868,1.286141291775467,4.425139340199734,4.394659197899767,3.6853694413006943,69.87222086481093,92.29562863617254,95.01960673192427,91.69837322444408,v3-2026-07-30-trip-suppression-fix
11,El Farol,tou,9,0.21817244881232686,0.4147732879280328,0.1159222710606101,1.5223640973081853,4.992518029160485,5.095179956634364,4.8481042155115,83.30920941230661,95.8489811679219,96.26708715470141,94.7621775257841,v3-2026-07-30-trip-suppression-fix
11,El Farol,tou,10,0.23740891738474204,0.3890181246461138,0.10364623670804776,1.3682817805236962,5.01901527800247,5.218401070759194,4.827837304681749,74.5710102790887,96.2387303121512,96.23008840889034,95.22253458955261,v3-2026-07-30-trip-suppression-fix
11,El Farol,tou,11,0.2536643297765778,0.27449617757297634,0.07863908379464765,1.1852772898191914,4.747271977803753,4.755060655857224,4.146442656992874,60.416755659687404,95.94740544138752,96.03534584268492,94.67494325911873,v3-2026-07-30-trip-suppression-fix
11,El Farol,tou,12,0.22609475225110548,0.19976656280702457,0.04394065793635504,1.0636022821691764,4.348794631538306,4.358216546003113,3.711906873598467,51.16853707404564,95.97920764691865,94.98378694901032,94.14840271812994,v3-2026-07-30-trip-suppression-fix
11,El Farol,tou,13,0.21185794045139525,0.11719981910308121,0.03622125776654229,1.0033029289241058,4.092828310871702,4.124724561793685,3.504818480003754,49.402073285637464,95.27156442560052,94.67032421910814,92.11143049218933,v3-2026-07-30-trip-suppression-fix
11,El Farol,tou,14,0.19149817174334574,0.11666479864902887,0.03547545778328826,0.9571945800795597,3.8880240086095954,3.728421073915456,3.5651949932192952,51.999115654544426,95.78029306230127,93.98242495131689,91.05623368402543,v3-2026-07-30-trip-suppression-fix
11,El Farol,tou,15,0.16097110797995878,0.11526929654184374,0.04029306411596354,1.0208937885961633,3.7475531595419187,3.528775602758757,3.8542619079744402,50.37912201151643,95.53765285504915,94.12961126115145,91.19834179526536,v3-2026-07-30-trip-suppression-fix
11,El Farol,tou,16,0.16353757624658302,0.12454161395469553,0.04670527190877188,1.1126418787271999,3.979665763088942,3.8427418481609674,3.8898132804991237,54.48292408925729,95.13769033926172,94.58033956548256,93.29998345244258,v3-2026-07-30-trip-suppression-fix
11,El Farol,tou,17,0.19661586750651416,0.22550186190614174,0.06122362092642335,1.2200366403784082,4.615926144574934,4.644680968520444,4.0547521860431965,62.27833505164662,95.73094448640995,96.15413616636832,94.2953241401844,v3-2026-07-30-trip-suppression-fix
11,El Farol,tou,18,0.17220361470933307,0.23013853940073692,0.057599907189377124,1.3795668663400407,4.857894225658288,5.11136300085085,4.204267095983169,70.68065178538791,95.66359371752829,96.44658010915657,94.78076048200374,v3-2026-07-30-trip-suppression-fix
11,El Farol,tou,19,0.15698187866376725,0.19223617439869256,0.04045369362906739,1.2600368174223497,4.499156455546326,4.557175672740499,3.995895451622942,57.835506481228244,95.43592474041813,95.60229694122799,94.39395382806535,v3-2026-07-30-trip-suppression-fix
11,El Farol,tou,20,0.10185306803598665,0.11020638856956241,0.038691310092455196,1.087528288166814,3.8008931797610286,3.915652915632001,3.4325680315759324,49.006540349839995,93.84096410911194,94.2461067639338,94.56789449271069,v3-2026-07-30-trip-suppression-fix
11,El Farol,tou,21,0.06623790598929162,0.05511255561066398,0.023148747761668326,0.8566658988125012,2.9243844973157596,2.907276787716844,2.8009011763776472,42.9726769948318,93.02549124544683,93.75551039338333,91.62109673184658,v3-2026-07-30-trip-suppression-fix
11,El Farol,tou,22,0.021108992931129188,0.021799016436187764,0.011433383220110761,0.6100744614421035,1.944509587300616,1.9926229150742525,1.9183963559162611,18.057178025871803,88.43602654688901,88.82596219316883,75.8031310230154,v3-2026-07-30-trip-suppression-fix
11,El Farol,tou,23,0.014511714858364699,0.009209269937277253,0.005534623451767393,0.3556038454014926,1.1783455348810998,1.2044730499464493,1.144612884836326,1.5352574803253853,62.59681343495785,66.07421293200758,51.9317188632673,v3-2026-07-30-trip-suppression-fix
12,El Farol,tou,0,0.009856753753784678,0.006057831764180957,0.005659911421654551,0.2532244904408724,0.9170607623719307,0.903798024251893,0.7464823109814929,1.0806573646095303,52.86214334166822,44.96220440258414,26.663520255364812,v3-2026-07-30-trip-suppression-fix
12,El Farol,tou,1,0.004425800737068747,0.006242156286307156,0.006346489162782932,0.16209446846114572,0.6448725493142659,0.6869717753874002,0.47545400485775163,0,20.565379672798162,29.222473076143675,15.595135973519843,v3-2026-07-30-trip-suppression-fix
12,El Farol,tou,2,0.01158024370094068,0.009929579327025206,0.005664864789475842,0.17277335186334847,0.6189273716599435,0.6353286916018532,0.5246877316424708,0,19.482791737899536,29.45744255493318,15.677687281625488,v3-2026-07-30-trip-suppression-fix
12,El Farol,tou,3,0.008457121722914303,0.010054267697093815,0.006563402098673894,0.1875864819299013,0.7055214607189461,0.7256463016177993,0.4759565431956695,0,25.46780687753396,35.012098882012324,15.062809714332538,v3-2026-07-30-trip-suppression-fix
12,El Farol,tou,4,0.008888302476067304,0.012525537946337957,0.00652048883588798,0.18014348864302843,0.6853339292290344,0.7323668569677748,0.4883808227521147,0,24.431792601736923,33.58804317019805,16.44976392951122,v3-2026-07-30-trip-suppression-fix
12,El Farol,tou,5,0.010330721856778358,0.0071656612071178604,0.00567205235506858,0.07831023532180413,0.3187732599316224,0.28290239359126884,0.25160746181715105,0.04114684379254268,5.168027882622118,5.263532505759688,3.659494380446018,v3-2026-07-30-trip-suppression-fix
12,El Farol,tou,6,0.032029211385825374,0.029778913415239236,0.019285193919154592,0.30953380933666275,1.374803603042029,1.4058230028653051,0.8754199323799355,1.4897548063136943,60.83282100439655,63.54382462838242,41.16615323787941,v3-2026-07-30-trip-suppression-fix
12,El Farol,tou,7,0.06590298468577613,0.14543257625457698,0.047881183465688766,0.7117227859811721,2.8288410103580595,3.270223383227866,2.1928859633152706,26.740768093679183,85.53627288604127,89.812415659539,78.65416414295258,v3-2026-07-30-trip-suppression-fix
12,El Farol,tou,8,0.08247639508159316,0.3866336964305831,0.09857030239585814,1.252239889393742,4.270755039294049,5.066091628213712,4.010610856270935,71.44946968538277,93.34824579389107,95.19740218984461,92.18348606913561,v3-2026-07-30-trip-suppression-fix
12,El Farol,tou,9,0.10435195258573583,0.6057382839710693,0.11208766034831487,1.6799319587809336,5.141021635895367,6.0714144918572845,4.91656531439871,86.45208649376305,96.84934927097763,97.58617033169338,94.60985163764305,v3-2026-07-30-trip-suppression-fix
12,El Farol,tou,10,0.08176104365686342,0.6399871697273608,0.09979087377169263,1.573469094328507,5.02291745533315,5.651319340814459,4.50654974947411,80.0742159374472,97.60926523671107,97.6599008625071,94.80539374933826,v3-2026-07-30-trip-suppression-fix
12,El Farol,tou,11,0.0581293109808366,0.5529605500382018,0.0679787427281129,1.323024774426294,4.531935361308454,4.900232311740758,3.7090268101493953,58.60238396894286,97.37604223628045,97.25009062675154,93.79062322860284,v3-2026-07-30-trip-suppression-fix
12,El Farol,tou,12,0.07425447300903401,0.39564235474167314,0.036531913603728275,1.218912592939646,4.172926835366403,4.436491794168177,3.2854439516206564,54.54401439164117,97.4442972593643,96.72861842556419,90.16220861593474,v3-2026-07-30-trip-suppression-fix
12,El Farol,tou,13,0.046964978191148074,0.3046984681315835,0.03744858408108161,1.089232219948064,3.8938285117766496,3.9107171433283945,3.3411457540099136,55.34524926805391,97.0376917438241,96.93216974617766,88.99192152324835,v3-2026-07-30-trip-suppression-fix
12,El Farol,tou,14,0.04387599059405382,0.2427857926292747,0.03413321388469907,1.0003880311512903,3.530106643886534,3.5294602443088743,3.1885445221386264,51.63075530782914,95.51499380677983,95.90939542936538,89.1579423153165,v3-2026-07-30-trip-suppression-fix
12,El Farol,tou,15,0.05697801892796347,0.24382801576292346,0.034168501611463994,0.9670730760270904,3.4705317214409828,3.4228632708098377,2.958288297232485,48.87258572651968,95.06221705132535,95.47300720104505,87.4866445261087,v3-2026-07-30-trip-suppression-fix
12,El Farol,tou,16,0.06741666316253452,0.24081718094171567,0.04859189946133484,1.068493102471095,3.7144432134393273,3.76775752578218,2.9397345732505875,47.9207933473491,95.81225756411214,95.89287664707288,91.15127980163379,v3-2026-07-30-trip-suppression-fix
12,El Farol,tou,17,0.08667580828288714,0.26066469472234954,0.051516682628759365,1.2265549044986392,4.119505663148072,4.239498604315805,3.316562566023031,56.52429478767739,97.49561866968654,96.80986965009336,93.86645244322375,v3-2026-07-30-trip-suppression-fix
12,El Farol,tou,18,0.07631788123554004,0.2512028713736444,0.053871252872961704,1.414725961711539,4.506408749817665,4.782440955626356,3.6871799783523307,69.66275175476828,98.12567175802104,97.4076002935864,93.99264857046201,v3-2026-07-30-trip-suppression-fix
12,El Farol,tou,19,0.06142314116081073,0.1918224649233928,0.039078065130701195,1.323372141434469,4.219129352924149,4.500457225556255,3.465329285379205,61.48213298135064,97.98685058739663,96.68193826602025,92.32594659976824,v3-2026-07-30-trip-suppression-fix
12,El Farol,tou,20,0.06190282647428633,0.12748362689922024,0.024366677619972896,1.035534538585922,3.6136843588466303,3.599589851845313,2.905702217367219,51.80897115757873,96.67525292528053,94.44235965142323,90.30118517329275,v3-2026-07-30-trip-suppression-fix
12,El Farol,tou,21,0.03412844266514145,0.07351719464844987,0.022516890300244407,0.8366225731853004,3.139921750198057,3.0019028132685914,2.302838324866512,41.30724458096304,93.8933455048872,91.48354479949934,83.69334793812031,v3-2026-07-30-trip-suppression-fix
12,El Farol,tou,22,0.018353783186739005,0.02556496077210237,0.014922755069318389,0.6613893616589347,2.580509920473203,2.4266650376876227,1.7546628383403537,26.46178285472371,91.12106271906597,90.53258917288677,73.5884042903202,v3-2026-07-30-trip-suppression-fix
12,El Farol,tou,23,0.012751247181412457,0.01235921897442455,0.008998540077744038,0.41815842786175866,1.4942215328636426,1.468580933088868,1.2065251327854396,1.8977914305186596,79.01028942691505,78.17075379557987,64.53896924607588,v3-2026-07-30-trip-suppression-fix
13,El Farol,tou,0,0.007942825723231454,0.008284120154871743,0.006795699969850895,0.20843225093497975,0.6692794694536853,0.6689655081975338,0.5400117997172618,1.0763881746463637,21.281648067746712,25.220452000836342,18.91780747472237,v3-2026-07-30-trip-suppression-fix
13,El Farol,tou,1,0.0059951668649020915,0.006370768317889896,0.0042189977392275285,0.1788647209811039,0.5535966865826716,0.5755161768646321,0.44131451474892863,0.06374809526983911,17.20351160475651,22.171669582088327,12.671583381607716,v3-2026-07-30-trip-suppression-fix
13,El Farol,tou,2,0.005702576823805708,0.007688940445111518,0.004647502470443074,0.16038919313762384,0.4456124861108985,0.5120195654298896,0.38742405650507045,0,4.630536980406775,10.605973971202118,8.742918822734397,v3-2026-07-30-trip-suppression-fix
13,El Farol,tou,3,0.006928667931609847,0.009898069788609425,0.0057661648554176975,0.1616366950844938,0.49273922925421754,0.5067037921935377,0.43007542941608484,0.0776408317250311,7.719935702427397,10.649999594367392,10.783355219800548,v3-2026-07-30-trip-suppression-fix
13,El Farol,tou,4,0.011742660899806355,0.012070139719005486,0.006322101298583447,0.20071732941193973,0.5564093652724609,0.5060709224323159,0.6216268111408361,1.2926897174276193,16.810182795823867,11.73561936400289,22.91789867674444,v3-2026-07-30-trip-suppression-fix
13,El Farol,tou,5,0.009188941279026136,0.010403654580618139,0.008234219990912516,0.08394556943840428,0.31225143808305905,0.35962993178901365,0.21376837348380984,0,6.093704549510121,12.223843714539827,4.757227938213577,v3-2026-07-30-trip-suppression-fix
13,El Farol,tou,6,0.03128910411450451,0.03136813789877727,0.021039077697716086,0.31062695278115576,0.9079412434409084,0.9288916700453399,0.9017081819643236,1.8889498443982151,44.221452935392804,44.98855244379299,41.99445943950466,v3-2026-07-30-trip-suppression-fix
13,El Farol,tou,7,0.08292845128892351,0.08595814960788006,0.05738514960423952,0.838736436876948,2.3946771623445455,2.4306845638737045,2.184478473317463,37.06564827691034,90.88339325408076,86.9495334440979,74.09111519933032,v3-2026-07-30-trip-suppression-fix
13,El Farol,tou,8,0.16566206912461917,0.20462903281666348,0.1341952910197794,1.6318771571388415,4.187539759097357,4.39950469987863,3.6633791628921064,90.19498631317138,95.41241165141437,94.0318574193612,89.04767073369207,v3-2026-07-30-trip-suppression-fix
13,El Farol,tou,9,0.2452322570722382,0.3099299942530022,0.1853358689369454,1.9337696135200284,5.297311465772752,5.774669468037714,4.350538820199026,92.21899814526829,97.2955852636729,96.17208973095366,93.31712861114825,v3-2026-07-30-trip-suppression-fix
13,El Farol,tou,10,0.26558020549136113,0.2995750159355706,0.1726328560809446,1.8584265390310402,5.545817891556952,6.102549097184124,4.224105739226643,90.70121449220612,97.74389750379646,96.81307372151421,92.95444011442798,v3-2026-07-30-trip-suppression-fix
13,El Farol,tou,11,0.18459365461615615,0.2049866739475274,0.11349180292183628,1.6842673636894947,5.046229756487084,5.501450107128459,3.9471864444868903,79.5295196468431,97.7569354231513,96.19171285708637,90.61832787349456,v3-2026-07-30-trip-suppression-fix
13,El Farol,tou,12,0.13414482716387569,0.11574970587197737,0.05740287009030739,1.4562789954534014,4.338466205532068,4.528315411650139,3.497190652921363,73.69880248680535,97.69227812439185,96.01210849458501,88.46885727425726,v3-2026-07-30-trip-suppression-fix
13,El Farol,tou,13,0.0879127359465247,0.07697871632201257,0.03863600854622263,1.2177023192102592,3.7328704032634747,3.636244924230325,3.260000121255839,70.13966416228325,96.95556335804886,94.14296032141807,87.17723029257151,v3-2026-07-30-trip-suppression-fix
13,El Farol,tou,14,0.04956365316508537,0.04755963335395012,0.027992861129812946,1.0316094899673334,3.2239325008272637,3.150692696177547,2.808761576206105,63.56420998670193,94.93629720750269,93.14803348773081,86.85385434242433,v3-2026-07-30-trip-suppression-fix
13,El Farol,tou,15,0.04134499474421932,0.05941004328964601,0.026803269052130017,0.9143708593525642,2.7627762792684547,2.685359673109811,2.4796944564171652,52.79401476843307,93.88519494750126,91.37706130276608,83.62606653838857,v3-2026-07-30-trip-suppression-fix
13,El Farol,tou,16,0.07194454106230029,0.07115930672353177,0.04049348514736378,1.0204785312192661,2.9513712584671272,3.0651201524043685,2.460832391235892,62.20843287959439,93.15010811670415,93.1456840443252,83.820101724696,v3-2026-07-30-trip-suppression-fix
13,El Farol,tou,17,0.08572101929074243,0.10196721725816932,0.056000411825795855,1.326737394821736,3.736403919614745,4.02448245894002,3.0900223345284417,79.00853073317577,95.42431674818441,94.97160843809951,88.28524235389253,v3-2026-07-30-trip-suppression-fix
13,El Farol,tou,18,0.07692915062576154,0.10822897074450992,0.051398131891808786,1.554162832681299,4.307476320388875,4.712433182471279,3.3432931974115925,82.69805627234953,97.46823000116149,96.15302178916967,89.4582779106497,v3-2026-07-30-trip-suppression-fix
13,El Farol,tou,19,0.05574454529885873,0.05920396460191105,0.02996390695964191,1.41894062048889,3.979450167346777,4.276148981520479,3.1678742329694716,76.58925724368108,94.72867426903309,94.72645710551645,89.20106242287589,v3-2026-07-30-trip-suppression-fix
13,El Farol,tou,20,0.034531304903029296,0.031185367495595345,0.01631332673444459,1.004085584173204,2.794486420995483,2.967924816113596,2.2628725495677706,51.76261797001192,92.86354956616292,92.368996581655,85.21314011142736,v3-2026-07-30-trip-suppression-fix
13,El Farol,tou,21,0.02333898948913632,0.018341738607328947,0.010886256678528291,0.6382578423668107,1.9116312223181422,1.9987971731399614,1.4641347745373745,15.173038756294563,85.81774895404429,85.27081844851848,68.5323332524165,v3-2026-07-30-trip-suppression-fix
13,El Farol,tou,22,0.011148431505043323,0.00965602644635586,0.008810847262276612,0.3994782816082153,1.2928620267231625,1.2987091897948289,1.040975510985978,2.3145212270237545,72.5201424008821,71.28223705057093,46.32525234256591,v3-2026-07-30-trip-suppression-fix
13,El Farol,tou,23,0.014698369447650919,0.00877191913605608,0.006669773751832003,0.2990894297466241,0.908151017988266,0.8883077635203479,0.7845763438187772,1.915368001098099,50.586328883419725,45.69640748221595,30.326072501221844,v3-2026-07-30-trip-suppression-fix
14,El Farol,tou,0,0.004940594694932859,0.008254296064261426,0.005716481698057512,0.21749673313602685,0.6715920289757362,0.7137971327831562,0.6453069916044644,0.6300302227883947,22.281560405768253,28.138473741666687,18.379642217907,v3-2026-07-30-trip-suppression-fix
14,El Farol,tou,1,0.011108212339743243,0.012557302632172803,0.007980660276544765,0.22155644492560134,0.6695537829866308,0.6267022207104349,0.7228607731886577,1.2023283510308118,24.423931884617318,17.644008573777846,23.647353222334246,v3-2026-07-30-trip-suppression-fix
14,El Farol,tou,2,0.012395532498538697,0.010756469443084152,0.006259431491596119,0.226903264048833,0.6829038319665269,0.6759033161220094,0.6408418023684292,2.1063222687570113,22.661509351770658,22.580053260148027,23.495839968209307,v3-2026-07-30-trip-suppression-fix
14,El Farol,tou,3,0.006658414685746013,0.003999989851349174,0.0060999907134381606,0.1830392527984129,0.5417131725467601,0.5496459012400575,0.48561559735658877,0.4955682295323126,13.58153203107107,13.194167727509223,15.918529712263355,v3-2026-07-30-trip-suppression-fix
14,El Farol,tou,4,0.009485586456205574,0.005675834706406269,0.008253920583103863,0.18796426736684174,0.4917984086584106,0.5637986249490958,0.47097033600363647,0,7.476347645371675,13.651237326798146,12.08232711550254,v3-2026-07-30-trip-suppression-fix
14,El Farol,tou,5,0.0033745719546587516,0.005847252644860571,0.005319779060037425,0.06798993698004036,0.18888790383738174,0.18563099842158784,0.24755936138308812,0,0.8337247920205291,0.5750472025445377,6.1499615273750825,v3-2026-07-30-trip-suppression-fix
14,El Farol,tou,6,0.02533060848614849,0.021696843363438523,0.02142208616888263,0.27879809871185535,0.6249925228748618,0.9151754563059736,0.6169477394870347,2.5034011090053654,22.125168849683014,43.14621783316654,21.400725760686704,v3-2026-07-30-trip-suppression-fix
14,El Farol,tou,7,0.06903208330026243,0.050821470841953445,0.06361164833095871,0.7355489805812181,1.731315811554726,2.3572378091722475,1.5530057685444214,25.414245276361164,81.84202631826838,85.26731834528864,74.3887933871863,v3-2026-07-30-trip-suppression-fix
14,El Farol,tou,8,0.13331326308189312,0.11783517566773358,0.14203202589103286,1.4663331043299042,3.5257076810291057,4.7782268479903,3.0898079463271775,84.20234939187586,94.69551334893133,94.37696034413426,91.48071785668365,v3-2026-07-30-trip-suppression-fix
14,El Farol,tou,9,0.2176713646053496,0.16325158456211347,0.18720588642259495,1.9612616561668772,4.709148874035112,6.351680842556928,4.220679077235083,91.51919063991797,96.79721267748025,96.58086531722608,93.39943589910627,v3-2026-07-30-trip-suppression-fix
14,El Farol,tou,10,0.22321923994164147,0.1329371463142934,0.1430195252685041,1.860013349292835,5.089203539426754,6.1771897616531,4.0620237562426516,87.30490560019665,97.62413668535736,96.49471300718581,91.99776328148548,v3-2026-07-30-trip-suppression-fix
14,El Farol,tou,11,0.1863010086456331,0.0975584814837752,0.0859768123022978,1.6035430075768857,4.665107301664569,5.431624220271309,3.7129336574037546,72.05361190297515,97.50989054586944,96.20240270738513,91.59752111125039,v3-2026-07-30-trip-suppression-fix
14,El Farol,tou,12,0.10349018017510492,0.07348433973759218,0.05155035134059569,1.228106256957467,4.1984246836845465,4.389870964307236,3.241762500956168,66.85427314484303,97.50676089638219,96.19927627087448,90.33960132303024,v3-2026-07-30-trip-suppression-fix
14,El Farol,tou,13,0.04252348736384155,0.041882548526178565,0.03641298630068568,1.0828234263066856,3.5253491365187895,3.694652544669539,2.874195558789806,63.433119985556246,95.53416075042416,95.1580444995104,88.74823067219367,v3-2026-07-30-trip-suppression-fix
14,El Farol,tou,14,0.040626543762839515,0.04601545997160892,0.027821975382127998,0.8952743689608891,2.6975566110043765,2.9456983634096647,2.2759550008726226,46.033183568762134,93.33169216105658,93.1020392024577,86.47677842621516,v3-2026-07-30-trip-suppression-fix
14,El Farol,tou,15,0.0676710113140055,0.04886524215999659,0.028567880703246853,0.8259582338316759,2.5068282122082985,2.8128400017838118,1.9563076857386037,31.851462385989993,93.12289079163362,92.07050101537246,83.88786771387866,v3-2026-07-30-trip-suppression-fix
14,El Farol,tou,16,0.05050222904907222,0.06642418588964424,0.04393161336214362,0.9808934506464608,2.975801189917745,3.2291019514046617,2.403922976827605,47.78441999314751,94.28378801449675,92.47288287214523,88.25314008162945,v3-2026-07-30-trip-suppression-fix
14,El Farol,tou,17,0.08509985589873575,0.0930295059289426,0.06403497534403843,1.352955686206898,3.7813163011118602,4.265651486227212,3.2786430849274435,75.7550148867986,94.50730377751482,94.05272715128604,90.57590102716279,v3-2026-07-30-trip-suppression-fix
14,El Farol,tou,18,0.07319964855138351,0.08723903103361903,0.05419632706976359,1.5770934338388363,4.174852526475911,4.831100815213832,3.823867676854024,82.89970940317012,95.41484883441683,93.81149328136406,92.23660301415649,v3-2026-07-30-trip-suppression-fix
14,El Farol,tou,19,0.044702277827341874,0.047098141785487775,0.029991803789156144,1.3183353123068666,3.6732256883515593,4.0771419051049795,3.274456926443765,68.95299069817634,94.70642154134016,92.51540357765307,90.92826611674205,v3-2026-07-30-trip-suppression-fix
14,El Farol,tou,20,0.039693783071175014,0.037501367656975565,0.020380891535052934,0.9582959341838533,2.8795197282384724,3.107643798100796,2.29991437740138,45.28345258989867,92.98198447111443,90.86659056140223,87.91531545379333,v3-2026-07-30-trip-suppression-fix
14,El Farol,tou,21,0.01847777216816783,0.01939023698706063,0.012147069726040486,0.6616403000779367,2.1862897870113667,2.317453970302235,1.611171421175138,27.911308603673685,88.13254202543803,88.02233598461001,81.52124676955273,v3-2026-07-30-trip-suppression-fix
14,El Farol,tou,22,0.014705138906926839,0.013089110426276541,0.008011048897864725,0.44338274009741485,1.4290264839415832,1.5455905547530133,1.0836330085237897,3.392955172871655,75.26910157279256,81.68320937864937,63.96952052366732,v3-2026-07-30-trip-suppression-fix
14,El Farol,tou,23,0.006467999291979032,0.00472862514949818,0.006567471521509754,0.27461210709072126,0.8569160423399612,0.966962789520069,0.7030611261770024,1.5089866931159837,42.016233506537375,54.68997044936865,28.565947768094755,v3-2026-07-30-trip-suppression-fix
