day,rule,regime,hour,vc_inner,vc_boundary,vc_peripheral,vcf_mwy,vcf_cbd,vcf_east,vcf_west,ef_mwy,ef_cbd,ef_east,ef_west
1,Q-Learning,No-Charge,0,0.00985965746314364,0.005960022632809963,0.0034952867443028167,0.21726446887229708,0.4397376453161933,0.5039478319061999,0.4964876168522624,0.24299834237307918,5.6546639043156155,16.73071618442363,14.691695938312993
1,Q-Learning,No-Charge,1,0.006193887577422538,0.010138059187941821,0.005513142304893261,0.22886352254328188,0.4955992507368054,0.4844308291969093,0.6508463722461761,0.9181846008396953,7.478865746056875,17.832612336942994,21.75573932734955
1,Q-Learning,No-Charge,2,0.008010233656659043,0.012745691594961948,0.006331087904234889,0.24937497459431923,0.49994535515194516,0.5121607579741944,0.7145974492633996,1.4678565194816013,7.632468022109655,19.756998084500175,20.50039668186637
1,Q-Learning,No-Charge,3,0.004128563686546838,0.008410709849226351,0.004497601516444615,0.23460138966066243,0.43117687278222483,0.46927672274086046,0.6447551362313713,1.5630709110289918,7.701379786683556,15.38675176549588,18.366725675490304
1,Q-Learning,No-Charge,4,0.003450330503937059,0.006859508750381525,0.004320772586771784,0.19115526498880975,0.3442541802268566,0.3990568652443793,0.4854072977799441,0.20420760317365497,6.366846827620764,9.030716155202253,15.824043340334889
1,Q-Learning,No-Charge,5,0.0022806950353169444,0.005310764389170361,0.003800326621280754,0.07460299940685747,0.14444573344348544,0.14480653640087193,0.21995490216449934,0,1.5099791263470195,1.308849715047718,3.904304462508569
1,Q-Learning,No-Charge,6,0.022488352963264454,0.04547615904013345,0.015413981424551108,0.3541764683774285,0.5970085411014342,0.6190557584536759,0.9390237774145119,2.1908976043579083,12.323200032732284,21.698832170218505,24.09817032633916
1,Q-Learning,No-Charge,7,0.048578483357189874,0.11181578992522982,0.039326236797163884,0.8515075955058304,1.313253977591841,1.7356947220648449,1.9587904472883901,37.03998489820321,60.84396591657593,66.7676766197432,65.79965902536087
1,Q-Learning,No-Charge,8,0.06914771274107596,0.24677028810261348,0.05327624843839133,1.3943571231405874,2.1002258195162673,2.8476754505938597,2.8702819356608895,88.693434838236,82.7577363076253,87.10703954717133,81.76337803049792
1,Q-Learning,No-Charge,9,0.08146485387192781,0.43971279539520614,0.05996721268596912,1.6449497335078966,2.786898556618425,3.532714812658447,3.4229038536713103,92.56313623408482,89.92901407955061,90.65627256259039,83.30462849946133
1,Q-Learning,No-Charge,10,0.048853451999296915,0.4741639352973629,0.04564679754883984,1.4983277357450109,2.7326219999465593,3.464198731111441,3.378639140919151,87.19714481936701,88.80746525378187,87.3983718732879,81.97167497416991
1,Q-Learning,No-Charge,11,0.043233361335177856,0.3954916208268371,0.026896719828572262,1.2296391817657997,2.2940032881116452,2.6397283874370614,3.1468193069702752,74.82438192624105,81.69594080687858,84.50282038494404,77.68643476872185
1,Q-Learning,No-Charge,12,0.04577340003964862,0.28761776434677694,0.02291905419800449,1.0601029544240064,2.05938203660638,2.0405118700066907,3.090478681262341,61.39540670038342,79.44065354833059,79.98523587348893,70.08139501523411
1,Q-Learning,No-Charge,13,0.03647018907146374,0.1983950136816773,0.021547882811192753,1.0071801127061564,1.955014637520358,1.782839584256515,2.9952878951835324,53.1413788864895,79.9706065591145,72.8921036983026,66.66989400736422
1,Q-Learning,No-Charge,14,0.026914224971038774,0.0950324021346398,0.018468680383388305,0.9307812896103832,1.7491250623854964,1.6660339602997098,2.7180399604832166,44.20818667923808,74.11190334344887,69.1396056138532,68.01555910270423
1,Q-Learning,No-Charge,15,0.03321020369830176,0.05797646815222541,0.02341412026113226,0.9177302305351676,1.6966262551607973,1.567000332880205,2.6454287447588314,42.52319666545023,71.00604500674051,64.61165304342443,68.73357377373752
1,Q-Learning,No-Charge,16,0.033010327734718396,0.10195791439793095,0.03018044778464478,0.9894164901745095,1.7704665683478875,1.8033761049630725,2.5893085377917786,56.665754830891586,72.7593499743346,72.82327308195303,70.74402458176162
1,Q-Learning,No-Charge,17,0.044762606687184736,0.1745613216254935,0.037393097499818936,1.288266551945551,2.1711280095336574,2.2349438204431444,3.2224941024829272,81.12214032959231,78.45373954368247,81.49120549409939,77.37432984652878
1,Q-Learning,No-Charge,18,0.05545522089288287,0.2152452720617312,0.03960858761818182,1.3431317009507515,2.27835291746055,2.4295686021703085,3.3529335083503775,86.43982265142891,80.413166443417,81.60877649425103,79.97078456714685
1,Q-Learning,No-Charge,19,0.030439510490435896,0.1913482839893084,0.02534975931020016,1.2558837314399547,2.1359980168530988,2.4421395984818717,3.136449882013152,84.30510605861538,81.0948426988591,81.9340487118278,78.61032118974109
1,Q-Learning,No-Charge,20,0.018186629576621968,0.10108253752094955,0.015717951814749897,0.9873273826400841,1.6581882993941899,1.8282324274746569,2.352422477234352,54.999730143172286,72.02099554121443,76.16382944611647,71.59208099627533
1,Q-Learning,No-Charge,21,0.011795516551543588,0.027772214498923333,0.01465983037321316,0.7953917836226913,1.273583764517503,1.4656052301631997,1.7753759051337745,31.408048391241227,61.51166069759431,64.92858161556634,53.25292411055093
1,Q-Learning,No-Charge,22,0.008046564146401857,0.01314799493871435,0.007792222315836298,0.5258160090974286,0.866054294052676,1.0361603247077,1.1434465435524173,3.025295293861335,43.73950674891347,46.71590063489514,37.91262684276988
1,Q-Learning,No-Charge,23,0.008808164205275599,0.008890497837583503,0.004917961789977077,0.31840729764122133,0.6364300168442523,0.7038433546197823,0.7631244218691458,1.6723960867409802,25.81719950450239,28.579343124750114,22.508004806915075
2,Q-Learning,No-Charge,0,0.0076115190983693905,0.01232561390462935,0.006137086688571435,0.32185016848089015,0.5107246839213566,0.5209946615628145,0.7902281322709929,2.1776610892825445,6.43386912866249,15.342609494065421,26.60187841491947
2,Q-Learning,No-Charge,1,0.004112895201853708,0.006312508057175232,0.004086179838260739,0.23097007934047203,0.3792939676120134,0.4202479658754517,0.5807747836761111,0.92564385892345,5.334040157783596,8.444645894675999,17.96193760063172
2,Q-Learning,No-Charge,2,0.004078482034990588,0.0058882244966634535,0.004069630015682737,0.173964075474352,0.36091447139573907,0.391647679789532,0.45964326034810615,0.08659936303479843,4.543540767179689,5.95533353911277,13.700487635446173
2,Q-Learning,No-Charge,3,0.004784372945143365,0.00841970020313059,0.004394605228035815,0.18689939178082673,0.3543451185962478,0.3701692020261374,0.46507567987096365,0.9965611331688914,5.240026472691219,8.145345538692291,14.508316720949312
2,Q-Learning,No-Charge,4,0.0070995174434826044,0.006280473581756114,0.005329298179977951,0.19557383050495877,0.34138168542364566,0.3788555281969124,0.4571308929280507,1.3159438392741039,5.239139794904662,7.668081233169007,14.896740514905606
2,Q-Learning,No-Charge,5,0.009436430715951355,0.010891222662787662,0.004800824477785249,0.11173876268166781,0.22874986396278146,0.2337072936266154,0.2688593772514133,0,2.420069491161599,1.7720323040901387,6.608754697544004
2,Q-Learning,No-Charge,6,0.018621039216792812,0.03472296725810232,0.014764908073277825,0.3410355108148202,0.5910304686125686,0.6386561706413366,0.8268158013802818,1.108974541623441,13.657007393700058,21.759230454006246,24.106937227922785
2,Q-Learning,No-Charge,7,0.055910362286887234,0.13626032884097164,0.043713083933717985,0.83003888653034,1.4323084238957098,1.636797450741959,2.08083230346738,36.41788152483007,62.42436780859041,64.76879731613938,61.03180600988133
2,Q-Learning,No-Charge,8,0.08017056281257563,0.25837662979526066,0.06171080707318728,1.3570800004031276,2.269182282936592,2.6012616469635246,3.113250475633653,85.53932252631141,78.49712258456384,80.99668599958153,81.43569984197296
2,Q-Learning,No-Charge,9,0.08735568917762696,0.4729499763899874,0.07422725264539362,1.6802673640475672,2.9922049609630474,3.51373004138238,3.7906802628200413,92.39665517943662,87.6877987671013,88.71742816797811,85.94448084791213
2,Q-Learning,No-Charge,10,0.06459573494045731,0.5805950737782516,0.040415578528519444,1.6585005981486118,3.008840136583636,3.4745764202000267,3.8728799194813934,91.59355521967044,90.91133698036361,89.02155314817959,82.10797048925184
2,Q-Learning,No-Charge,11,0.03404993216196352,0.44150204257394693,0.028366960262841783,1.3337806865307111,2.476060070348717,2.7542134436383745,3.467842534359852,81.04406006208933,82.82445210506557,84.63946227309701,79.37820519013228
2,Q-Learning,No-Charge,12,0.028226740385717274,0.2694549285035987,0.02323052223812878,1.1183962385033566,2.030572199352419,2.213354411231476,3.05633508149484,68.93652994059588,77.94553859116021,81.06655475359092,74.52422447443897
2,Q-Learning,No-Charge,13,0.026133596203602564,0.18307638460219655,0.023583101713570847,1.0301584444263334,1.8659215512336653,1.9335447814150466,2.9399577563779684,57.66229656765874,75.17633035232181,78.0309370872187,69.2292220997336
2,Q-Learning,No-Charge,14,0.041548433378832295,0.11221502928938598,0.024035895248698244,0.9759015073082867,1.813563001961437,1.9542539765599816,2.677377665015482,54.467060322067915,73.9258083903679,75.46838467823449,73.48622787650963
2,Q-Learning,No-Charge,15,0.03380687603619383,0.07169351418263442,0.02866538219031297,0.9877600444264893,1.8294974131564232,1.9223259820498237,2.5877121527746736,58.16811093822584,74.27212651060881,80.05074553755088,70.50883071622903
2,Q-Learning,No-Charge,16,0.03730876621464938,0.08319806406561805,0.03376015383836453,1.0096607088381595,1.8568438406087113,2.012478252684021,2.5399870278707986,67.39508394901414,75.8226427032707,79.42541468705781,77.60844740585527
2,Q-Learning,No-Charge,17,0.044503784063145334,0.08431177845505382,0.03360229918589704,1.2063838387365726,2.037845127810467,2.265167587867571,2.800559710996572,84.94886328381807,77.92156351336534,81.73991641340476,80.11791168107372
2,Q-Learning,No-Charge,18,0.04088230408097385,0.09816305192935663,0.031892965629061264,1.2950494738535998,2.1272320430024365,2.335455736177133,3.1013785410743284,86.89607115186362,78.56622936233067,82.20251521617021,78.59140238677168
2,Q-Learning,No-Charge,19,0.03580896128237429,0.08715601107426736,0.028718497106644248,1.2438354728501253,2.1422954867298065,2.2253273854062123,3.1960150251679558,80.37690330322258,78.44150808311193,83.37606021401325,79.11374225699304
2,Q-Learning,No-Charge,20,0.02701347114058099,0.04069300421380448,0.01620274785483854,1.0693883855867021,1.8059597868116024,1.8386459178564438,2.647450508280563,64.52172337202875,75.182490035891,77.53801598776383,71.44757745900027
2,Q-Learning,No-Charge,21,0.011650110786961149,0.013958170901751658,0.008004412473087075,0.7492426518055568,1.2592368695814473,1.2591037229147488,1.852224596002188,23.218746144524747,55.03395265119461,53.69486448628543,54.572914630754696
2,Q-Learning,No-Charge,22,0.009963906858161878,0.00877095929307624,0.004871736013147061,0.43517925898728116,0.776453774613477,0.6886037650721166,1.080842240734156,1.7521370472137145,25.430957018686843,26.21085478236742,30.123317205112812
2,Q-Learning,No-Charge,23,0.009805674895215891,0.009858422349908266,0.006255006837548924,0.3558567261251766,0.6304228303408496,0.5538385818034023,0.916680933469376,1.9273159595334652,13.267728741344357,18.817577343673562,22.692643605093267
3,Q-Learning,No-Charge,0,0.010717976421384515,0.008118883849610535,0.005807724788247613,0.2454849554720874,0.4555282387033291,0.4354091820691791,0.5976658809764906,1.3001364547718557,6.461667006563769,10.33801807605601,18.768931802222372
3,Q-Learning,No-Charge,1,0.007779327420886985,0.007854682180025094,0.0047105637775236645,0.1881540122355136,0.40632943876112276,0.39596613105933753,0.46036712210318353,0.11200550998755275,6.373796920418273,7.53352984485397,14.413722884809088
3,Q-Learning,No-Charge,2,0.0037800125151100294,0.00605515800934644,0.0047097292848964,0.1919068144854504,0.3850428378405321,0.3550367721315404,0.4911411650848124,0.1956416274714643,5.310056101720393,6.86244111657528,15.232034494645871
3,Q-Learning,No-Charge,3,0.003981277934621227,0.0077232411736931315,0.005476280900712768,0.2030842582149421,0.3524505511313695,0.39224035139069646,0.4943182836487652,0.04920918014384219,5.958462125533112,6.9834193923065095,15.80978409909645
3,Q-Learning,No-Charge,4,0.012036527789064375,0.014904210615649368,0.006877623861083501,0.26264023039937145,0.49673048950583887,0.398840228386651,0.6873315814067023,1.7474363469473773,17.284333402914907,10.563450475426357,25.041695763745015
3,Q-Learning,No-Charge,5,0.005384902343704973,0.009679470506204968,0.0037661664804120995,0.07716044265415903,0.1802204386129682,0.21202764924517176,0.18348614101344773,0,1.237563492536555,3.8603271849086864,3.865014852219417
3,Q-Learning,No-Charge,6,0.021005674481025093,0.028943459119679556,0.011448471602988832,0.3034512961928749,0.5497554016140139,0.5415541386552629,0.7532082608126358,0.8678274264706225,10.423737852846385,17.722865159907716,22.34201499670463
3,Q-Learning,No-Charge,7,0.05436616357082844,0.12491445598672646,0.043330923144100156,0.8292571495256217,1.5168802584700976,1.5427667669234701,2.021171117886043,36.71372943022258,65.96968928110608,64.96256730190709,60.31258889634246
3,Q-Learning,No-Charge,8,0.08235919166406153,0.3156987621860349,0.07398631824199177,1.4781435972621124,2.397154597391551,2.953461538609403,3.254702065198732,90.58491120815351,83.43930934381964,86.60722098356085,80.82346852614431
3,Q-Learning,No-Charge,9,0.08245694280028049,0.5466127585121053,0.07663613762865157,1.802415365492441,2.9532398006861,3.695988385219975,3.9445007250352275,92.92647703270603,87.86466035478925,91.5517385764647,84.83129111456373
3,Q-Learning,No-Charge,10,0.0737914698726602,0.59267394223149,0.04194014033208555,1.6050562643640034,2.8774632515394147,3.3202599454156285,3.7266313236095385,91.16878979922443,90.1145296785079,89.60342977872801,83.70053625942134
3,Q-Learning,No-Charge,11,0.043645750800598536,0.4882555378905644,0.026493182456791702,1.3217953772321023,2.4254118118113497,2.6307352091519967,3.3618999021917593,82.09372642293094,86.72443754026327,85.84473438926464,80.64307839163229
3,Q-Learning,No-Charge,12,0.03212223425415653,0.3572795594431822,0.03115465931450594,1.1717785055479835,2.07146416305981,2.2731879043082532,3.067284432034211,76.61995962528101,77.5997918597489,80.12555840115873,70.41683834164046
3,Q-Learning,No-Charge,13,0.027563094803404607,0.25215945898313713,0.020319378480706522,1.0901278263424399,1.980235471304316,1.9159560384755343,3.113721693575003,67.4966760832451,74.04719123642684,76.02940970773074,66.90638733474664
3,Q-Learning,No-Charge,14,0.03388434597163048,0.1328481042695742,0.020305356631994304,1.025218336932064,1.899584453513549,1.6090868352191892,3.172653378856692,55.47025528817186,72.36608729129657,69.92952381650726,65.7719230041702
3,Q-Learning,No-Charge,15,0.02551725572342745,0.05787263995491841,0.02066394882309499,0.9388772474385191,1.7848330450316041,1.5936164679197984,2.6863700507332737,47.512848708777774,73.80410091687129,69.35698784528564,64.97552267805783
3,Q-Learning,No-Charge,16,0.039933355902578946,0.0923661959223372,0.030005515846732576,1.0104307623465103,1.8317319453770502,1.863791305335263,2.58682190983202,61.104203344757956,77.78584761224369,79.12320103053229,73.10427905113713
3,Q-Learning,No-Charge,17,0.049008452175806225,0.13693047798163896,0.04574920691945143,1.2193578018471731,2.2380319174147445,2.311573823754086,3.086724390479659,78.84488906240438,79.26670322575038,81.91912092797533,77.63124221832946
3,Q-Learning,No-Charge,18,0.03696360774148907,0.1126372652141945,0.03626607572420849,1.2366615948346786,2.276091888864255,2.6114530770649034,3.2507542587219413,78.49808508447143,79.73764548794301,83.13775531590791,80.60633355597884
3,Q-Learning,No-Charge,19,0.01842235319411499,0.07087910843730316,0.020310272906717854,1.0632939593730741,1.857963603159922,2.0928511675623502,2.669557115976728,70.35340928027296,74.23551174694178,80.1176651978446,79.90740851999844
3,Q-Learning,No-Charge,20,0.01637134479903168,0.023832550814558734,0.013280812683524875,0.8568621148344969,1.4094568038139517,1.5959731997443032,2.07209920035799,38.84091361638551,65.95133600997927,67.57244049486738,70.12541639127883
3,Q-Learning,No-Charge,21,0.009312397605451663,0.013470407733859503,0.007888856650894081,0.6274346572146726,1.0014572231544898,1.1004824116784446,1.4994054476723933,6.705339044809151,46.85524119598389,43.69360674304473,54.263622673867985
3,Q-Learning,No-Charge,22,0.008805195857028289,0.010686359565957967,0.006116411744951093,0.43085199768922783,0.7011123812905606,0.8189341502907188,0.9977711163850486,2.508326012940037,22.30720585277258,27.590289668960686,32.896324375002074
3,Q-Learning,No-Charge,23,0.007965976115666806,0.008410357455800477,0.004545340580936142,0.32463290031489017,0.5209790635930542,0.5867701393062901,0.7649392971806477,2.0414478310999478,6.001385256984011,19.083510220750014,22.428729371193253
4,Q-Learning,No-Charge,0,0.009154330014813361,0.008405430165815684,0.004224552673725031,0.2254241593633112,0.42581015371900605,0.34813799845827037,0.611278182587501,1.3547155609873385,7.675680617510802,5.728382620830066,19.56412393769559
4,Q-Learning,No-Charge,1,0.004078069283694777,0.0069077315339374345,0.0039326459360362505,0.22812926977326806,0.422201790004902,0.3080281453899242,0.6644974640412357,1.6228764838343357,8.302788729143115,5.831768140245718,20.793200674790594
4,Q-Learning,No-Charge,2,0.004350027301972436,0.004235179770241007,0.0032500807172624636,0.2156138809410388,0.36430084341891605,0.3157213949503778,0.5734688577931321,0.6630209700769184,8.400959248635068,7.133372411638966,18.259676142513545
4,Q-Learning,No-Charge,3,0.003530552421342242,0.007922560919446474,0.004229066141068691,0.23547503166693504,0.3871137504736026,0.343136096532532,0.6099752570897402,1.563136922647191,8.97676086587677,7.079903465169792,22.902480112897884
4,Q-Learning,No-Charge,4,0.002346728979754197,0.004704184376110723,0.002845477136756839,0.1870364905342434,0.333422846108076,0.32866094182283057,0.5242035113077662,0.10276424537735906,8.069230262898369,5.212548462653802,18.57768009847463
4,Q-Learning,No-Charge,5,0.012299216450068979,0.011638504059009274,0.007170218901070037,0.11028530568341317,0.24636144720384773,0.26134489637530633,0.2656928297739337,0.05807363430775315,2.9782807274209753,3.5710532491231524,9.055689038323061
4,Q-Learning,No-Charge,6,0.025434563667333238,0.030280118377355385,0.01588855858313689,0.40287589455245093,0.6636790745154738,0.7523524528937754,1.0315895202064043,1.8470590804512281,15.819190745302931,33.21988721547136,28.497438418542963
4,Q-Learning,No-Charge,7,0.046797348283578,0.13768945727124865,0.041542723958019334,0.8308306214792838,1.465008964730582,1.6978550356889064,1.9784716161875489,36.8044234101783,63.518668821806216,69.86324765138738,64.08711287083887
4,Q-Learning,No-Charge,8,0.08684610659447634,0.36535047947088156,0.07319156528851341,1.4328994916907936,2.4209792247539763,3.00904860947781,3.2417696935311824,88.65727379224589,85.10838218949436,87.98297940294187,82.15185606710016
4,Q-Learning,No-Charge,9,0.08263237075637056,0.567895788459996,0.06954252344521686,1.7937646073370679,2.955123779006806,3.8123435329218047,3.84646661744262,93.4810126998445,89.00186992291576,89.97025880308922,84.92110182412083
4,Q-Learning,No-Charge,10,0.05133700671826542,0.5594361405107523,0.04472888048937113,1.5320991777709845,2.690529032830136,3.3521035118847853,3.6524522752751873,91.53292679555197,88.1812365148511,88.2480841388617,81.88201384186034
4,Q-Learning,No-Charge,11,0.026996272987899535,0.38642964716936345,0.0207262460962737,1.2008735203658178,2.155375850777524,2.531683791328587,3.030261282692352,77.64379825064289,79.49942712291309,82.31506228420058,75.9508806360335
4,Q-Learning,No-Charge,12,0.0528632072343754,0.2682444154683793,0.01791204518165963,1.03843432906913,1.8818517856259314,1.8042151888510698,2.831040963983643,52.71183355086781,75.60122323256347,72.7395394402441,65.5249985788427
4,Q-Learning,No-Charge,13,0.03738530827158095,0.15596440733567649,0.022107331227479994,0.9360795136401724,1.903955799949407,1.6560055524665949,2.8925431326142013,43.25725335536716,75.86044782940351,70.81911341391755,64.6876893641742
4,Q-Learning,No-Charge,14,0.030764231184926178,0.06890548359399211,0.023785276433798283,0.9355967729882616,1.9141035288179944,1.6984983732091752,2.8228548420853388,48.145331089913036,75.92479524808905,75.38656992233302,67.76167200305059
4,Q-Learning,No-Charge,15,0.028080996179691002,0.040681424722203756,0.0248087140341556,0.9426798264926894,1.7466994909294449,1.809427854953193,2.481980278248579,45.83713168507568,74.12094341908106,77.5950219054728,73.10829585953978
4,Q-Learning,No-Charge,16,0.03581254212305582,0.09007850240635086,0.03534917500752076,1.0704950178984434,1.8209990964404918,2.0044302324587835,2.594546103075244,65.60078222728659,76.62971900575441,79.86582134284582,79.72576451932578
4,Q-Learning,No-Charge,17,0.038962007629023375,0.13063609443024848,0.04419738497377209,1.2641399067776837,2.1270403203340638,2.4981784165175656,3.030463134908167,83.67308252528954,77.08515330796142,83.22662914137305,80.64666080120385
4,Q-Learning,No-Charge,18,0.04636885151706434,0.1781633061353423,0.042108312203435944,1.4163035541783544,2.3872322059304643,2.601670521367128,3.3973709685846423,86.40907130289699,80.00674133803619,84.27683348715307,82.38616993438819
4,Q-Learning,No-Charge,19,0.031290568921398774,0.1606660719114784,0.02885450211334086,1.299103748336313,2.269810230972337,2.4613061336070596,3.27326452820445,80.62261130589025,80.15647133461727,82.41827792510416,80.18049859369899
4,Q-Learning,No-Charge,20,0.02039758819602155,0.0746754746781881,0.01666308894940775,0.9673254310226826,1.7481973947692828,1.8232825771568066,2.3732832315220898,49.70166220789791,73.9844852702451,75.34924130304671,70.633541210255
4,Q-Learning,No-Charge,21,0.01589129352412867,0.013492182762209787,0.009903584699103832,0.6611298708558593,1.1638096811536112,1.2421379316171115,1.5811269930794218,11.3135569693753,59.1048396480139,56.641175651849345,48.37468561214752
4,Q-Learning,No-Charge,22,0.002398288620556038,0.004955306165936977,0.0046538933830500085,0.40089928690328414,0.6440521873451386,0.7729502191953008,0.8676340390199274,1.9866210109639273,17.88358698259339,34.00861919077643,28.506696375886815
4,Q-Learning,No-Charge,23,0.0033541481665452537,0.004227176151631138,0.004030485783205123,0.26358528427450306,0.4430808181709809,0.470263853662175,0.6098832344105403,1.5312069006032345,6.09503367518989,12.011385628998106,18.354084646066646
5,Q-Learning,No-Charge,0,0.010938360963786017,0.009245294499312547,0.004587025012601359,0.246986817477411,0.5074470010666693,0.500003107872685,0.6010600153614702,2.2419418436511047,8.621608558184983,13.655428549393685,22.16720491965797
5,Q-Learning,No-Charge,1,0.009625828176655095,0.00626255238406371,0.004125813527506252,0.22133203524779646,0.4451038500897134,0.39869079304937555,0.5551464781943759,1.3497489956001698,8.600632017046015,7.889667378130922,22.658340305373088
5,Q-Learning,No-Charge,2,0.008756902603488095,0.011166690318238616,0.007091219735209121,0.2185177352911776,0.3965084750740195,0.4326869713011403,0.6183945837367193,1.5699867556697076,6.937031146526669,8.788932599651877,21.57194045137915
5,Q-Learning,No-Charge,3,0.0037685042473640795,0.009135548983212049,0.005851203184535068,0.23512380726764998,0.38466567751390957,0.44907114291180705,0.6593796026496658,1.2970303272966268,6.4982341054214485,9.446211649001148,21.828531011318056
5,Q-Learning,No-Charge,4,0.004860976454888934,0.00516554786233122,0.004820633165178032,0.20048596872875282,0.33362689467779166,0.4337583516848713,0.5151420678847755,0,5.768602998983412,9.497288955031811,17.037479748229053
5,Q-Learning,No-Charge,5,0.005214549066127049,0.006055548235757895,0.003447931598461896,0.07215609292453991,0.2569413149789883,0.20603389687138343,0.2110438979583848,0,4.847252500544255,1.8262332727185746,4.515859040563423
5,Q-Learning,No-Charge,6,0.020618175713581877,0.032600861005706,0.016626716762956066,0.32661341275653755,0.6382826326795681,0.726496846397353,0.7859496310289946,1.2812498044055236,24.635526784865576,26.050738778542723,27.059759427174864
5,Q-Learning,No-Charge,7,0.038958878215885694,0.10859729049393922,0.039644831760060326,0.8082004026874842,1.4228382728582603,1.7351448681195443,1.7916754759400237,32.55245770449451,64.33692009142008,68.3508211644657,62.4561099741057
5,Q-Learning,No-Charge,8,0.06579155950405112,0.31288479342976017,0.06024868269830068,1.3737246373640986,2.2765356754892037,2.7648603340539157,3.0349075246777724,88.85159461639726,77.76997596371672,84.56062002140276,81.45867936338233
5,Q-Learning,No-Charge,9,0.08227120495366509,0.5214669641971309,0.055857495451778524,1.7043079821690648,2.8061041302541327,3.4332677838178127,3.6140675743839483,91.54023791409017,85.96485588184237,88.1345103003278,83.26685679828717
5,Q-Learning,No-Charge,10,0.059145303359872926,0.5579356116775307,0.03566860209427209,1.5788431762056683,2.740315558384294,3.2030235654334294,3.7272508662628865,90.97037395190311,87.95234940327413,86.8208564556095,82.45002361699937
5,Q-Learning,No-Charge,11,0.039740984211915034,0.5032416528363727,0.025685289667698234,1.325650441221846,2.3698077095651904,2.636236964185479,3.4631841585573335,76.88525623693566,82.5963812357063,82.58933519919566,75.67322440586581
5,Q-Learning,No-Charge,12,0.03171619087346944,0.33459535973835836,0.025854310787463603,1.1090984174046503,2.0040409774742516,2.070962104162495,3.1047162811990674,60.45522310382696,75.40643330896738,75.7970134661499,73.64208018794443
5,Q-Learning,No-Charge,13,0.02688453385541741,0.19281277233053473,0.019749659152472666,1.0165691733885218,1.7963189338380134,1.7934279193443934,2.8323693043781186,53.84016536611064,73.79288532693636,71.64988619443999,73.53809822649428
5,Q-Learning,No-Charge,14,0.032202269418761705,0.09407763153127757,0.018668759706442523,0.970485703404651,1.742168347827211,1.5755767595689991,2.839357965307148,49.23202041884288,68.79656304360643,62.47593668242337,72.54604268751845
5,Q-Learning,No-Charge,15,0.042779514570391225,0.04344529170371439,0.01723437056961532,0.9177849013396966,1.672517751654742,1.5007041989392522,2.5644568449882414,45.16229071835568,73.48739500174351,61.50837192150707,67.15699457617669
5,Q-Learning,No-Charge,16,0.027599444657459553,0.061955731921607436,0.030016157018931365,0.9364922413606828,1.5842604304525352,1.7734804050578241,2.3042916690853295,53.95724721862176,72.41105508740915,73.23353445068543,66.6915901218821
5,Q-Learning,No-Charge,17,0.04635622145477037,0.14740689163313767,0.04228795568971486,1.234320279979673,2.0274230125067834,2.341739523894447,2.850953671811923,82.19613670447241,78.559353867701,82.33321533735534,77.52529489418399
5,Q-Learning,No-Charge,18,0.03608314863663429,0.20481689409562534,0.03688607454993787,1.3637159134899666,2.425015902332818,2.6630755094235066,3.4843130080616964,86.30776516015032,81.6141451976274,87.54889756986357,83.73118397951
5,Q-Learning,No-Charge,19,0.02748011790439363,0.18493411298835596,0.026290484841447664,1.2920360103117354,2.3111548219663316,2.357924683316474,3.392237038106416,80.5470971540386,80.53450079491624,82.50292763405689,80.54282320888862
5,Q-Learning,No-Charge,20,0.024382554623871722,0.11653953558876938,0.0193560773833771,1.0335942446075441,1.7707230200881114,1.9553016925964362,2.6015734645539013,66.94020335657922,74.6022243313829,78.85511888409842,72.80313418206251
5,Q-Learning,No-Charge,21,0.01589067443853311,0.019559655063532463,0.010567218399450774,0.7410549982471643,1.2213616157715697,1.338339025508301,1.6320409071126385,20.245693364195187,57.7378649213074,60.24948192705274,54.73805608301044
5,Q-Learning,No-Charge,22,0.006179959822715664,0.009349421466854564,0.007664954753367847,0.46755436322145755,0.7598161293339805,0.894203305485822,1.0254339451080021,1.733439624978691,25.675708976360653,40.49455391609286,28.47743529996461
5,Q-Learning,No-Charge,23,0.010986052609512662,0.009100554628755142,0.005507517052449483,0.29182903447476655,0.5242536036188455,0.6495265856914398,0.6048088406468302,1.5128446812865715,9.33841576316527,23.586119282307962,17.283815067235402
6,Q-Learning,No-Charge,0,0.006211049890384327,0.006562568922923748,0.004845984137458489,0.27320682436589644,0.5422204566138124,0.5980927480080263,0.6722595283241665,1.1409078302979725,12.208886458967841,20.377312153333683,18.5657202293571
6,Q-Learning,No-Charge,1,0.0017324173557514144,0.005809760534718725,0.0044454444609998665,0.19657862291275763,0.3665394144995166,0.45630420468291893,0.4860010116915408,0.09414241914101469,5.938571241392181,8.530238726755563,15.662973321972013
6,Q-Learning,No-Charge,2,0.0018022684337344582,0.0029083169156380955,0.003919420395302898,0.16178857909947447,0.319326196231359,0.3762639896755334,0.39264543072321556,0,4.590630649991433,6.268299650737373,13.737611269133641
6,Q-Learning,No-Charge,3,0.004628684843978315,0.007099253645464428,0.0044281606654966565,0.1599616372073716,0.32250753097550755,0.3674929149771175,0.3904117215389161,0,4.7536730895152,6.904960069760805,12.905388360964642
6,Q-Learning,No-Charge,4,0.004620523118687003,0.00601008126131215,0.00535976386407953,0.15940453489605239,0.3083515445041076,0.40283350817829877,0.40407595091530935,0.03798555046220821,4.803763654034222,7.512358295180886,11.05274362671708
6,Q-Learning,No-Charge,5,0.008894050518182213,0.0062369633360243116,0.003192662264146164,0.06482625690167408,0.14775207905947718,0.14674414423005488,0.15217995951659977,0,1.0043816387271496,1.2787502217457212,1.9758464439719765
6,Q-Learning,No-Charge,6,0.017903071898254297,0.020069968965610994,0.009408491854307493,0.23614501011496933,0.5052319128284795,0.504554558816785,0.5196677926567839,0.9718731724911974,14.774960259553339,18.29911820939161,13.91584896951165
6,Q-Learning,No-Charge,7,0.029173684591745932,0.08236435336170385,0.033676566923767894,0.6506619471330995,1.0533011463287665,1.3343118668984582,1.461809711943703,15.299853216259738,50.90251607085456,56.805106495963436,53.21039674251578
6,Q-Learning,No-Charge,8,0.05084865493360398,0.2287958315370319,0.06500459695206774,1.3222658178778683,1.9451984361277714,2.624120969715309,2.8399060577371045,83.02981061737806,77.34411305327733,82.92397276608395,80.57151005925269
6,Q-Learning,No-Charge,9,0.08053217904551137,0.4351679102576628,0.05538767252524823,1.671205866957655,2.713255712332099,3.1185467962425255,3.663749028810618,91.76919094899134,86.18528036325604,88.07380429131388,83.41345916925212
6,Q-Learning,No-Charge,10,0.0666818481526039,0.4867391795718109,0.0459823143923331,1.4996926719633865,2.6917112556196345,3.174433231995613,3.621485151542646,88.98473030163608,88.94953723672187,86.98100665374587,83.00983154088783
6,Q-Learning,No-Charge,11,0.033957610889502575,0.3717112246288966,0.027426575576176913,1.2376783685066353,2.309606523974262,2.6077288736832287,3.1073439368712066,80.7010983559435,84.17870700331808,84.98842935116689,81.15619961222627
6,Q-Learning,No-Charge,12,0.03147227328298874,0.27787381701728714,0.02065886495788507,0.9988012236498617,1.878385513730731,2.039000321417765,2.8226914478962244,56.182061738815925,75.08073367411762,78.97965211990059,75.79416165096355
6,Q-Learning,No-Charge,13,0.03394908926040332,0.17412263755188467,0.023953787126482606,0.9177657239935971,1.8389248861971126,1.7318632859313758,2.7800366122331575,44.25033921931634,73.68626050595664,73.17264740458693,70.45315805426335
6,Q-Learning,No-Charge,14,0.03159184712823252,0.088610087177524,0.02447080160270247,0.8791808207897571,1.8445330358408172,1.627850409039308,2.6747301621576827,44.09062885669674,69.76762569064921,68.32750061001572,63.390638706317404
6,Q-Learning,No-Charge,15,0.027838365505178184,0.06469228248833182,0.02619522298962791,0.9323525669315681,1.68990262743708,1.7481199157691003,2.4417888887214434,51.641176939013086,72.58099399225637,73.77931278581029,65.2583883580129
6,Q-Learning,No-Charge,16,0.0457544137197347,0.076952629146027,0.034180902911948315,1.0455580438333003,1.828761930854306,2.0553643516506797,2.497280159452855,64.22179554766471,76.5131127636937,79.8936697802422,71.45570839320611
6,Q-Learning,No-Charge,17,0.055926826942927964,0.12509733252883215,0.04685298661376392,1.242243698394606,2.169913929609511,2.5092709005300597,2.9038688872987946,84.17165979343773,79.51536057209117,84.48231875722463,77.87816250911482
6,Q-Learning,No-Charge,18,0.043660000775877984,0.19764229636352978,0.03918225339368949,1.475327144184909,2.4037217634622974,2.7222738213465982,3.36996420016828,89.61286251213855,81.85578496821641,86.26040963968893,80.06339521915072
6,Q-Learning,No-Charge,19,0.03242183192416531,0.16724093967375472,0.02001375152202896,1.321026538128351,2.235348131693974,2.141992598674036,3.4133924395608064,82.2237522989443,76.2918572081116,78.74191266165961,79.24486095280803
6,Q-Learning,No-Charge,20,0.020356399468554453,0.0943612121743914,0.01864692630759795,1.0063413245648525,1.6992619090306047,1.6817037991858212,2.5635171248809594,55.59210158883897,70.7425992837976,71.99772527419641,65.46086240830168
6,Q-Learning,No-Charge,21,0.02072537369912386,0.023393974257895456,0.010893153151639148,0.7173733156123053,1.2311317443979737,1.3670471278210896,1.6525278166804915,19.047952405861647,62.76757059997017,60.20905942619478,53.41310175719714
6,Q-Learning,No-Charge,22,0.009250241357152486,0.010594855565035387,0.0064401899241944074,0.48515428063885574,0.9102715245714397,0.9489618028383399,1.1512833602446373,2.3651758271370027,44.5601693965373,39.69535445021486,30.987876372730213
6,Q-Learning,No-Charge,23,0.00566098912819849,0.006873438920754868,0.005444890380239065,0.3415797733843048,0.6767536314700122,0.7766726885024612,0.8817395347973149,1.2313243406358774,24.433477173390468,30.56969082759851,26.575410533230162
7,Q-Learning,No-Charge,0,0.012596286191418395,0.008778490171782373,0.006160803822576083,0.28511477493843834,0.510638709190674,0.6341032636265308,0.7127450159904003,1.646024006800142,7.338048227232246,29.264327004711692,23.6457895994356
7,Q-Learning,No-Charge,1,0.004928019158250698,0.007587907717788037,0.004987058549944938,0.2735146242286429,0.4841213426522347,0.5402314123025502,0.5946702737311792,2.321987765580685,5.714387974492949,18.065907470953448,19.967150024936192
7,Q-Learning,No-Charge,2,0.004389940544132363,0.005951606616317658,0.0036814253115531716,0.2265229272596349,0.4215385112244788,0.4646360836041596,0.49753303919675224,1.6729905496275648,5.715261100510673,11.861168883419165,17.22126993592366
7,Q-Learning,No-Charge,3,0.004927907877208476,0.0073233136034710385,0.005109364442558674,0.2092172591766958,0.32836742584448825,0.3936877123129649,0.4639010860557125,1.3036981619616284,6.525176482438474,6.638160547550071,16.228337876275116
7,Q-Learning,No-Charge,4,0.0037819838706955244,0.005354769495768728,0.0035351157229003252,0.21362937763471057,0.34895436497981547,0.39682714566535093,0.5093971046337217,0.6248149138311557,6.23239229646983,8.842153627740256,14.602457190239322
7,Q-Learning,No-Charge,5,0.011451485742552437,0.010154811648717238,0.004490261735081287,0.0911400690041094,0.24497629660644615,0.2381663000731272,0.25298947027693486,0,5.509002438514186,3.440920827081828,7.7419007359458725
7,Q-Learning,No-Charge,6,0.022691077974531043,0.026163493952931712,0.011002035063757557,0.27071786035182877,0.556150959857364,0.5246323923019713,0.686639043100623,1.338138341043043,16.612224954743198,18.749769859951986,21.743822020974168
7,Q-Learning,No-Charge,7,0.02608197220912911,0.08729214173601658,0.029288658270091823,0.6573363634994784,0.9829406855789004,1.2981786953969883,1.4959032993818384,16.636252260057404,40.48943938276139,58.49266453014773,50.933303570773575
7,Q-Learning,No-Charge,8,0.06808618877411668,0.3188717568361211,0.05781004798609865,1.3192970001049684,1.961029911013809,2.553195598217231,2.799718479360674,82.5908006951287,74.39983317379702,82.75292312620151,81.05712225918943
7,Q-Learning,No-Charge,9,0.0826394889095103,0.5221033032952388,0.07644275768876271,1.7306383966990286,2.6986490492629223,3.538038405116291,3.616334716868871,92.11350022630775,86.1213284003615,89.86116052238214,84.35408584642421
7,Q-Learning,No-Charge,10,0.06281176511933749,0.5570053980961166,0.054835478463579876,1.5637986252677345,2.8205114203928554,3.299624032811592,3.7450984458998215,90.11939141121913,87.70949022991744,88.77491062569788,83.59584687289899
7,Q-Learning,No-Charge,11,0.03180210049222264,0.4869947311151324,0.023575097233942976,1.2755536837983141,2.432653255802273,2.7472408893207487,3.4323161902162322,79.05800457503236,82.49993230309927,84.68362600930145,81.32489334854478
7,Q-Learning,No-Charge,12,0.033669346020866055,0.3669028696446674,0.021772787850194694,1.1066893724907791,2.0818048446699815,2.0514242476014872,3.1220394319151126,72.30085653139415,77.10445464221777,76.13792341243956,74.31471155990512
7,Q-Learning,No-Charge,13,0.026322541386965687,0.2381395228284496,0.02979724407505522,1.0915778263999771,2.024161013883058,1.8859084057093605,3.063128408791397,61.21797639328819,75.74529275900528,73.18239648392107,72.82089228541433
7,Q-Learning,No-Charge,14,0.025015660706633424,0.1358593844659595,0.02280715586404956,1.0374402013694994,1.9159396629240675,1.9031202989431169,2.958889953801453,56.39403099108598,74.3886660985891,76.05527946987377,74.39252865282845
7,Q-Learning,No-Charge,15,0.03570997259209556,0.059404194621611325,0.0242612956348086,0.9199650999406189,1.8018768098814337,1.8166037102328447,2.6147494551705566,47.2721562401471,71.49798262401279,74.87037492664987,64.72023912597206
7,Q-Learning,No-Charge,16,0.04459101918945199,0.06798457196170281,0.03407783318594426,1.0140720064256927,1.856960056942651,1.9972948087035438,2.495155395887698,62.01414950699898,74.90231754912915,78.82357318709087,74.65938133207844
7,Q-Learning,No-Charge,17,0.04255262718467573,0.07139885220879914,0.03399107241248826,1.096855011032015,1.9408043121939555,2.3221405097200263,2.510182874747145,80.91376656060099,78.65217550399852,82.82220431239243,73.69298114496998
7,Q-Learning,No-Charge,18,0.05563365567385951,0.09941559920501414,0.03246588628606261,1.260375087235047,2.1379893654248,2.4316554384200035,2.9870983561705535,89.22441941400768,82.90306488257627,83.89690683621703,79.2952809359625
7,Q-Learning,No-Charge,19,0.03435073164686074,0.08192585783790235,0.026138170589408177,1.166907340132437,1.9506108739682255,2.220451208437939,2.8254495563951356,77.18515194439125,79.62145482755425,81.76030979034432,79.43827014158539
7,Q-Learning,No-Charge,20,0.015417419228745958,0.03418497081959461,0.011362544370593494,0.9495947186586239,1.5026668246381687,1.716058360487149,2.2464031034922063,53.00135036937807,67.8060648400387,70.68969464166817,65.70656653307563
7,Q-Learning,No-Charge,21,0.009450870265739295,0.01680386528528369,0.0076048600887794185,0.6260292751327056,0.9685954656501496,1.1562563462480173,1.446705661863974,8.662663397072798,44.79491797674293,48.18176527853366,46.71997961367472
7,Q-Learning,No-Charge,22,0.010141682449463747,0.009866928230768979,0.007233060135141484,0.4650456399391295,0.7834768151984562,0.8110339084119803,1.1072401264559748,2.6924675488937346,31.7056220558462,30.867982042773164,32.11041351427614
7,Q-Learning,No-Charge,23,0.009249375089132723,0.009628167435686572,0.007395372773152804,0.36280543524628395,0.6404886033547076,0.7091622460410149,0.9109370172024217,1.9534472908499656,18.624180965850655,33.78749905691622,23.946999017122465
8,Q-Learning,No-Charge,0,0.006443879766597068,0.004049924571918183,0.002881537261696604,0.2038321233764458,0.43457883248717394,0.3913635621417056,0.5558690210734201,0.5455108082270037,8.084179738049231,9.368868174865254,17.522858399315336
8,Q-Learning,No-Charge,1,0.005039155815122346,0.008360194281666932,0.004321258624619686,0.15319135935412467,0.31170151768521803,0.34718047858519263,0.4366874029953072,0.02759021126667122,5.311852775635026,5.46140673750986,15.823748060737387
8,Q-Learning,No-Charge,2,0.008375177732682757,0.006991695827945984,0.0036885727398937324,0.22496133223715167,0.43971859834503724,0.4758525142102643,0.5310301335629831,1.3295014591484053,8.554517016773215,15.562896911025543,19.87719093401906
8,Q-Learning,No-Charge,3,0.004611604543201094,0.006246382402377889,0.002530269165382315,0.18426498397852759,0.34273675599082337,0.35478089524913814,0.44036029971123064,0.13795466040100066,5.381050851586885,6.083130811237856,18.11790937668778
8,Q-Learning,No-Charge,4,0.005002997148870238,0.005513726528493628,0.0037731700756040826,0.16085558400141559,0.34001545523786786,0.3540460760557075,0.42259164909564007,0,5.821713798567687,5.77217255722291,18.8121291923884
8,Q-Learning,No-Charge,5,0.004934504270496411,0.0058067420707722675,0.00425097491806993,0.06908792783947315,0.1866604809295902,0.20689135558565436,0.171537507635113,0.22139515517080696,1.4721577599355213,0.10905347786246775,3.377229215963944
8,Q-Learning,No-Charge,6,0.022614905422984097,0.03497762332337985,0.016079294816291424,0.29606606115090683,0.5314499311401433,0.7080325285550902,0.6571255510267417,1.178231353577016,15.63796625477157,26.129152752853788,21.48928373785438
8,Q-Learning,No-Charge,7,0.04991349093511496,0.14294873753409035,0.03448355813667441,0.8315437437553883,1.383527883612451,1.6574660904280385,2.029524660664594,35.66571252849886,62.35735199476968,65.35598099219334,61.0850301327975
8,Q-Learning,No-Charge,8,0.07476190181207741,0.33347797622095676,0.07152347496388646,1.450855573678594,2.4057414851069168,2.9587095865763215,3.2506642884578247,89.85606081259336,83.08709938792124,86.0976037178977,81.11464799841177
8,Q-Learning,No-Charge,9,0.07723045533241267,0.5025232563557812,0.05506347262905495,1.7210539764176576,2.948199090322029,3.546468874056306,3.7727724926882766,91.63302363787406,86.8478385670953,88.08672760986876,84.17940842646455
8,Q-Learning,No-Charge,10,0.06598779367345976,0.48427484387170316,0.03997291424712864,1.4991640435088955,2.796680436362451,3.3625015415657478,3.579235603658184,88.35636030717775,85.30623873063413,87.43360713578637,84.34864320366046
8,Q-Learning,No-Charge,11,0.022892353225803377,0.3293351187707992,0.023250975130653332,1.1944798131064225,2.2306336273656964,2.457940784103075,3.1951118827700675,74.80618477079508,82.42926688711454,82.82769947782019,82.06524948034713
8,Q-Learning,No-Charge,12,0.034626087378150046,0.1714245621193024,0.026510086335581915,1.037645574457614,1.923209569291039,2.104332469448305,2.87682565426931,59.41769775340691,76.80617401186791,78.33286323218982,76.46876123546227
8,Q-Learning,No-Charge,13,0.030772417671709473,0.07658403105413869,0.021515215941486757,1.0087327570878657,1.8378802799158684,1.8736761558803978,2.828505677203732,51.41791216005979,73.88040423269034,74.66151297361299,71.03082551097546
8,Q-Learning,No-Charge,14,0.03267983722769019,0.05455552163186323,0.023153684072399927,0.9755912569229582,1.7709827459849476,1.6614814470345811,2.700421666843155,49.6324739999854,73.60644706753465,71.21441199989734,69.8718022293562
8,Q-Learning,No-Charge,15,0.02751459289391443,0.06539036491567167,0.023138720877024958,0.918812676404368,1.5886154549223122,1.6768580023455075,2.3638796281211962,49.230608452331445,72.3318252226104,70.6125626495873,73.74228037366353
8,Q-Learning,No-Charge,16,0.04186505105113759,0.0780489478500292,0.03365957227076617,1.03560837617573,1.71008087633339,1.9461921118272605,2.4744255333176612,66.9893820946691,74.94506714709735,78.17882134204945,72.4775953694002
8,Q-Learning,No-Charge,17,0.04499207913195013,0.13586510758263656,0.03967245535953362,1.2500280749276182,2.083711722473786,2.408782900031815,2.986198810404899,80.97943301362761,77.73132758164418,81.57418485884307,77.01854629255712
8,Q-Learning,No-Charge,18,0.03417844846720842,0.13734229542866572,0.031685061518521504,1.3247447469281888,2.2770950691077196,2.4136161374956893,3.327853289120097,86.4832497984374,79.73058619884253,83.17495097350745,78.36731151759511
8,Q-Learning,No-Charge,19,0.023739415316648967,0.14060873295227178,0.025707829691237943,1.2308554005135297,2.0890135481244854,2.219542648240987,3.136775723743425,80.63356470117228,77.16234767084472,79.7753981887399,76.97866011041413
8,Q-Learning,No-Charge,20,0.023013551943536138,0.06409290556984779,0.014789575976561846,0.9953817786944037,1.6384533130649628,1.7498276258230854,2.30052849305453,61.041476305750024,67.66988890189977,68.61218452251445,70.55323392011005
8,Q-Learning,No-Charge,21,0.014738426132275469,0.02485801216076325,0.009548404557694458,0.7606013616709002,1.2023629398316646,1.2192653300369671,1.669564487110281,23.929096450042028,54.16203984876814,52.8323898416659,55.667775045289844
8,Q-Learning,No-Charge,22,0.00881672552614377,0.016622347107979846,0.006632534254293595,0.5245591531524186,0.8942340540565058,0.918118710937987,1.245286913562691,2.193204728382147,39.0081954665821,35.6252042037037,35.88030046411782
8,Q-Learning,No-Charge,23,0.005242357828810484,0.007807102375253145,0.003503104112700746,0.33309589454690486,0.5837206655601289,0.5676754314186642,0.8216995584821953,1.4506255215951958,13.857095796442232,17.494274605239607,23.96587314566968
9,Q-Learning,No-Charge,0,0.004034469098501381,0.0024856513492660906,0.0027879448915814277,0.1895055971199368,0.3291057895659761,0.39259365210306174,0.4369783779652599,0.4890252308406583,5.474663020226621,7.739539316290514,14.811975005293267
9,Q-Learning,No-Charge,1,0.004500476049423043,0.008639870024741638,0.0045844402674308565,0.15423654701039619,0.31676547004403527,0.3219951197542138,0.431409956632432,0,5.6428223327981675,3.627001828011558,13.2786161666481
9,Q-Learning,No-Charge,2,0.00320245855921347,0.00457811046004052,0.003569798444581406,0.15132148905287834,0.31344877387964015,0.3180533938134747,0.4111414842818999,0,4.902506871906943,4.871550742520685,12.980671302446483
9,Q-Learning,No-Charge,3,0.004873240680165006,0.010093729741608656,0.004178492672192821,0.16824530897499448,0.3245592709438034,0.360228783652742,0.43680733141827716,1.125376366653555,5.688071852168064,7.313280836083383,15.467850740888665
9,Q-Learning,No-Charge,4,0.003333350195583545,0.0053367982303546575,0.0035962107125207627,0.16548747163554237,0.3440115441500383,0.35807547406232754,0.485895318600246,0.1491771261460348,6.832544768427738,8.457041679947082,17.2956135952152
9,Q-Learning,No-Charge,5,0.005298199286838625,0.007129272104571275,0.0042383917654162,0.06964018127239328,0.1635012924413933,0.20339038316127486,0.1612106813683655,0,0.40541579179293447,1.4979760485055422,0.40496783245336687
9,Q-Learning,No-Charge,6,0.029175740597597356,0.03297219335681136,0.015710280559713272,0.29242189988411127,0.5659770970511389,0.6593252086771834,0.5924496724980461,0.6179063597295983,20.280340585092937,24.78789391227442,16.83933883035992
9,Q-Learning,No-Charge,7,0.04285139153671833,0.0961789427659469,0.03517225373285094,0.7676483873908262,1.3007755595958765,1.4818110722857853,1.6457959925653909,28.586760094896388,64.47157596904397,63.18831528021115,57.125083523863736
9,Q-Learning,No-Charge,8,0.08889722454544374,0.27627042505386623,0.07088570762024138,1.324848389757045,2.1235815669426303,2.659261759197994,2.881630862139726,88.01341140814453,84.0127905734256,84.91905150726005,79.11997658156844
9,Q-Learning,No-Charge,9,0.07194854141985016,0.5146991960980325,0.05418251841215887,1.7322410908120363,2.956717678594208,3.3888715422029825,3.805690118210986,93.39391587965844,90.58209782995614,89.76067790025049,83.32447754466412
9,Q-Learning,No-Charge,10,0.0466653107035878,0.5575531592107382,0.035834473642966075,1.511773187379767,2.741557727442217,3.0892311895217164,3.6525573801788265,88.83665385067171,87.21408622709414,86.25038786451373,80.1420088264408
9,Q-Learning,No-Charge,11,0.04461619669868001,0.41047834623183516,0.02816340424192355,1.2766017451652165,2.3026669076636708,2.539610889862089,3.219100123541999,81.81631162185676,82.84084807162026,83.15687263520246,77.78571871839404
9,Q-Learning,No-Charge,12,0.03302437223835934,0.26262857114003796,0.02177848758883605,1.0586379669610564,1.9661518892077512,2.070997784271189,2.7967772038009198,69.19243843260702,79.27122132589975,79.65170193630256,71.49910986368124
9,Q-Learning,No-Charge,13,0.03257548294587408,0.17111732196000665,0.020690747618780952,0.9756071117224667,1.712966234876438,1.6822971519482415,2.7589428075856706,45.846610568614324,71.02227281505749,70.89801963088972,63.05892683149381
9,Q-Learning,No-Charge,14,0.024781446224187983,0.06336260764517403,0.019427146743485436,0.9387845776019565,1.6962700132594641,1.4608452265395897,2.8177308084897885,47.1987684945757,69.64097748400148,65.97993373036947,67.1802725626425
9,Q-Learning,No-Charge,15,0.02974090383647863,0.053909294484941105,0.025050551756900324,0.8925183116123534,1.6504651579994418,1.713000854733743,2.505766373379141,46.780503634343766,66.03957567640703,65.13651721496943,66.70533246843222
9,Q-Learning,No-Charge,16,0.03769938669864626,0.11026376760487279,0.03838563277068843,1.0917948771576067,1.9735666777757035,2.440494380521957,2.7636311241006837,68.06082376272276,77.23974443457051,79.77497009313758,73.66943228817748
9,Q-Learning,No-Charge,17,0.049132196922127086,0.18898543973002943,0.044098830575654425,1.3006644431201246,2.322102550246529,2.806077412628053,3.2329077840070273,81.11556950920392,80.4365948306421,87.40990860407341,82.08077011542078
9,Q-Learning,No-Charge,18,0.04093037650399687,0.23813876969671863,0.03834738711668691,1.404195889660232,2.324421068332558,2.6183704968143506,3.4856776649328323,84.27721974033732,80.68351675605673,86.30456305447656,83.21061577324406
9,Q-Learning,No-Charge,19,0.025027310584456605,0.23230567373213654,0.022847614230107713,1.3008047656195008,2.1971760346848868,2.289791557154965,3.344632608537809,79.60264150482615,76.49998843263835,83.92703116842955,81.13904769825393
9,Q-Learning,No-Charge,20,0.015621488505112406,0.13025163497949493,0.016098310679069878,0.9982132928530156,1.6457977114961828,1.754454669411876,2.4708211093334094,55.76975035916507,66.16558173195098,72.67737830716909,77.17790214144402
9,Q-Learning,No-Charge,21,0.021571861092087793,0.035616474232775135,0.009711810665253612,0.7750218256551663,1.1840068430386153,1.3096039297392197,1.743200288347276,23.252099753127933,51.15108889410986,55.75159163882107,57.032036370101025
9,Q-Learning,No-Charge,22,0.010247941422497558,0.014291651519346664,0.006076976496980289,0.4619036631145943,0.7647747362626386,0.8232998095271571,1.0507200046762886,3.0125902165887894,26.266432453197133,33.404468329895444,26.03758979416459
9,Q-Learning,No-Charge,23,0.003099594983738385,0.0053398805729088375,0.003993613731268926,0.27900819254329673,0.4648231488914148,0.5502966973322978,0.6398433140867874,1.3496794543427917,8.615751938895379,15.581892632962354,17.85813041769104
10,Q-Learning,No-Charge,0,0.003946922728484595,0.006603218274980521,0.004407246249003251,0.24131493962885717,0.4897456430100857,0.5874488703698357,0.6227400584968827,1.255439308879498,11.5592161844683,20.83297602144852,16.518687649451376
10,Q-Learning,No-Charge,1,0.00853647435811378,0.007947801077928418,0.0040858410653071,0.16831401756096773,0.3638532404425299,0.39496741386620615,0.4433821102848873,0,6.718633537242859,7.182174695807396,11.736304215653567
10,Q-Learning,No-Charge,2,0.005102805469557594,0.008904399739104651,0.00503401695697136,0.18871129395698502,0.32812408397990367,0.36340809275591895,0.44966839634798655,0,6.993530352684925,6.941166640619008,10.737793605338572
10,Q-Learning,No-Charge,3,0.0076637882822276,0.011349156576258968,0.006938876485839603,0.2104799822427575,0.39290166939211746,0.4932903208527936,0.5057105565344757,0.46186306625969537,5.666445826688892,13.553193175057702,15.551594216774335
10,Q-Learning,No-Charge,4,0.006843626792685358,0.00679983572821146,0.004237048451247775,0.2080137819539628,0.3732667578964024,0.4738609370743138,0.5287707770630673,0.37745247747909816,5.385696360390122,14.816303271970282,17.852459271217885
10,Q-Learning,No-Charge,5,0.005927005876898802,0.01052753256040937,0.005637736622497062,0.08807717987968176,0.19286435816669445,0.23377207166503983,0.19649658285727375,0.2737942749095424,1.9952563420514087,3.682083914214092,3.9885124051266714
10,Q-Learning,No-Charge,6,0.013749632653349551,0.03343528370841801,0.013162871535093065,0.35218898270654275,0.6581895017996054,0.6826721690420818,0.9158617669400579,2.21833037293886,20.058412167805706,28.361174441247616,28.23117092764397
10,Q-Learning,No-Charge,7,0.04826305362749911,0.08362779756610375,0.02980066257498072,0.7228455485753206,1.292148491994319,1.4528671719790889,1.7087185668842508,19.726923630054504,63.599088454790135,65.95023383741747,54.5651039446232
10,Q-Learning,No-Charge,8,0.07181541895829645,0.26945197714969055,0.07028033445090581,1.3608035602318969,2.1913511416944735,2.6854029509459116,2.924798933513386,87.32187390975854,82.22847920289155,84.46212112969143,79.07981688475905
10,Q-Learning,No-Charge,9,0.08853690467638936,0.47523635313764345,0.078828451988852,1.714339609037883,2.853014245789158,3.5897500309114205,3.689186325471863,92.63456289896146,90.06566451398575,89.82251401206003,83.33398429154225
10,Q-Learning,No-Charge,10,0.0442045551805147,0.4698417523582582,0.04433132649510876,1.5514470164681171,2.572705071503257,3.237448689675695,3.637723829019906,88.11461437929559,85.27262965016347,88.98077029419525,82.35789693925842
10,Q-Learning,No-Charge,11,0.04103434474180903,0.3496641816248354,0.022495165861795265,1.2483901021096233,2.1592603792648632,2.5513422744768173,3.140830183713877,75.96565547998301,80.71811128628202,82.6513354256116,75.0967718124412
10,Q-Learning,No-Charge,12,0.024969572637347084,0.21800544744504247,0.018955440047822847,1.0627414954858014,1.9130479295327563,1.8707658729075824,2.9227693605553084,52.642888227264365,77.10111025429173,74.39715126085022,68.43065066449616
10,Q-Learning,No-Charge,13,0.02572479472824523,0.11763918342146085,0.019659556490172907,0.9207516839131261,1.8103560221290609,1.5830415330120438,2.875812418258142,45.116321042919544,71.19451181239234,67.78895741474794,68.42674603853631
10,Q-Learning,No-Charge,14,0.02746932916736925,0.055382590268463164,0.02258359298874768,0.9290995069410243,1.7024736866742793,1.5062068056307143,2.507582508403549,45.657985218528964,71.83127906571121,66.68393148189318,69.75810437718418
10,Q-Learning,No-Charge,15,0.030303482658760414,0.04516238109680309,0.020459910358586523,0.8653609756827814,1.51506126481603,1.5580635824749915,2.1467885257825596,40.13269244636322,68.75611413555504,68.2960172689117,69.96528472766958
10,Q-Learning,No-Charge,16,0.045248543620454364,0.08943555311868465,0.029360341784212648,0.9822083308332886,1.710833048624601,1.8310422344092323,2.352861271757339,56.95923128865475,71.94159702651295,74.01449999905623,71.46267739086181
10,Q-Learning,No-Charge,17,0.0453771828501125,0.14209497818184866,0.03776668215090297,1.253804684169008,2.115472717462556,2.323577614217383,3.026352633113263,82.97684110217439,76.93085692714205,81.4108988166797,78.6872241975036
10,Q-Learning,No-Charge,18,0.0460100436316755,0.11527037834321337,0.033623544516927985,1.275161692678493,2.213766960246403,2.4764034116973535,3.0198072422991182,81.47947079512973,79.35095123132824,81.49204134370277,77.90572414571253
10,Q-Learning,No-Charge,19,0.03955366327180566,0.09319938693605835,0.024726895185202807,1.176357793785616,2.0808878896858913,2.172947513901669,2.7494539492742565,78.63312796944238,80.19564368151772,79.76714699819786,76.81175734114139
10,Q-Learning,No-Charge,20,0.017435877119635866,0.02990732601804126,0.016046833114319106,0.9095559590754683,1.6178819530932889,1.705643647380837,2.0902984866657315,50.62245977628644,72.02313775121479,72.13153386042617,63.290372348143116
10,Q-Learning,No-Charge,21,0.011957017050204423,0.014344011627581716,0.007931938083930744,0.6130934756458628,1.0638176524255196,1.1680081293053097,1.4453820446196204,4.324577940897983,53.04518683566395,55.26088237735735,45.87911911400683
10,Q-Learning,No-Charge,22,0.008335141208631642,0.01422888366391461,0.0074236159308744346,0.411648825928384,0.7341376338600232,0.8522398514557442,0.9827009097950219,2.5462122534749265,23.812255352814077,37.029728081376376,28.116928157123922
10,Q-Learning,No-Charge,23,0.006307549226338259,0.01238377265630507,0.006189420487763602,0.3278046480034985,0.6592255963135203,0.7049927956492447,0.8295367899179881,2.7478158662569343,18.148533218399134,30.74778523110194,21.77211125418486
11,Q-Learning,No-Charge,0,0.002872476586991889,0.0065729916159707625,0.005319453890633948,0.21450774477856555,0.4067545455131876,0.44790009782508367,0.553943065168023,0.4668881517152158,6.356459325521021,10.715505681555017,14.019932861659347
11,Q-Learning,No-Charge,1,0.006181297615006213,0.005112871025807616,0.004419886302218236,0.2032675084925125,0.367581264115962,0.44801471232767104,0.5258178290321252,0.49085165539993153,6.465744629889189,11.597205096354568,13.190107758163592
11,Q-Learning,No-Charge,2,0.0031130676276409346,0.005891293739706551,0.004316698356495044,0.16717788515839066,0.3332592760992601,0.3782642584217103,0.45420691787171896,0,7.1177491019987125,7.9038677033049405,13.98477965808927
11,Q-Learning,No-Charge,3,0.0048373321189200515,0.0064905525709908615,0.004144614969622865,0.1571739138517609,0.27614394983425344,0.33314999956359925,0.3491304499160027,0,5.151438526210223,5.7911290329272385,9.931495251256276
11,Q-Learning,No-Charge,4,0.005527492409753615,0.008407836557973667,0.004377080198169194,0.19300773661588486,0.34644580977885975,0.3379979336341462,0.45335329358786974,0,6.103290235762512,7.524969158360702,13.949463851694524
11,Q-Learning,No-Charge,5,0.013452788671861586,0.01778248897875679,0.007531757420978242,0.1280612396214403,0.28808001565244634,0.306506528074233,0.36289443950090877,0.042095321454915686,4.454376441762453,5.198673133336214,11.595486845548628
11,Q-Learning,No-Charge,6,0.023262746337137874,0.039406394735770026,0.017184560015461495,0.3924181793487926,0.7312679564569577,0.8714912342904487,1.070044573919172,1.6452020010122974,26.53765841508866,36.251234697083454,36.45846371466733
11,Q-Learning,No-Charge,7,0.05033647547597375,0.11384579023864949,0.036490013547199475,0.8167185774802078,1.4227620067959936,1.6403928204862555,2.055751221862679,33.77669636636768,62.639980052445075,63.14701965471834,59.3634404493556
11,Q-Learning,No-Charge,8,0.06803054321674033,0.3030104077160777,0.06665731079923413,1.4022224395676464,2.4616688410811105,2.893677553949946,3.165821594017991,87.298005236761,82.5993746889564,84.47243239851288,81.76129272224001
11,Q-Learning,No-Charge,9,0.06600306442303595,0.47754010670585295,0.07084979950707519,1.702541176860845,2.8423940148773634,3.564365937704606,3.722917662443687,92.16716725751829,87.71378563065721,88.81200589877426,83.96886758785539
11,Q-Learning,No-Charge,10,0.03724649986389232,0.4615951896632333,0.0372366027789935,1.5261247078918823,2.5242042031655845,3.1613870019772023,3.401754639170825,90.39315282019335,82.8220256745084,85.57595530052544,81.93029987624534
11,Q-Learning,No-Charge,11,0.03817841529836654,0.3540820435369422,0.020059133347202787,1.2219790035063747,2.076968657574021,2.377417776080936,3.004322877136557,76.29062105658325,78.0531814074636,81.80020913074326,77.94932233674582
11,Q-Learning,No-Charge,12,0.03955135741127391,0.24205499154927013,0.021198165125122955,1.0444291334223725,1.9105248563817987,1.9267137170156279,2.926445309251064,59.01084402564263,77.41496188316128,77.76603812683832,74.7985627463787
11,Q-Learning,No-Charge,13,0.03938293822812716,0.1302887992837751,0.020054700162041958,0.8906318775911103,1.806157454399716,1.672051429889675,2.6430682117239495,44.52469815901469,76.68673612677516,72.986359364779,66.84712745068092
11,Q-Learning,No-Charge,14,0.03778142101121511,0.05195153218501429,0.017710825924688645,0.831180609062122,1.6890941987430048,1.5731512267799845,2.4222595484633627,41.649268667576685,73.8797836881188,70.99528493402039,60.556868120297814
11,Q-Learning,No-Charge,15,0.03095029878866726,0.05018902804634928,0.02247148286752992,0.8333404561465861,1.530705195563493,1.6460834872615255,2.1569815185380428,35.525358315304615,74.01476486910303,74.15465837568168,58.944399597651014
11,Q-Learning,No-Charge,16,0.031193909208515405,0.06882905314076784,0.034868747020226576,0.979677828105482,1.654395695177766,1.9178924874371994,2.2637466224519547,63.109420319273426,76.21157808319487,77.78310363066726,70.7675080513298
11,Q-Learning,No-Charge,17,0.038408449142347416,0.17548558005389392,0.03761205398240905,1.263704607512645,1.9570052322973401,2.286047872687235,2.982192317788551,81.44992541566992,77.44566927704511,82.68910123153023,78.98214469315214
11,Q-Learning,No-Charge,18,0.034460484900413535,0.16163130867186104,0.036426411225235086,1.3202564867710989,2.189610172380918,2.4031520796615244,3.187300077498766,85.97953343830157,78.18068815514187,84.08190427885917,78.62926237291093
11,Q-Learning,No-Charge,19,0.03502710557337334,0.08839559096593891,0.02290775542326055,1.2237961201885437,2.0589207984340425,2.165987508263513,3.0617064238659384,79.97110044555168,75.96811033326175,81.33996266582123,77.32929564479603
11,Q-Learning,No-Charge,20,0.019298611885236842,0.027614981227369436,0.014359849773289636,0.9452380824685201,1.521053880250581,1.7200355623409682,2.2550140694047727,54.39015336476196,68.90763020958205,73.14557426476891,64.70937146894865
11,Q-Learning,No-Charge,21,0.013367901506844398,0.015419893934529503,0.008768043665237903,0.6246345323856698,1.0820420522652903,1.17051145617277,1.534275492284553,7.592944155748833,47.18801354568579,52.73190486733013,48.73104247655624
11,Q-Learning,No-Charge,22,0.006836936505799686,0.008085924387582153,0.005858389088159169,0.3941174545045167,0.7637475089772537,0.7978242883287918,1.0376272870290735,1.7344370321687506,30.408256179256167,36.118330092957954,32.694539631074285
11,Q-Learning,No-Charge,23,0.0036966898613064,0.0074592753411777,0.004721397929329324,0.27291902291114273,0.55191575647984,0.5675498859102334,0.7202300085900433,1.3631168764604484,13.72126085510374,19.939729623406457,18.573973451970428
12,Q-Learning,No-Charge,0,0.006461047742837533,0.00663193305168839,0.00398064330038036,0.2064490924266851,0.37311110549776055,0.41486620993203727,0.4934288342424503,0.5951965493176915,5.745337855369272,6.391376246474865,17.913413144257515
12,Q-Learning,No-Charge,1,0.012917423029657028,0.008664509794716644,0.005489958492890435,0.18362150870781208,0.35922222016402855,0.4451218989236803,0.43278358345388684,0,4.0119557801598305,8.64858774182162,14.215166379480976
12,Q-Learning,No-Charge,2,0.00792031588128768,0.010900387067865301,0.006526078023933427,0.19802507927942561,0.3690001562056872,0.429750905143278,0.4991376596716307,0.12991339716635017,4.749228052809317,7.005300981659475,13.836360936185935
12,Q-Learning,No-Charge,3,0.007386102123911962,0.013228853314082132,0.007576212638772533,0.23029696309603712,0.4322326996227686,0.4681456783629456,0.5570818754632842,1.6257102989721541,7.072351432316362,11.418386752085999,15.708032840018502
12,Q-Learning,No-Charge,4,0.005666741972042966,0.005665288304812442,0.004270436929761447,0.2141578783137956,0.3867421108149265,0.45239662139709497,0.4908114290774339,0.5572959065527499,7.859244463613232,11.380862964038943,14.115954249307602
12,Q-Learning,No-Charge,5,0.00702320529315864,0.009892167474350495,0.004751481796623632,0.10584004197181007,0.23017234667080028,0.21756839795698515,0.32124685543896775,0,4.661132284755379,3.030515894315808,9.876664443037942
12,Q-Learning,No-Charge,6,0.020368732439363674,0.02752206509387713,0.014845601375953326,0.38446378448588614,0.6929856264262539,0.8048510536535957,1.0478536124663143,1.2975272856379543,21.22051476209108,32.399508330263565,33.13998228765425
12,Q-Learning,No-Charge,7,0.03448996981870156,0.10715091974663568,0.03660030402821468,0.8045718619271702,1.3065719401115103,1.6475812015355296,1.906688067973099,29.81893353797474,58.41963453165179,65.32402820937327,56.08614681987989
12,Q-Learning,No-Charge,8,0.06136759098416917,0.3007209594004281,0.06240255533396554,1.4054016518022725,2.183685801003949,2.68273366692569,3.089572581095331,87.68772307778156,78.81760644466915,85.13475057207725,80.709933041547
12,Q-Learning,No-Charge,9,0.07469749252951564,0.4607990963273408,0.06104007308163271,1.6777894619432803,2.7391200111665435,3.2975495574648663,3.6836261676171405,91.41410557929441,84.74961935335125,88.71779227461292,84.75259965518232
12,Q-Learning,No-Charge,10,0.056148727415515,0.4889182542443993,0.03401660190151844,1.4917060974774554,2.5281681526980937,2.9136968050018366,3.473895333262357,87.5659058198094,86.26256380160264,88.86817124708229,80.806144607956
12,Q-Learning,No-Charge,11,0.034760722461114266,0.36406920318155833,0.02575073857300263,1.269617641845853,2.1683800587985416,2.3278458636510906,3.1904952644340017,75.16733507745197,82.91105171177678,83.05242030283011,79.75797622596181
12,Q-Learning,No-Charge,12,0.04776187650966179,0.2437086507217445,0.021805569445665092,1.1032320183612605,1.9913308400923893,2.0250473303762346,2.892785284774921,60.846557249716895,78.74035362011199,78.06818527263145,74.80583319786564
12,Q-Learning,No-Charge,13,0.03343431808130556,0.11685384028896544,0.02316256511802868,0.9462314775077728,1.877655653797708,1.7944060027017117,2.7970261513944257,48.16774254259007,77.51400989477402,73.90540820940836,74.88474392135491
12,Q-Learning,No-Charge,14,0.02567158668560412,0.040837328336255335,0.019194793759888844,0.8644425553108749,1.6439216858539647,1.7449047489088014,2.336624239877991,42.78350724513911,72.59665870084895,71.5047611819404,65.81000715402394
12,Q-Learning,No-Charge,15,0.027717054098307645,0.07204235031140506,0.022685653812631,0.8293493566255521,1.4617466883445565,1.7665412498113287,2.174029499158662,38.601475604479276,66.64481895689538,72.4576734963542,68.49277585482682
12,Q-Learning,No-Charge,16,0.040697064562760586,0.07614001389407,0.03396386559163934,1.007227559841528,1.7209493528980477,2.0785523097935097,2.471968577909953,62.27074142705958,69.63609404976131,74.69595793739921,76.19244923651567
12,Q-Learning,No-Charge,17,0.04331870830099908,0.15497859584786167,0.042021483576746364,1.272732642532791,2.087510777853332,2.527033186917494,2.88714433802053,81.36491458062721,79.15632262427364,82.64338819685112,78.93261379140839
12,Q-Learning,No-Charge,18,0.06525453626560263,0.19822225226142512,0.03537581376250086,1.4037080900104,2.3697251755773534,2.567449140442334,3.3655016231826886,88.19182083639703,83.94413417706127,87.30876673752606,80.0995353817064
12,Q-Learning,No-Charge,19,0.02307304843185257,0.13216352462192052,0.021726172202453792,1.2608308285148315,2.2418104105475947,2.1955946817894114,3.1806362113308064,77.88094629492424,82.1236320329411,84.30164887267931,77.77224717415183
12,Q-Learning,No-Charge,20,0.013919924051550622,0.05962034925607123,0.013445611997918707,0.9485505034831455,1.7048255703543096,1.6614965876675587,2.3521784105743264,52.29026254610201,72.122136141539,70.67593960221164,69.60852276977938
12,Q-Learning,No-Charge,21,0.006554984655163702,0.015502409319737821,0.007826154226181842,0.634013715247763,1.1165875477520586,1.1131317492749786,1.5439636148052165,11.196159805174428,51.321454625121895,51.0792030877977,48.11075163936003
12,Q-Learning,No-Charge,22,0.003520330885245367,0.006030898401005377,0.004967443263291801,0.42129559397094196,0.6693389987775644,0.7464632305425507,0.9936549423333382,2.3136605483616957,19.00951838985514,29.830109028858374,31.18057058896477
12,Q-Learning,No-Charge,23,0.0035588895749122584,0.006709967854549089,0.005194689219151779,0.27391935511723575,0.41243901381464987,0.5386870971397009,0.624291626967198,1.558381774195864,5.9504701713583446,18.23406307927856,18.495445083864695
13,Q-Learning,No-Charge,0,0.004980282651618085,0.0052085470765667,0.004640111200068574,0.21786284216152751,0.36994816999972235,0.4193414357414711,0.4623689787782493,0.5711470534352349,5.437828286662032,7.317790877458848,13.314030716029547
13,Q-Learning,No-Charge,1,0.007785958317344637,0.010524460235857397,0.006557634663242638,0.22446728199435342,0.4242902252745341,0.469190582006104,0.512531288716325,0.3789321018805346,6.255213883729956,15.228343373089556,12.423339903270085
13,Q-Learning,No-Charge,2,0.011432285646706368,0.008177989699953397,0.005793006381683676,0.21795900130596024,0.4345924426776143,0.44509925919924154,0.48788842754579886,0.0084979513348792,5.781426883692796,13.319131789647237,11.240033152427461
13,Q-Learning,No-Charge,3,0.009701946930186727,0.007783064944891608,0.005429629698237063,0.17328206735956247,0.3722751352595113,0.40045444837720184,0.4230424251902561,0,5.3732085736507615,7.376867378295611,9.344964683220544
13,Q-Learning,No-Charge,4,0.0072387963074286785,0.011082839991671412,0.005568826529994442,0.17104970085482163,0.37686542222717473,0.400549763081995,0.4653260455422062,0.011640613077467199,6.607229343985111,7.1440653046033,11.052807094644628
13,Q-Learning,No-Charge,5,0.003821494028147349,0.006657535463827489,0.002489500238503103,0.07422014972402781,0.18415494336126342,0.1679369535102734,0.2516005206761751,0,3.747889482080293,0.34328604239348204,9.200715806326658
13,Q-Learning,No-Charge,6,0.010848670499433215,0.023773322043950322,0.014759809582398541,0.30116060992350974,0.4816822395300584,0.602232848961227,0.7799979470913991,1.1811929667548065,11.425096707453445,19.176985700852974,27.58828727763058
13,Q-Learning,No-Charge,7,0.04254709965803565,0.09876655444346007,0.03733187923443368,0.7960883632387195,1.2129467567353476,1.56727395939851,1.86699810037291,33.55692270388596,52.904965505348564,65.51807099188122,64.76360267317023
13,Q-Learning,No-Charge,8,0.07961645880303464,0.2961151843661933,0.06834504959514624,1.421897236614266,2.2304292736044347,2.8670165494490973,3.0790796064878045,89.27382398051003,81.37552213322728,84.6848824607978,82.14432378804159
13,Q-Learning,No-Charge,9,0.07843777091716951,0.5122290287164334,0.06985471567460218,1.7631908649883776,2.9249804230654974,3.771888391281797,3.7403071117286255,93.34749328685602,90.18140596034726,89.93500886982918,84.3162255853477
13,Q-Learning,No-Charge,10,0.06093396977548649,0.5425490660581412,0.04269184316515727,1.5531911977343817,2.730909031355044,3.312277369954841,3.681291005921963,90.22034216295461,88.26440883826659,87.41392654523305,82.94875121332892
13,Q-Learning,No-Charge,11,0.029751291878697246,0.448131689804608,0.02431425108037025,1.2596268856560076,2.3167174083375226,2.463924980762152,3.31259371076133,78.01465028413868,83.57584271145429,84.65917654390161,78.78980128667281
13,Q-Learning,No-Charge,12,0.024396987790311152,0.2668565688531273,0.01759591669960645,1.02516041749254,1.8710464773889441,1.8566837305675779,2.8506599514723017,50.39663378008177,73.92485457256159,75.00746632981004,73.77058067412608
13,Q-Learning,No-Charge,13,0.032556879190066536,0.16276371140301882,0.018988360625793368,0.9602362518469159,1.7599099106567735,1.6132530919379313,2.810317028804435,45.62771382339404,70.61232800753956,64.63046527873831,70.8891129868778
13,Q-Learning,No-Charge,14,0.03345972057345018,0.08195595780065962,0.02226296382222873,0.9630071738149536,1.7699226750108679,1.5081819425160226,2.74268029043918,46.14539320224684,71.38497169401434,63.319244900457115,64.72195091607574
13,Q-Learning,No-Charge,15,0.027346824371287794,0.05112238596825283,0.024914469794200703,0.927555995204014,1.6645140953899793,1.6133485423825868,2.5066956181978868,46.8820096919789,70.69628841117046,66.09887248915366,68.42078836557552
13,Q-Learning,No-Charge,16,0.0229829970490001,0.07155126185475473,0.02787560807386952,0.9644668847121771,1.596506889481646,1.8043482581883172,2.382104654420259,61.545647085445815,69.80820799479876,76.49038835905557,75.33278484241482
13,Q-Learning,No-Charge,17,0.04155190971990152,0.14283562779701103,0.03555576360783622,1.2063904628485078,1.9654316460108323,2.1830920491804124,2.950386052997181,82.16245611572283,76.8010169130327,80.95273919962521,78.3446689089429
13,Q-Learning,No-Charge,18,0.04260417049945086,0.17120473556861268,0.03732661243896809,1.3036711980486786,2.193813310699737,2.4715395759565735,3.3698495395940182,88.2446178336172,81.00998245819886,83.78011187837026,78.61687778231288
13,Q-Learning,No-Charge,19,0.03228491835484815,0.12021602537097253,0.02542570124792688,1.19764687109739,2.060672896721796,2.4600914027804213,2.9520655509058678,79.53036969075596,75.33753265974755,80.90002352618195,75.63381141915578
13,Q-Learning,No-Charge,20,0.020813983257693937,0.05191941705534229,0.017782026838917855,0.9652328808216727,1.652844889873274,2.072107177397099,2.2227249888103002,56.578556919476846,72.24930886313682,75.23448889014298,64.42483189238659
13,Q-Learning,No-Charge,21,0.016141880933174677,0.0144560743675126,0.008244194354668829,0.6783304171671327,1.1156226991130849,1.3169040846462778,1.5605718407479359,13.00202475019511,52.57665525694368,55.73506588408818,51.78022543491201
13,Q-Learning,No-Charge,22,0.005337555284599389,0.010531457903032107,0.0049510957859610375,0.4017765983987597,0.701884269529685,0.7609048731339054,0.9539111980921139,2.1481597366633753,23.136660593933424,30.8187062917162,29.335021836562284
13,Q-Learning,No-Charge,23,0.005375126761342253,0.006657416781642961,0.004651667265345034,0.2606735357507027,0.46988190217897036,0.49460104244429565,0.640663973214455,1.479168610369476,7.742034497259606,10.626622678112753,18.413640763876813
14,Q-Learning,No-Charge,0,0.0047216024336532375,0.009269369054996717,0.004424766316008072,0.2589320661490047,0.49694587432701504,0.5276617548976951,0.6963487128163659,1.1466484393967216,8.751708151935125,18.57504434758614,19.80908885602963
14,Q-Learning,No-Charge,1,0.008421438632040089,0.012309026342553665,0.005114654173050842,0.2106478790918289,0.42871519848432654,0.44236539898064886,0.5681563535512275,1.4702926246591166,6.900499873108011,9.59381975504893,21.582070604443192
14,Q-Learning,No-Charge,2,0.0059381616521249824,0.011056001818053105,0.005089796434100894,0.26008751300033034,0.419534112532811,0.419346341798619,0.6925009930993493,2.5198515394203507,6.649775914948156,8.62673305565873,24.795701548940276
14,Q-Learning,No-Charge,3,0.008968963591978518,0.011028075578968278,0.006026928040854779,0.22395737475324926,0.3968788065343747,0.44760604357213757,0.6130334289926775,1.2922866137314521,5.782528477853784,9.23700174288474,22.78218179287827
14,Q-Learning,No-Charge,4,0.005228501106288081,0.006136426183869232,0.0046761105361907696,0.20429017480304426,0.3774578586257788,0.4621365171145309,0.49624225484428774,0.5123446568229698,4.840042189017855,8.648392209951695,15.173410111911119
14,Q-Learning,No-Charge,5,0.005220203330991703,0.006515888779731937,0.003682490912902951,0.05656126731594986,0.16215420203017905,0.1810526702061067,0.18408393838240153,0,0.9860016216904913,0.9320324764483727,4.250642175274515
14,Q-Learning,No-Charge,6,0.02476017621757276,0.03319171361174791,0.014276061039606096,0.2934435928957578,0.5515080280242242,0.6125207980689382,0.807908605828996,1.3805596927182944,11.719503317134555,19.579715879705255,25.38478843127393
14,Q-Learning,No-Charge,7,0.03946325060122886,0.09400805406710395,0.03434052990864194,0.7663374570734177,1.3765410901125077,1.4960843884615325,1.8732651305471177,28.88276970774664,60.90435201063162,65.53125988138088,63.388738071489584
14,Q-Learning,No-Charge,8,0.062223438058590604,0.22817983902172354,0.06293891456891827,1.3385294249078854,2.1543262715986544,2.647828932520704,2.8280696493251267,85.052864883421,78.9797531251223,83.39927721580911,81.95558277787907
14,Q-Learning,No-Charge,9,0.09231938807016027,0.45865083208039853,0.06777313067477175,1.6858781689336755,2.81753484753782,3.3868146272856343,3.6972111614734757,92.80016291445924,87.46177300328186,89.36745346545102,85.10683738224579
14,Q-Learning,No-Charge,10,0.03375869106890037,0.44097577419553524,0.03682304702769914,1.4906733415156368,2.5787521108881077,2.9848554084816303,3.5791631767249577,89.77349879921424,86.26678577635722,88.03850374647354,83.44266691011336
14,Q-Learning,No-Charge,11,0.03571037548656597,0.3151243485303295,0.024265916482760858,1.197472822060226,2.065319453197056,2.322900930979588,3.114440397189516,77.30386211452726,79.43441615983635,80.14333470558795,78.72113064977519
14,Q-Learning,No-Charge,12,0.02773163512405351,0.18653982586387446,0.020136458469743424,1.015916132531081,1.839867490275673,1.725787811707152,2.907160795201654,54.99659486430385,72.44588834603591,67.57023186764104,74.38644516775685
14,Q-Learning,No-Charge,13,0.02946221262695665,0.08728795704148128,0.021260375480794347,0.962957096198709,1.7864640200934778,1.598808837790555,2.746502755525404,45.10828352102381,69.61240830032798,67.00044659659851,71.03792851892133
14,Q-Learning,No-Charge,14,0.03925354449901958,0.05618723769661384,0.01917846998024233,0.934681463667856,1.7306912437282047,1.6206820375482331,2.510013561128619,44.67258132490336,72.83461604834497,68.17516779507507,68.41400185351107
14,Q-Learning,No-Charge,15,0.03260839432847359,0.0477390619767471,0.021211328954819964,0.924935408673368,1.6102216619463408,1.6706645780778617,2.277900211404807,51.26333622384236,73.99244469078981,69.51566918246189,68.85169327572761
14,Q-Learning,No-Charge,16,0.03580659296684802,0.08699807612880218,0.03124232827335414,1.0350998028752099,1.832853544520356,2.130669724502347,2.4642448569014483,67.80185296103063,78.65001626094326,79.83113448913987,74.0203118112437
14,Q-Learning,No-Charge,17,0.04818412578227989,0.1399013346276069,0.04115073142157548,1.251360456781418,2.0934108041955137,2.487510551780143,2.990788906588258,79.76360917609158,79.74738089399712,82.52186790040065,73.74290689792016
14,Q-Learning,No-Charge,18,0.049935244332779544,0.12739565262552646,0.03865817799875914,1.3631441278181655,2.3307217122146913,2.726195254548911,3.157128217872795,89.07743807545302,81.97676688575088,85.63199997375492,79.29881993649312
14,Q-Learning,No-Charge,19,0.021352232630299173,0.08281922694812768,0.02025613550011071,1.1721185618681014,2.0291831262174473,2.37424975971712,2.84466395428335,75.79174105532832,78.09862959378255,82.88120804451789,78.33802824899607
14,Q-Learning,No-Charge,20,0.01683435458907145,0.02571142010946935,0.012863232580904318,0.8158858751971778,1.398195386059446,1.5789865657425606,1.9675236687812776,32.19418865297453,64.51508609139262,66.91326487080003,63.10636032022491
14,Q-Learning,No-Charge,21,0.006856603834790679,0.01674786114255934,0.009981904469832784,0.6099108751043943,1.1114896404592918,1.2324030804215351,1.5721535513519695,8.150895810832955,54.12308950903374,54.40911903088464,51.88964776501192
14,Q-Learning,No-Charge,22,0.011573605704721131,0.012996173888254374,0.006706941097811828,0.39408571094377426,0.7379413044878379,0.7684279206748492,1.0470923312502367,1.6337554737451196,20.874766953679266,30.29623783450051,28.574553751533045
14,Q-Learning,No-Charge,23,0.004526787153073417,0.007807641550405042,0.005405556838538599,0.34579551932373226,0.6182254308311569,0.6594486480607364,0.9249662571450286,1.4104656342425834,10.217883281934546,22.488099569544733,22.558677061298894
