day,rule,regime,hour,fA,fB,fC,fD,fE,fF
1,Q-Learning,tou,5,116123.8525160263,14424.845976803272,2743.1484475552256,1139.0904190266276,719.8412631160859,350.9069276457886
1,Q-Learning,tou,6,329377.95953918726,135041.3915847136,89915.26751311761,36710.3218334569,18557.251359357226,50265.479648604756
1,Q-Learning,tou,7,208009.524435171,269733.38457781076,334213.00930447126,306396.486148524,174014.03314167287,520961.84218895406
1,Q-Learning,tou,8,112260.09417162045,184875.98000038994,257462.67319332407,240852.99413959568,222985.86558932008,2795496.433167612
1,Q-Learning,tou,9,93453.06522491173,170711.8953366132,228372.53532941782,218791.2499562295,157916.61948987836,3808383.600274509
1,Q-Learning,tou,10,106466.75765401774,204154.3936102857,187691.25120724176,280165.37829533574,256870.0381114377,3120652.1696913973
1,Q-Learning,tou,11,155311.06547225537,211263.14546458013,270151.7419148925,361901.9616721518,224862.6326892423,1985612.994575537
1,Q-Learning,tou,12,193197.7675366604,176300.72198968107,406940.01818226406,347890.57767238136,228885.66332496027,1001290.5425296259
1,Q-Learning,tou,13,219126.160027291,221634.98458886598,413974.3960661454,294484.03593699244,168973.7634560799,524192.70402691327
1,Q-Learning,tou,14,218726.40318142946,339943.91181435256,328741.03906336694,215640.78196292627,115410.33900796475,393863.6990942634
1,Q-Learning,tou,15,216569.9698024076,254016.22319346815,431383.13046074135,288553.6434673783,113065.30721525975,413304.8322201041
1,Q-Learning,tou,16,178475.2542005395,184033.93907938505,370305.9643780334,431711.42505056836,245052.8865122346,836154.0202193812
1,Q-Learning,tou,17,146511.21017132438,177424.2291411097,228494.9717519405,379896.73857339926,299173.47140011116,1819202.6975029076
1,Q-Learning,tou,18,126753.17693206639,213505.47284985206,194181.76415759698,388377.891079935,316355.94349681446,2081610.5382213604
1,Q-Learning,tou,19,167188.39086770706,184898.8374602637,304368.27210764406,415653.89517614176,276076.67766844324,1309610.70996705
1,Q-Learning,tou,20,208330.76351648488,256809.47922289238,426578.5460704785,259807.88815006346,153279.58110118116,388440.66917700495
1,Q-Learning,tou,21,289978.196690244,323562.04941799183,193378.86483583754,92756.25697631517,31291.03946195874,118610.97217060457
1,Q-Learning,tou,22,380567.7809065057,143431.94540594917,87631.4936840853,34796.55650334504,17353.593227413,50307.81191573533
1,Q-Learning,tou,23,351693.73225727695,114650.16962366691,49854.581253370634,14877.30689168416,4983.662341648996,41455.96035595096
1,Q-Learning,tou,0,306037.954516264,75494.67062180076,23469.5907896156,10611.099434524598,8343.546851883546,16305.359525193218
1,Q-Learning,tou,1,297422.00338780216,53764.5426305567,14054.415418986786,7040.952999587054,5546.189267718315,12403.993809283087
1,Q-Learning,tou,2,304408.1643435743,83784.2459393527,42556.99551431399,9963.399173386193,2953.516629433505,29251.663644437107
1,Q-Learning,tou,3,297256.6721261453,81629.28560069612,32633.53782525208,12164.575639204122,980.0058005475195,33331.46997806682
1,Q-Learning,tou,4,296796.82128541835,68335.50240423721,25261.33967993582,9643.947602211578,3583.196406185481,28592.2429467558
2,Q-Learning,tou,5,122583.80487315106,9932.983033867209,6064.387672161215,1197.6339184850635,1395.5927383687936,795.9141487350224
2,Q-Learning,tou,6,350804.63475228334,165839.65815444215,83883.68728460862,30895.122045388078,12426.429150965998,54273.39186470676
2,Q-Learning,tou,7,224214.66555650238,283054.32538172154,422366.1885173623,199230.9370412544,108616.4120519459,398126.0034542722
2,Q-Learning,tou,8,144164.3068639374,168857.4829895714,237422.48628970433,408300.20033424825,306133.8287438065,2068419.3114334897
2,Q-Learning,tou,9,94570.67301455983,166582.01891473136,254323.2778164804,176376.32182011553,211299.6340184487,3736247.5875863973
2,Q-Learning,tou,10,106014.94969515278,201821.0341905036,212481.6834867907,246673.24937325632,237811.16052980672,3354571.657613745
2,Q-Learning,tou,11,145201.18486778063,218969.624202916,281353.63439980114,370186.01026125834,208922.8194984336,2024874.1317944184
2,Q-Learning,tou,12,195552.54651497907,235516.65305579512,344905.376316597,215402.12735539093,189536.52099934872,1316129.867123404
2,Q-Learning,tou,13,173640.4051064353,252903.89616585226,397980.1362755129,243218.54913906788,200090.51585625645,859053.1676829524
2,Q-Learning,tou,14,180643.6550891246,283560.7351720739,402108.02402668726,307572.94221029326,179310.5406945284,588967.8952203485
2,Q-Learning,tou,15,190764.47062140703,211778.09195024712,464245.8711660381,304732.7782022069,178167.79741869506,551090.328063258
2,Q-Learning,tou,16,193341.79276831608,243969.29098636334,381185.1055707944,338805.6195932248,239307.41933081532,752628.3141264622
2,Q-Learning,tou,17,155075.61071242456,204857.2469346595,240537.80317295363,382099.0046367014,368926.96707868966,1569311.8566801376
2,Q-Learning,tou,18,140146.6526197384,197410.0369291948,277842.1665440346,380316.0032051086,365904.78035966697,1701760.6323023248
2,Q-Learning,tou,19,152971.68675291268,198758.32432805948,340348.6000671114,424370.8846431562,241036.65451250403,1354531.3904889028
2,Q-Learning,tou,20,199462.06357659234,237060.72672429928,432608.18648914027,339004.9351630227,166296.31870551407,521413.29754879395
2,Q-Learning,tou,21,230927.58074440493,332507.09475697955,324696.2300670037,115590.17138224302,63663.60088817354,203485.10874605834
2,Q-Learning,tou,22,354060.83030996524,221209.77613231738,59348.414594057875,22267.615349682936,9259.982057270436,73109.53531745991
2,Q-Learning,tou,23,326787.6209260756,72743.26641347594,29296.468546976143,7828.342636359691,2402.247643410973,34125.64703674934
2,Q-Learning,tou,0,285177.38308474317,60409.56268086935,13067.215862035206,5822.191612544108,2108.6727700428964,25639.267104101164
2,Q-Learning,tou,1,277817.53665383515,50644.14072530093,12147.985442564159,5184.581670195846,6320.458308245745,17351.363349141713
2,Q-Learning,tou,2,266334.1401947345,38499.46986407767,9585.310333360218,7289.833591599736,9399.654014162132,9129.382627360836
2,Q-Learning,tou,3,265666.6056972623,47200.248560470056,12431.957074271915,4932.6813569782435,6631.963795630818,13068.506350719097
2,Q-Learning,tou,4,279008.3780313637,60621.71795477966,12208.101521060677,7647.927308167995,6473.566782247653,10652.087455290557
3,Q-Learning,tou,5,146987.18378323148,11348.441481166892,3740.352012375931,2558.3515213316578,1308.1214126610835,1950.5595395148855
3,Q-Learning,tou,6,318782.88541967963,142690.26990603004,71929.84503222967,46208.772058215116,21994.8564316958,70852.15043383358
3,Q-Learning,tou,7,230840.8536515643,242100.75899074663,331086.04424256686,230259.45292616566,132681.55056180037,494307.1427028716
3,Q-Learning,tou,8,129028.2407194517,190870.64292862496,233969.65784036194,359265.4157738838,280866.220016268,2318021.728562722
3,Q-Learning,tou,9,83081.86996372296,160906.72212509476,267254.5446157169,181630.86314297307,193905.3057375743,3784316.4423498265
3,Q-Learning,tou,10,117749.6520128124,173531.1047519573,206306.3160439195,269616.7521282287,233367.5175059717,3035840.071970657
3,Q-Learning,tou,11,155457.2113304768,173911.5446238297,315751.98593962274,415875.33898005896,288960.41034404736,1604571.9620860952
3,Q-Learning,tou,12,190941.47478362932,256710.2461697888,357450.70740397857,332828.948994685,199113.49255266727,945302.0848593945
3,Q-Learning,tou,13,222325.2234028783,260684.14048087527,380936.1080655437,284806.5179154023,164903.27959125224,531496.4892921671
3,Q-Learning,tou,14,207745.16966854365,300464.5899887809,307034.5991591513,316563.4507020527,150204.12293030904,421176.2211219695
3,Q-Learning,tou,15,216108.97270467473,319749.1384952957,415025.2183895353,222588.0859069394,126565.56132186358,373646.6975085465
3,Q-Learning,tou,16,188646.198103565,231400.08718224286,392077.6431813029,343037.7069435616,236874.6233009777,770386.2478768397
3,Q-Learning,tou,17,159120.10471559747,186728.25696419398,266586.332183729,413193.5760906196,275030.3725608667,1606170.818377475
3,Q-Learning,tou,18,134247.55233335705,207058.51730848488,240824.209861517,474105.0301706428,291997.9351366706,1582979.9091947344
3,Q-Learning,tou,19,168152.81876741504,202786.5902017229,330416.94473099185,481676.85620081605,228633.2679828834,1169304.7843654852
3,Q-Learning,tou,20,209399.01842488415,297216.20297505567,427932.7643203002,256952.90782818614,145607.90127310032,469024.7120917202
3,Q-Learning,tou,21,312894.60354584135,289098.72306105704,210246.52671422344,108317.6158292705,54772.73233834301,152596.5278044752
3,Q-Learning,tou,22,359625.36049822904,179391.20159850846,82181.7300041088,47477.537585487094,8584.780753841065,71297.08857591356
3,Q-Learning,tou,23,352928.86380477744,71540.68521644728,33114.20155822306,11994.160935220272,2785.0474416696525,36174.581433202104
3,Q-Learning,tou,0,308266.86740623,46339.635692775606,13343.30677243315,3068.9870366742507,2379.2572600989597,27195.085756615095
3,Q-Learning,tou,1,282559.7886807883,53152.25943570337,16838.634207972955,6991.20038196497,2005.4226700461477,29786.967997186955
3,Q-Learning,tou,2,270373.75711827993,44567.352761590926,15562.590554379169,8362.34348739483,2107.0867146114747,29647.296385929523
3,Q-Learning,tou,3,302640.5793688785,41590.254397158744,27217.541048871197,9845.848811494227,2946.375234578925,32523.946569422435
3,Q-Learning,tou,4,309286.03686562035,63882.305479544775,26811.552403398866,8207.702673957261,2416.9990292323973,30330.058199117135
4,Q-Learning,tou,5,95929.42454109857,3321.583377132817,2733.3837877967208,2721.9402208370448,1595.189274077433,134.45835972209025
4,Q-Learning,tou,6,311486.58936418913,137503.12718595986,55417.14915985876,20378.74775732474,9670.766563957448,42265.08435282466
4,Q-Learning,tou,7,227024.00992951606,332634.0839835668,360034.6587035673,173074.6889836165,101653.4490505117,328336.0788232757
4,Q-Learning,tou,8,134116.32343659122,180847.05501168733,284493.00195091125,377264.901369038,304702.75732148514,1890909.3882148587
4,Q-Learning,tou,9,102497.27554789033,157532.1646100873,262242.3735384321,236686.08799400757,252471.44334594777,3162451.6418693634
4,Q-Learning,tou,10,118301.89622304708,191645.4434593033,214874.4441328128,306157.4011646478,279227.7010153261,2704144.804611161
4,Q-Learning,tou,11,176109.85587830745,168891.18459948982,389600.3932154937,319475.9514215361,278829.32396977354,1404590.6367820527
4,Q-Learning,tou,12,216639.97441212097,303068.2884685812,315679.3766386825,311238.58190105803,157821.80729776813,550662.4964142016
4,Q-Learning,tou,13,215366.99127768763,385154.80703235604,309101.22216343,148861.8903300767,114526.86124436691,311465.2690805552
4,Q-Learning,tou,14,240507.69639601285,337749.95960278803,307622.07883161964,152083.21690263823,64178.38576611252,221417.7280225482
4,Q-Learning,tou,15,214285.65676513812,314313.8610195719,397861.9164827683,208736.72894712814,83275.57267251132,281350.38823889534
4,Q-Learning,tou,16,180031.10134682377,229156.24489850507,393079.0379328751,456897.9090122073,223445.61533664688,625389.542233834
4,Q-Learning,tou,17,146851.81606248592,166279.916721585,276428.7500605585,422304.43882999883,351042.09230002,1558445.5204046606
4,Q-Learning,tou,18,136686.05431937214,202519.36852580344,214285.49945686234,463080.2840105632,397082.4170688434,1654329.302756176
4,Q-Learning,tou,19,186824.34382178102,179915.78295040765,378225.0858724874,526487.2837691486,201066.76345052005,930401.5687237823
4,Q-Learning,tou,20,222382.62293431393,239801.90270957715,467971.8989377705,244757.60104690806,158977.45418724866,477400.6889778633
4,Q-Learning,tou,21,271826.69936041493,357081.79500359145,180556.24665840893,124250.96243388705,57294.54971015004,165935.93362347104
4,Q-Learning,tou,22,371112.70429838385,164361.0186211865,88765.71774795365,30393.00612228609,13081.28245722022,59351.52435783493
4,Q-Learning,tou,23,336066.4647874173,95492.69448477386,75249.58620171616,29305.781383206126,10350.68355737605,39857.17274915418
4,Q-Learning,tou,0,296474.64473326853,75185.65694991474,19938.658572387954,9063.048310821265,5433.372654423565,22295.354248155287
4,Q-Learning,tou,1,245045.0792388713,57466.51921487665,6190.96469549469,2753.0668111604055,6459.321002057943,16506.106049857095
4,Q-Learning,tou,2,251936.21149269532,43751.594299984245,14351.310147187098,3140.9216642409483,5816.191326826919,19462.014898454385
4,Q-Learning,tou,3,245918.6448744863,53545.490004614556,19221.03834895141,6687.046690436869,4288.841463625793,10897.820233651068
4,Q-Learning,tou,4,242082.08435590845,57460.07983653625,13611.07361236393,8976.365299583125,7871.028401842012,1365.3094331276684
5,Q-Learning,tou,5,87112.19283603148,5391.384281609261,2408.2821632776418,1835.49997035046,214.13538921268025,0
5,Q-Learning,tou,6,295716.28441415966,129480.1792709671,67988.5611023502,51332.0699422841,25432.891046328397,67484.25709984066
5,Q-Learning,tou,7,202399.95691958923,297671.12515105214,375418.67413267156,251953.5238065229,121100.83926952518,517722.5118689034
5,Q-Learning,tou,8,146101.5680148764,198407.24015028393,232450.97367278064,384916.8816681719,311063.7297581199,1979894.8577707736
5,Q-Learning,tou,9,128118.95133704349,183023.5487693596,211044.9999788981,169560.9140876162,296841.34785019193,3071594.3298665946
5,Q-Learning,tou,10,140104.75176158894,204879.76010001937,218863.42298506558,312841.84414181975,261414.9619640474,2416292.534442117
5,Q-Learning,tou,11,196570.7121689941,205759.59398130813,395218.3310077871,347625.40131442505,218257.6152658612,1007281.3929224664
5,Q-Learning,tou,12,231479.03944787988,304061.8109048652,449778.36719219526,196048.14632278308,97785.56305153019,349766.11845891015
5,Q-Learning,tou,13,239838.8038984476,334791.61135773076,288312.32397685526,182532.78369345088,118440.39502141885,337931.8108030884
5,Q-Learning,tou,14,243525.86642018333,345220.7762757154,241686.8488702602,204558.34522977998,134718.4870300236,277498.9506654577
5,Q-Learning,tou,15,228866.07917133457,342553.48323723045,354897.005367733,205970.29387023588,97710.46879661722,308444.62071426347
5,Q-Learning,tou,16,192539.84621721998,278706.659864331,455232.19621199486,331891.1623399706,131100.38552323854,578458.2286329274
5,Q-Learning,tou,17,161681.0364119822,219641.5191840817,394098.17332597304,388118.753744514,220772.68045351212,1143961.5524345622
5,Q-Learning,tou,18,157383.40377799244,204241.47434468378,318405.36769276543,462241.05405425705,200384.216726232,1352311.2356094336
5,Q-Learning,tou,19,161898.63871404974,207046.42649360586,366902.98036332824,382995.72969735,232523.48547358994,1026105.1615549447
5,Q-Learning,tou,20,199885.82019818033,262559.66899363924,417460.7452427171,302748.5520324853,157191.47731167515,445115.3741281287
5,Q-Learning,tou,21,264749.9528915854,343827.42776032665,247156.27272989685,134450.40325334037,42504.300621053815,179403.62562546134
5,Q-Learning,tou,22,381364.3021816039,141677.4410924269,101597.10675377228,34943.18985419902,15857.766112283087,58166.26355596493
5,Q-Learning,tou,23,329001.14298505813,113349.41814292464,52885.799745084485,15445.924791581574,3775.659108881619,38528.43066557048
5,Q-Learning,tou,0,318186.5419129054,70445.94529746733,31885.549388464602,10140.891685681145,1974.59604814081,29653.42354648064
5,Q-Learning,tou,1,244459.75692367664,36058.38586575325,12240.920843141444,6070.550272909965,5232.470494125913,1432.9440961127382
5,Q-Learning,tou,2,242803.11094801282,26484.31686871542,18086.19339084874,3084.9732015033583,9808.582711239551,7853.522861286023
5,Q-Learning,tou,3,283958.22043015005,29500.66121964227,11957.605818618827,3581.525959250089,1814.699594704761,23473.979438653045
5,Q-Learning,tou,4,272031.72425928165,34900.43586275436,16315.397787924074,2514.065180427134,2656.112365765234,22881.7467960162
6,Q-Learning,tou,5,100235.20606473117,12570.678198468973,3841.780916226234,2034.9549793803203,923.2709699558242,210.39216705921461
6,Q-Learning,tou,6,306963.63819525123,94673.46076118301,50047.73657524995,18344.037334040207,11572.839914911949,36876.483948535475
6,Q-Learning,tou,7,246239.6798980167,315624.126106315,305001.8425889676,185432.77631315065,105050.26063210503,308646.504559581
6,Q-Learning,tou,8,139956.37281532984,220209.5973274194,233964.00913214163,379313.1400105335,338430.6523872969,1746038.765645313
6,Q-Learning,tou,9,122780.3141948732,189705.55601957216,191967.06075759334,170536.56916120593,172080.8714148552,3447610.8338667685
6,Q-Learning,tou,10,138435.6707012879,162467.42598522917,210802.1507719704,222975.5541925039,299435.3236339119,2930870.306001217
6,Q-Learning,tou,11,175208.93411837972,186078.67154292643,289416.3636803345,361182.26824250916,260441.18671716223,1596264.2476434612
6,Q-Learning,tou,12,202727.8947343945,224102.1411221393,404440.6704202469,377036.2158227981,220649.48378698912,568807.4292167237
6,Q-Learning,tou,13,207091.05519611755,318480.38838571595,395442.2323537339,185048.8375457463,127398.56009285989,337356.84412249713
6,Q-Learning,tou,14,213433.60642266454,356265.6132391034,339361.50402594823,134584.60013275043,123982.26424834796,288707.7225203778
6,Q-Learning,tou,15,210282.26056687362,325265.52217787894,388183.4767327219,200394.42110277267,82830.05685946048,315984.9706017587
6,Q-Learning,tou,16,166637.98756688743,253083.02625926444,424261.6700422322,367417.92263537506,211133.70959347204,612135.3768902672
6,Q-Learning,tou,17,179430.48676240776,161211.74611748187,394091.42271002947,389637.59858143394,291783.541954337,1011751.839635784
6,Q-Learning,tou,18,183059.38192658566,205746.22231786913,291714.62811967987,511232.376763755,228626.37085669578,1050748.0423214019
6,Q-Learning,tou,19,210757.28403537624,198600.30734529175,456443.26253597595,405929.21290286555,161423.75550441328,629638.0695406839
6,Q-Learning,tou,20,222927.62189357367,322785.8421323814,399365.43992502056,188482.83794483924,101160.38856801395,370227.3367905154
6,Q-Learning,tou,21,297723.9522119397,326868.35524733784,188654.57874479002,99540.56093344731,53155.71199223962,144990.147378307
6,Q-Learning,tou,22,399485.8542511418,149641.2400377778,66026.59518441833,35144.42931090409,9795.952844518792,52825.037109720455
6,Q-Learning,tou,23,334071.4997376929,86157.49864922707,16776.152606278964,5061.278811518815,5867.465425692284,28901.378246040153
6,Q-Learning,tou,0,255380.30819192578,16810.936826889207,3745.1485216652045,6636.00857115158,6857.24753684251,5914.355426423022
6,Q-Learning,tou,1,196733.06252345,9387.832262560732,6039.183305816083,6314.3879735124865,3621.049639146771,708.1111008470714
6,Q-Learning,tou,2,248708.76871977787,31060.263875971603,6859.812357489779,6880.208847549165,5677.844050836316,8052.133996175361
6,Q-Learning,tou,3,255244.17519335356,18478.95114446455,11854.966085876593,2770.4783222954875,7115.195189772365,12204.227823136309
6,Q-Learning,tou,4,252239.9984946062,20211.68723435506,16219.361377302297,4033.998607433143,6812.713654053908,11950.527520378018
7,Q-Learning,tou,5,99046.73604386859,10834.201303298581,2839.8928081750937,2197.20935179492,596.1173048702092,1366.7950167113872
7,Q-Learning,tou,6,287907.3817633493,93727.82664319397,54984.723790730364,23006.5149752161,18505.630827347915,31853.219679335325
7,Q-Learning,tou,7,243384.05153982772,285508.4372786934,278336.82731937175,158190.54412735818,95382.46174454087,380919.2789358747
7,Q-Learning,tou,8,158187.2193606636,199857.51353083577,254850.50393811907,429120.1218424544,277219.2362131704,1577164.8879926344
7,Q-Learning,tou,9,132757.09360328427,173214.93270626775,207877.27461261654,232907.9261851814,263156.801633668,2667642.9307419397
7,Q-Learning,tou,10,144422.25717223602,166531.35691058365,244431.29275594596,428342.92380162707,292459.4570626998,1935444.0619112952
7,Q-Learning,tou,11,174639.2827087586,178895.23858295518,436788.9284731832,372061.94317707437,227282.9073422081,874700.5875871606
7,Q-Learning,tou,12,207845.45950065443,266187.7729734145,409555.64092687896,280942.33777285105,155717.74704123696,393270.0854232064
7,Q-Learning,tou,13,236526.26499589934,320558.0706385414,397286.80532999255,192383.85359245058,89518.71054521114,349523.19714998774
7,Q-Learning,tou,14,234620.16828504458,400983.2623791443,302489.37182779086,94775.14871708208,60832.4987678806,213545.0892102426
7,Q-Learning,tou,15,234060.1176437749,363249.52484477585,307111.3192840558,146683.59319248548,54276.49880639025,216265.25892500198
7,Q-Learning,tou,16,200802.1269668828,254924.77559037704,413853.9130035873,330395.06828340894,181924.55923802571,434644.39325499587
7,Q-Learning,tou,17,180358.88957288052,197374.85969771544,400688.0850207062,383264.1283451305,303418.04718764545,908218.8020726597
7,Q-Learning,tou,18,174971.19654342745,204170.33551233774,368953.80688852863,338729.64815301733,235797.50887683863,1309402.6716482146
7,Q-Learning,tou,19,179292.54177837283,237484.01712580223,384455.2300213454,312957.0955921627,263859.0162729384,850384.2367748956
7,Q-Learning,tou,20,216422.8613445058,356061.630402678,351685.1028891477,236185.33835029727,146892.41704724412,337356.3726425544
7,Q-Learning,tou,21,322160.1507852184,307024.5745949638,193224.6299315422,83417.79192268336,45175.27074650179,128184.57162072355
7,Q-Learning,tou,22,387371.2195272412,143046.26340589634,76650.05068797356,22555.715572547768,10573.400674719984,52202.068270962845
7,Q-Learning,tou,23,346793.9833190297,78245.4176515912,22513.11518526141,11156.716669554704,2319.9034627213637,37382.27180646671
7,Q-Learning,tou,0,285333.9007014809,33855.801188221456,11267.19588114728,4074.3572588668926,7849.035150678554,14850.682610385762
7,Q-Learning,tou,1,252347.57900407334,23461.856426698047,3609.01198096365,9879.91626627514,6215.795824768333,4381.366087944338
7,Q-Learning,tou,2,221457.69583549368,21572.479753870077,10361.943956625424,9788.260761307467,6384.847315531149,4916.4450068919095
7,Q-Learning,tou,3,210523.84189242625,13486.324041067803,7481.964309136768,7569.133129042593,3170.4024544083027,481.49586105375005
7,Q-Learning,tou,4,215109.25158437688,20605.49984016117,7131.277876535206,7761.606485469348,2785.079848591143,2617.4814413592885
8,Q-Learning,tou,5,105138.3718478907,13782.185543958976,4056.2584962815286,808.0805367595962,235.14565268609877,51.195515510281844
8,Q-Learning,tou,6,312482.0641119163,106070.75237805625,34318.47059477903,9147.90547659087,5761.174665718705,34285.73579898304
8,Q-Learning,tou,7,247148.8757491061,321994.7647182655,280293.8062288878,122103.85310918537,62171.35386978434,228509.35267958438
8,Q-Learning,tou,8,155214.2342960781,193078.70652862708,296057.4068459107,446993.62847041653,322389.11350196734,1273155.9752317404
8,Q-Learning,tou,9,127441.4336406125,173569.92222822696,224246.63605480417,328514.0373153491,325005.75428008655,2489098.819639649
8,Q-Learning,tou,10,129923.12956380578,212338.1480774161,261735.22450866151,456001.8449936314,234990.78376981962,1839002.2413702242
8,Q-Learning,tou,11,183089.27210800353,203824.3294707893,460085.2702806918,368907.8844592838,206697.78990926128,769198.1339022674
8,Q-Learning,tou,12,212149.64163242187,354942.6896323459,352136.169659942,146914.31272783747,156165.82751426008,392932.76089621783
8,Q-Learning,tou,13,221614.6556998986,314197.05711180536,356339.15833183273,134761.65337903262,104499.4559870032,343248.92089474376
8,Q-Learning,tou,14,255018.51176978013,214444.92685157037,394928.11015815695,194591.61897355074,101637.06163371031,307248.5268285871
8,Q-Learning,tou,15,244431.091299389,244054.8923988609,482284.599939771,156469.96252942365,85911.92004237694,284288.42751140444
8,Q-Learning,tou,16,184013.55798188294,233368.4424327898,465386.5421707422,341821.3760150786,129756.00344871488,538802.2110164361
8,Q-Learning,tou,17,178526.79293849648,192307.47749712045,458869.19095189887,361807.941787388,248957.6186993594,803913.0187745129
8,Q-Learning,tou,18,186072.5093152011,193399.24322820475,361546.92460837605,403773.25189618533,216545.00835816012,959910.3520481515
8,Q-Learning,tou,19,209171.10728798024,207500.0168450802,431786.46109708387,389845.3877864191,172799.29677884423,551999.3337784657
8,Q-Learning,tou,20,233470.01494567856,345468.7720695034,348351.28641371714,161526.25236280053,70869.11013185179,253804.55602238973
8,Q-Learning,tou,21,337135.4160914019,296143.37040745514,134505.36400384494,37526.37393515537,29575.307543133164,120267.72498585055
8,Q-Learning,tou,22,376845.94874557975,110314.81634148146,47022.53742794014,29547.826159058797,10329.636608031216,50201.918485743
8,Q-Learning,tou,23,329745.4580207726,54077.48645600503,12684.67425559403,7700.985827699785,2811.671413811968,29670.79234988484
8,Q-Learning,tou,0,255947.83493924802,36933.714419553355,25124.724894826275,10616.127131113088,7611.43781165631,10095.023181073531
8,Q-Learning,tou,1,252450.4691767697,40959.71224954617,16970.053980108023,7759.4210273887575,6074.50600513569,6332.261425412887
8,Q-Learning,tou,2,277078.6107485291,31666.212023755306,19053.540984373823,5958.793396153915,5287.029283864235,12241.1588353197
8,Q-Learning,tou,3,263675.1281855878,26009.661421025063,13893.278429010417,7665.015169898272,6110.894939875101,7598.035942401392
8,Q-Learning,tou,4,238271.18157615865,25388.175380108,4755.348919122234,6744.548242675877,8927.797260055491,3781.236086784459
9,Q-Learning,tou,5,51869.23183392925,9353.547904877927,1002.8156491382929,181.16296978278348,0,0
9,Q-Learning,tou,6,282345.5755930887,99382.60833724852,55910.00283838299,38376.43839579915,15974.817026043891,31316.663598124094
9,Q-Learning,tou,7,241031.04381242726,273366.17407178466,317499.37734524644,183187.97347091042,100007.4849843329,284925.4079947785
9,Q-Learning,tou,8,155757.15677578875,215845.62526555613,253060.57071026514,442306.4594902326,294683.74850307574,1338642.1874318742
9,Q-Learning,tou,9,126938.62426079613,208809.98922967212,157851.10295886858,238671.1677911763,252055.57706840386,2827447.701787402
9,Q-Learning,tou,10,142613.07515675685,202134.5758650533,232638.93719761178,347822.89411923167,319839.94507577317,2061814.2363346263
9,Q-Learning,tou,11,176717.38404695946,215308.42890722584,428244.8519362198,349394.73129897006,226694.4968216229,906901.945961327
9,Q-Learning,tou,12,215960.3747241096,271628.994336691,467347.9873672545,218399.7899594825,140617.13439412514,328003.90197107225
9,Q-Learning,tou,13,237250.23935942724,340825.97262257227,338645.6194913082,159931.88433943884,81413.83015321827,260524.03619858072
9,Q-Learning,tou,14,255398.26522641277,420396.98578358337,153854.00754725328,123554.62119981066,62097.95385637451,204568.77192071558
9,Q-Learning,tou,15,243035.4960020169,399561.372218677,217169.81463483386,148672.15943858866,72238.04232853671,199064.3576871058
9,Q-Learning,tou,16,219395.23524173742,343980.1938473005,402097.33490699396,157089.13540332858,128095.89145017155,333037.29716264963
9,Q-Learning,tou,17,173426.98699419925,241032.37208278556,504475.5154554141,412681.4579254012,166696.68010299103,585951.4932439703
9,Q-Learning,tou,18,183970.55598025132,213418.80082698428,372869.032185708,515084.74280376843,291812.7518726518,659430.8361255015
9,Q-Learning,tou,19,209308.28891340573,245596.67521141926,441511.68737606896,406395.2684076181,177770.111141533,509742.83732598595
9,Q-Learning,tou,20,229355.25989690397,328080.3016322281,377815.35905560834,137272.1872153327,62433.31675991973,291693.22511393775
9,Q-Learning,tou,21,366789.2611102474,241508.1118712904,112402.23236356731,57858.76929438067,25466.850437954774,92378.18747811919
9,Q-Learning,tou,22,364020.2797087284,90224.22219582536,30769.179641583953,12820.06995308396,3053.6325031889023,37840.5786153859
9,Q-Learning,tou,23,278079.9445764768,33719.38217893389,7904.196911303278,3374.472157289666,7383.622252009062,15945.35939005771
9,Q-Learning,tou,0,244986.6800146384,20894.193902847506,5257.100934197107,9991.353105935026,6911.690033392906,7529.982431826094
9,Q-Learning,tou,1,255791.33869372358,23068.329701991657,3809.082889009164,7119.786397300589,3676.82426399873,10350.818755038421
9,Q-Learning,tou,2,246894.23565238825,21612.03963409195,5233.411161537259,4498.924477564312,8037.336338793259,7737.053718465071
9,Q-Learning,tou,3,238649.44942756518,40423.4468902471,7408.513544816945,9401.195258910295,2044.8987421305299,24271.303345362117
9,Q-Learning,tou,4,249728.06393347858,36484.20200874285,11085.080474493894,4175.293000811825,3446.624474346188,18468.018480481926
10,Q-Learning,tou,5,94370.07277300999,6586.441015426919,3181.4600742518032,161.97925574999803,4.370133844226601,24.313463771306438
10,Q-Learning,tou,6,291633.8030590131,111021.62634345176,64672.10689513064,36067.91950284717,14884.263764601877,39624.788151313805
10,Q-Learning,tou,7,247780.1547262838,259555.14854106813,324802.00301812135,207083.93746294032,90878.01416505511,316203.1727900896
10,Q-Learning,tou,8,182154.85610601472,178291.03408705664,250389.40257478892,338881.92509000463,272498.60602920636,1434913.3277827296
10,Q-Learning,tou,9,139628.61956559485,209651.81388239906,210687.90866406757,327008.91307109914,329431.41669421614,2160314.4281668975
10,Q-Learning,tou,10,135910.2450691469,240861.07877185688,299321.5642060771,475926.9091557604,302815.5247922617,1415145.6363362337
10,Q-Learning,tou,11,194080.9982931828,253341.45670241024,509746.77283984283,319459.07635378884,175378.26591368538,545294.4083781863
10,Q-Learning,tou,12,230366.38926774164,255916.46364104806,455760.42947656644,198488.4730301648,109617.87638958916,299880.8618043889
10,Q-Learning,tou,13,228354.8868149176,286546.77910843684,409288.3078899735,159857.33340928177,101551.87031311155,244855.43574673438
10,Q-Learning,tou,14,211238.0120875923,378527.078354208,335782.74751627306,165980.1287817276,52814.21010626083,222727.01446819084
10,Q-Learning,tou,15,229933.98766672114,351011.8220213825,334989.8573147181,141182.80073533132,62195.11678138068,210418.7373671632
10,Q-Learning,tou,16,206434.18466562565,290053.1046384277,386546.5007683786,265638.4663263548,128965.8414247041,402581.87178993755
10,Q-Learning,tou,17,183982.7279971082,232000.51937087983,354276.03424132837,426120.0313234752,257418.8442023393,779265.7740780936
10,Q-Learning,tou,18,164634.6286480332,231898.16986602926,374871.99452521646,448554.8981716342,269022.62908031157,873395.4890039756
10,Q-Learning,tou,19,185331.86841162777,248379.46300123056,448800.28588170477,390363.69681303797,193924.13770883917,529732.649719975
10,Q-Learning,tou,20,223923.4463819092,370896.7443460468,354663.0250748512,182160.16218472173,85213.81065282153,282108.6538258381
10,Q-Learning,tou,21,302241.2005543277,325803.60918975435,151112.71276658028,108647.89565087153,39881.828334752034,136445.2395667668
10,Q-Learning,tou,22,365135.02662418055,191797.81595418818,80208.90287970603,26963.683006050833,8736.866040460134,77233.36270461394
10,Q-Learning,tou,23,328898.16140841285,78592.30333027942,13526.597251663821,4623.818766768183,7829.499791956434,27364.23383615273
10,Q-Learning,tou,0,245879.45659056003,42407.232375133426,9028.049151249457,8386.356280633727,7144.883592204138,2272.729953047257
10,Q-Learning,tou,1,228069.36473490138,35527.66517355824,11026.012890855842,4727.511368394367,10893.906426767338,4487.60829880056
10,Q-Learning,tou,2,177384.60613797116,14095.173059793036,7762.334849436156,5446.954250674259,1867.7723445902805,572.8857066401496
10,Q-Learning,tou,3,200522.79675842557,25665.461540219534,2791.5514546331337,5892.548908476406,3873.505343939486,9573.950139812827
10,Q-Learning,tou,4,233737.34832041393,25511.11175294778,7400.576663868146,3488.5920103661197,6842.852518461791,12084.04679515986
11,Q-Learning,tou,5,115284.53376672002,12500.308585931154,3844.6060501466186,3399.1127630818846,3575.763160712399,175.96236640808584
11,Q-Learning,tou,6,336677.55174301344,109146.4359953376,49944.40919780656,16733.776376523816,7758.172569699669,43609.07407020252
11,Q-Learning,tou,7,223047.6771130666,277551.0647210583,393228.65816364816,145960.4641346659,88661.93505756196,282526.3983985604
11,Q-Learning,tou,8,155284.6210757442,211498.98468031027,271073.0701460246,352250.61569591425,284404.0345461014,1351099.776705314
11,Q-Learning,tou,9,128146.16379046078,216974.13163676916,183153.12245357851,255656.6647854876,310741.60488240607,2493135.65848591
11,Q-Learning,tou,10,148028.7264881304,212982.54063968256,236902.51081460755,419316.16477947927,295834.1337806676,1779748.366297454
11,Q-Learning,tou,11,181019.06563018088,209650.7702816299,371479.2154136886,441519.5801630505,240251.39711689056,909993.1017807461
11,Q-Learning,tou,12,199290.5213534383,272010.6814102892,417513.5238240583,292365.44515278476,134058.52784662342,442151.1278009159
11,Q-Learning,tou,13,211210.62506740374,345755.02726349916,344859.4300477704,212670.36782420301,65803.86912313825,282840.73278072866
11,Q-Learning,tou,14,273397.30738145235,371341.8798372171,231945.27669504122,111539.26287108522,44209.632582768056,192321.09764566613
11,Q-Learning,tou,15,284891.0246748025,329436.68209553155,210827.00455572465,129925.93222438013,69449.50139134891,165414.65857680232
11,Q-Learning,tou,16,197854.15565300462,329557.37970405194,337284.3775057835,186499.69639170315,126099.84229907415,293695.2474141575
11,Q-Learning,tou,17,161026.2102087312,248244.2655810507,414349.88226317015,335844.19652572746,229472.924875606,589166.7488024407
11,Q-Learning,tou,18,187036.46186948154,240820.74928784193,395770.3167813774,392542.58202320355,190978.1508574705,679005.7604963555
11,Q-Learning,tou,19,196955.39648500492,217991.96830368,459341.3834420372,366654.3709444567,144348.31458755047,536263.9387585131
11,Q-Learning,tou,20,222451.18376872854,333681.4638071531,380289.91234307707,166695.38800543934,105420.21019580425,297467.2373997778
11,Q-Learning,tou,21,322466.00448611553,291424.98303340643,144962.70917626817,92056.04545130565,34550.336111552475,131205.81150061547
11,Q-Learning,tou,22,379401.6705095359,90361.0634778744,48035.77935951531,16560.88321666391,7260.311287800208,45425.09264873842
11,Q-Learning,tou,23,298915.97165099904,55054.71923081149,16520.697321506334,7685.056579053096,4143.488024084758,22689.11530054641
11,Q-Learning,tou,0,272973.73134518747,53400.12243135757,12996.600951231558,4257.625063242132,8101.695763700341,12468.799043809167
11,Q-Learning,tou,1,246503.53088462094,29413.370307032335,7093.832982602309,5510.310993770942,6272.531086741112,458.98883853335485
11,Q-Learning,tou,2,232494.11210578665,54096.53885598504,15433.740268369153,7800.640197244406,5304.595861288606,6252.611786705688
11,Q-Learning,tou,3,235482.53981326902,42048.80564611184,6459.22327496566,6413.0913354305485,5583.171490161087,7146.228137345255
11,Q-Learning,tou,4,230088.26909461658,24501.978200228903,8910.426479189397,7082.655024742756,3636.33546906755,1801.163816478714
12,Q-Learning,tou,5,63789.032939431745,2918.30995631186,495.80687526012133,184.2097265333498,5.377952590156793,0
12,Q-Learning,tou,6,245567.02829875678,61580.12350036938,24564.359034121804,11892.411652866334,3415.5972313248794,24293.311503535697
12,Q-Learning,tou,7,261621.8534227273,289990.7696224147,219624.77297557847,119524.40030137512,45078.976617093926,206013.37234138502
12,Q-Learning,tou,8,176183.39286195446,205268.63156892487,330807.2425124438,348557.57793816907,264699.36532371736,1179062.8631438587
12,Q-Learning,tou,9,137090.39267273966,193106.12245004933,224766.60752947553,312546.11270349286,306886.67668127926,2050913.561356093
12,Q-Learning,tou,10,158051.37710036646,162100.94914510415,299158.44984372635,346564.3545071641,300158.77039861726,1594685.9945245595
12,Q-Learning,tou,11,182157.2937203027,253198.12428874598,369419.16738142446,323600.3761626475,195906.06995094498,661847.9456446769
12,Q-Learning,tou,12,212134.22833118384,362224.6879305328,281455.3157819636,192586.8967827832,104415.29214006278,253682.399684831
12,Q-Learning,tou,13,296400.9923106566,269689.7734786612,206554.41039417416,159145.79586462618,71624.91584229031,162416.65902039187
12,Q-Learning,tou,14,261894.9609552082,339597.13199801126,221516.92071339738,109617.88559602751,46125.95535897144,139283.94140556408
12,Q-Learning,tou,15,246157.16682047784,418959.71650298266,267360.4605143441,102800.46342292057,66463.10355011186,247870.25664624036
12,Q-Learning,tou,16,228676.71027536676,327328.1440104807,410920.09313051694,118688.15096097263,131560.123118093,403345.61706506135
12,Q-Learning,tou,17,182408.81373396292,250129.44827001676,394311.88940166146,401225.59165066533,164703.0508545506,757440.0226273097
12,Q-Learning,tou,18,178503.597080328,218086.14554992455,358508.4998097159,330188.24295845,291703.6597738229,1019589.8101222654
12,Q-Learning,tou,19,199179.95445792284,243341.75470940743,385249.33015780174,375852.54453424143,203002.53105743736,611658.0872453521
12,Q-Learning,tou,20,220901.2619958057,356084.40591824584,330843.059785887,171322.9926263313,72901.53077557245,273044.96181611007
12,Q-Learning,tou,21,330816.9468728062,304920.95329871937,117914.49151367521,44249.725621876154,28036.286712217512,119921.56850379864
12,Q-Learning,tou,22,382511.55424785067,142694.82080372758,51345.85851857755,24462.206971819778,12829.243625532195,51719.73327419094
12,Q-Learning,tou,23,349992.601676115,56021.3584072728,31536.096869187844,14294.85665162811,3004.448456701797,34262.84895587897
12,Q-Learning,tou,0,283644.6923783959,23833.52369883029,9833.066042818093,2077.732086865615,4035.185848498817,21181.085077796564
12,Q-Learning,tou,1,231038.2430577892,30668.464030397958,6098.338582718802,4812.718844535048,9720.215141602006,6937.784170750523
12,Q-Learning,tou,2,235821.21327991775,15496.635279944974,3156.189513543164,8669.739893921675,7898.052830404953,2617.6780896312484
12,Q-Learning,tou,3,252097.76167955046,20819.0594824162,9747.650900344628,7304.1951433069025,7442.961073853322,6532.211363610327
12,Q-Learning,tou,4,258251.90078975577,25442.028590694677,11011.516525610446,5457.607635652335,8186.619201473916,6361.5613668414735
13,Q-Learning,tou,5,110565.08883458447,13306.356794699179,4550.532133657721,1318.1784966216132,2599.09033055838,4795.845098169023
13,Q-Learning,tou,6,314550.8770367311,103664.64748717158,30668.83921336264,20689.38951384336,4295.57459465194,38414.7225880929
13,Q-Learning,tou,7,280296.42516432726,308344.56111862167,239565.85452709487,105581.84587773486,73694.7224771556,249913.0921278739
13,Q-Learning,tou,8,200187.02212718525,204437.14564043554,282364.8621529355,402190.4010125155,212560.40683072095,1211603.1770553028
13,Q-Learning,tou,9,136226.67547757475,220480.13103656084,195887.1415238396,322953.0799188878,351013.44578166597,2063525.7849567675
13,Q-Learning,tou,10,158276.12739731482,190185.21270675288,267781.215648078,544466.4619727754,218583.2694907232,1524659.878264875
13,Q-Learning,tou,11,203853.09476873322,195956.24877267916,458520.6370878436,364904.73196989286,194996.2609152505,710558.4199670776
13,Q-Learning,tou,12,242986.37117477803,343333.2952454917,352283.7321263828,145765.6224473696,76957.5747700232,241919.72495023345
13,Q-Learning,tou,13,289979.63956322556,360771.3874673647,190632.19033554717,106356.96970138534,76369.48724625223,178762.4433167512
13,Q-Learning,tou,14,266357.43648429046,321630.33731108665,304015.4006211989,118367.50355409048,104065.57221515218,248429.2781732301
13,Q-Learning,tou,15,238173.5055620423,324300.75815756025,316973.7218175584,179518.79577385783,114637.04390445865,201113.5342090627
13,Q-Learning,tou,16,196270.89131825513,323864.79586688173,374239.75502889015,224015.84025585334,136169.13916153365,324318.00025844015
13,Q-Learning,tou,17,191239.9770495458,237125.9004224809,311443.1933246697,401879.5236240102,253196.95708908633,681441.2230766175
13,Q-Learning,tou,18,193572.79683951288,196897.89037799853,303422.5492325962,480114.6169920942,219053.14261146833,805208.026178561
13,Q-Learning,tou,19,197188.02188472438,285676.7437820725,349881.39147955546,399763.4310288648,162614.4621911612,566453.5423654536
13,Q-Learning,tou,20,257824.7418894185,372142.42171911773,285294.0179561552,122658.3155296442,58654.812736037886,233518.43650850662
13,Q-Learning,tou,21,362033.7971085598,239529.80717372647,116825.7537209679,66427.91368331885,20540.524256852827,93980.41206361476
13,Q-Learning,tou,22,341112.4472333705,109062.59759023155,52222.30680166792,21381.74477912529,5443.474809328513,42672.17490692141
13,Q-Learning,tou,23,257552.15420400933,83889.2619467666,20562.77564353648,6120.248329722579,5815.070747647357,16880.27963340419
13,Q-Learning,tou,0,226456.49867447678,26632.805171238786,4483.113555860478,8403.778132369553,8121.315328735687,3600.1956281685634
13,Q-Learning,tou,1,229380.628947234,22906.786912805408,8043.175881938388,4567.700233373777,3208.9381691605045,22177.9754822299
13,Q-Learning,tou,2,223271.55527525287,33378.181021801545,8587.024672084017,4320.614262275418,8098.598131246968,8724.58322618923
13,Q-Learning,tou,3,237140.07925044803,33543.817441028215,15374.97140447976,5396.159367225608,8563.070762919748,14497.55894924754
13,Q-Learning,tou,4,253011.62735292717,48894.80235972254,19415.057591566296,15092.978079491053,2828.794470624805,30780.31194590387
14,Q-Learning,tou,5,117011.69141064012,7504.517900721684,4116.978921573764,3377.644963780017,3604.5092341587833,315.2065376766325
14,Q-Learning,tou,6,275644.4612763184,56741.590506424815,27094.259015842876,11486.724747422264,4346.553346414305,24738.949138137716
14,Q-Learning,tou,7,265236.70627780474,276274.85230854375,201293.36657462036,131706.06618634818,80512.05608071129,214747.37524898982
14,Q-Learning,tou,8,165255.61171292845,205765.2800052829,326816.61327227246,329206.12185994943,255331.77059074483,1353052.9327864484
14,Q-Learning,tou,9,134269.80652916033,220158.82573491024,197132.6937139646,321249.4889967086,244056.29033259343,2298895.3789310316
14,Q-Learning,tou,10,173399.2671283391,183739.17078427578,246363.59128411746,366572.20534553175,233904.72239880284,1734641.9885767067
14,Q-Learning,tou,11,187347.511607565,237084.88039725667,455097.1375443685,318302.54179179244,184988.0182026044,642247.6957061888
14,Q-Learning,tou,12,243419.58053666106,337417.75838373665,314606.73805826297,140574.31540840663,93713.58889133818,287902.9977422815
14,Q-Learning,tou,13,288169.13632787025,325939.2524060374,197717.81100150888,150600.5029914109,61785.165322814755,160228.00413883652
14,Q-Learning,tou,14,284528.4630685528,305305.58907203784,255190.632165707,128223.44557937105,70255.0631150745,162335.55006502246
14,Q-Learning,tou,15,209643.83385638596,345099.83405267337,318135.23342878197,157592.4319539556,104493.5944852241,271900.8721958857
14,Q-Learning,tou,16,177565.42986752288,283054.96190143115,471557.4565933643,282575.74837357306,101715.09345635354,494823.2766045339
14,Q-Learning,tou,17,151657.06585627014,283529.81751731224,436108.2901287209,413986.94925292354,178245.17294555667,533037.4456312584
14,Q-Learning,tou,18,193149.6395277247,252119.77048960372,348192.07233180816,470859.70970253967,200829.43304219213,514172.65411947074
14,Q-Learning,tou,19,220821.96526154105,268906.10418849206,465205.0391890519,211798.15135020597,85534.93447356048,317570.80975606147
14,Q-Learning,tou,20,284786.5012661426,292827.8345034103,244504.82350786473,88934.09003053965,30856.13199712371,129164.27290077545
14,Q-Learning,tou,21,329898.7301120313,270026.5320210808,92378.28134040193,27619.5084980487,11111.293827289403,85972.15882296077
14,Q-Learning,tou,22,383835.774068499,85408.48262501425,18673.60435087414,10235.469766136102,3719.003976127,44708.247891398896
14,Q-Learning,tou,23,292338.0488391056,35906.41549452646,8856.202649899311,3522.5716431346623,2486.2003688202713,25005.487864637867
14,Q-Learning,tou,0,294980.9957440883,64103.36698351983,20872.81611340056,3398.4883171892393,5884.277343428342,24972.627541423186
14,Q-Learning,tou,1,338438.3222124039,78750.65933348662,38615.81559790894,3761.9691943059665,2642.8430581023554,33735.85740289029
14,Q-Learning,tou,2,304450.43930681876,59559.04521337501,15980.328431139314,8190.924203963736,4280.751403018074,21164.22519410069
14,Q-Learning,tou,3,249793.80742789397,36926.71377490131,9382.707316981552,7074.179671153512,3772.6369035048324,9837.932543874516
14,Q-Learning,tou,4,272062.924858218,42409.06708210891,10686.620883654618,6509.1350032362,3788.6134565271236,11900.712230979918
