link_id,class,group,position,adt_obs,veh_day_model
l_668,arterial,East,peripheral,10821,18240
l_729,arterial,CBD,inner,16204,42840
l_582,arterial,West,boundary,12512,38100
l_997,arterial,East,peripheral,15177,71340
l_751,arterial,East,peripheral,27324,7740
l_297,arterial,West,peripheral,43962,11880
l_1872,motorway,MWY,peripheral,85000,123360
l_372,arterial,East,peripheral,15906,36000
l_2205,arterial,West,peripheral,12000,13680
l_173,arterial,East,boundary,25748,18780
l_1428,arterial,West,peripheral,28195,15300
l_678,arterial,West,peripheral,7783,4500
l_2618,motorway,MWY,peripheral,90000,11220
l_2177,arterial,East,boundary,25748,22260
l_258,arterial,West,peripheral,43962,16920
l_29,arterial,East,peripheral,34625,2160
l_466,arterial,West,peripheral,16734,15780
l_63,arterial,East,peripheral,9627,9240
l_1804,arterial,East,peripheral,9523,46080
l_1212,arterial,CBD,inner,30388,48600
l_1769,motorway,MWY,peripheral,90000,191280
l_590,arterial,East,peripheral,15481,19740
l_245,arterial,East,peripheral,10821,16560
l_981,arterial,West,peripheral,17823,26400
l_2068,arterial,CBD,inner,12793,76800
l_79,arterial,West,peripheral,17823,10620
l_2101,arterial,West,peripheral,8296,7440
l_415,arterial,CBD,inner,16293,53760
l_1795,arterial,East,boundary,21939,50700
l_585,arterial,East,peripheral,15481,30780
l_176,arterial,West,peripheral,28822,3480
l_1786,arterial,West,peripheral,28195,0
l_2564,motorway,MWY,peripheral,90000,233220
l_2457,motorway,MWY,peripheral,85000,2760
l_1662,motorway,MWY,peripheral,90000,69120
l_2276,arterial,CBD,inner,27326,82680
l_2453,arterial,CBD,inner,20224,107520
l_588,arterial,West,peripheral,28195,24480
l_94,arterial,West,peripheral,15177,2280
l_126,arterial,CBD,inner,16204,42240
l_54,arterial,West,boundary,25486,14880
l_143,arterial,East,boundary,12615,113940
l_1890,arterial,CBD,inner,27326,56700
l_2643,arterial,West,peripheral,28822,11100
l_1733,arterial,CBD,inner,23275,28200
l_409,arterial,West,peripheral,28195,24480
l_672,arterial,East,peripheral,10821,18240
l_712,arterial,CBD,inner,25486,10800
l_343,arterial,West,peripheral,11780,1440
l_180,arterial,West,peripheral,13785,17280
l_134,arterial,CBD,inner,12793,69900
l_670,arterial,East,peripheral,21939,41820
l_849,arterial,East,peripheral,10821,18240
l_1538,arterial,East,peripheral,18554,142980
l_2425,arterial,West,peripheral,23275,32940
l_1914,arterial,CBD,inner,30388,8280
l_1818,motorway,MWY,peripheral,85000,114060
l_546,arterial,West,peripheral,43962,9420
l_1277,arterial,East,boundary,27326,48900
l_561,arterial,West,peripheral,16734,15780
l_133,arterial,East,peripheral,21939,42660
l_579,arterial,East,peripheral,28822,27180
l_100,arterial,West,boundary,7124,32700
l_732,arterial,East,peripheral,15906,23580
l_212,arterial,CBD,inner,25486,13440
l_1434,arterial,East,peripheral,9627,7560
l_783,arterial,West,peripheral,43962,19680
l_2468,motorway,MWY,peripheral,95000,143340
l_2334,arterial,East,peripheral,9523,43020
l_816,arterial,East,peripheral,15906,11160
l_2436,arterial,CBD,inner,23275,9420
l_117,arterial,West,peripheral,28822,27060
l_957,arterial,West,peripheral,17823,13440
l_633,arterial,West,peripheral,7783,4500
l_1400,arterial,East,boundary,18554,1380
l_707,arterial,West,peripheral,43962,18120
l_1351,motorway,MWY,peripheral,90000,0
l_1418,arterial,East,peripheral,20157,540
l_2522,arterial,CBD,inner,30388,300
l_81,arterial,West,peripheral,43962,10020
l_900,arterial,East,peripheral,27324,1500
l_185,arterial,CBD,inner,8869,26520
l_926,arterial,CBD,inner,24996,75000
l_1210,arterial,East,peripheral,21939,127620
l_45,arterial,East,peripheral,9627,7920
l_939,arterial,East,peripheral,9354,28980
l_697,arterial,West,peripheral,17823,28200
l_1807,arterial,East,peripheral,9523,4380
l_581,arterial,CBD,inner,12512,38580
l_716,arterial,East,peripheral,12615,149220
l_2206,motorway,MWY,boundary,90000,0
l_721,arterial,East,peripheral,25748,32100
l_897,arterial,CBD,inner,16700,5400
l_1819,arterial,West,peripheral,34625,3120
l_603,arterial,East,peripheral,9354,28320
l_2472,arterial,CBD,inner,9523,30480
l_1746,motorway,MWY,peripheral,85000,206040
l_2626,motorway,MWY,peripheral,85000,3180
l_235,arterial,East,peripheral,15481,19740
l_776,arterial,East,peripheral,6838,0
l_1446,motorway,MWY,peripheral,90000,0
l_1680,arterial,West,peripheral,30484,59520
l_127,arterial,West,boundary,11780,230040
l_304,arterial,West,peripheral,43962,16920
l_188,arterial,West,peripheral,12815,4020
l_1923,arterial,CBD,inner,12793,7500
l_374,arterial,East,peripheral,9627,6960
l_520,arterial,East,peripheral,18554,1380
l_2100,motorway,MWY,peripheral,8296,22980
l_2022,arterial,CBD,inner,20224,124020
l_2563,motorway,MWY,peripheral,95000,143820
l_2613,motorway,MWY,peripheral,85000,96060
l_764,arterial,CBD,inner,9523,29400
l_714,arterial,West,peripheral,43962,18360
l_2312,motorway,MWY,peripheral,90000,212280
l_985,arterial,West,peripheral,11780,230700
l_323,arterial,East,peripheral,15481,19860
l_426,arterial,East,peripheral,9627,8400
l_1569,motorway,MWY,peripheral,90000,360
l_665,arterial,East,peripheral,25748,40320
l_1770,motorway,MWY,peripheral,90000,191280
l_444,arterial,East,peripheral,9627,7920
l_268,arterial,West,peripheral,8296,5460
l_386,arterial,East,peripheral,15906,23940
l_2623,arterial,West,peripheral,20224,108000
l_38,arterial,West,peripheral,34625,2160
l_517,arterial,CBD,inner,12793,63600
l_488,arterial,West,peripheral,43962,10020
l_1750,arterial,East,peripheral,22621,195240
l_189,arterial,West,peripheral,43962,9540
l_566,arterial,East,peripheral,15481,30720
l_1832,arterial,East,peripheral,25748,30840
l_404,arterial,East,boundary,38827,7920
l_357,arterial,East,boundary,8479,42960
l_950,arterial,CBD,inner,13785,81480
l_272,arterial,East,peripheral,15177,2280
l_368,arterial,CBD,inner,16293,90480
l_1565,motorway,MWY,peripheral,85000,145140
l_2094,arterial,West,peripheral,8296,7440
l_494,arterial,West,peripheral,17823,9420
l_630,arterial,East,boundary,21939,39300
l_130,arterial,CBD,inner,16293,99420
l_2138,motorway,MWY,peripheral,90000,10980
l_519,arterial,East,peripheral,12000,19860
l_907,arterial,West,peripheral,17823,12000
l_860,arterial,CBD,inner,13785,76020
l_918,arterial,West,boundary,16293,104460
l_1762,arterial,West,peripheral,34625,0
l_1766,motorway,MWY,peripheral,95000,93600
l_2525,motorway,MWY,peripheral,85000,96060
l_1419,arterial,East,peripheral,20157,78120
l_826,arterial,East,peripheral,18554,1380
l_1727,arterial,CBD,inner,8479,61800
l_2136,motorway,MWY,peripheral,85000,29520
l_1271,arterial,West,peripheral,27326,30240
l_330,arterial,East,peripheral,27324,10140
l_25,arterial,CBD,inner,25486,81000
l_2086,motorway,MWY,peripheral,85000,0
l_892,arterial,West,peripheral,16293,2400
l_1441,motorway,MWY,peripheral,90000,360
l_1808,arterial,East,peripheral,9523,4380
l_2507,arterial,West,peripheral,34625,0
l_1788,arterial,CBD,inner,21939,122940
l_676,arterial,CBD,inner,25748,24960
l_525,arterial,East,peripheral,24996,96060
l_2268,arterial,West,boundary,20224,122820
l_899,arterial,CBD,inner,15177,67260
l_509,arterial,CBD,inner,25486,41400
l_2508,arterial,East,boundary,30388,10320
l_598,arterial,West,peripheral,28195,22560
l_629,arterial,West,peripheral,8296,5400
l_734,arterial,West,boundary,28195,25320
l_257,arterial,West,peripheral,28822,1920
l_1029,arterial,CBD,inner,8479,62760
l_1763,arterial,West,peripheral,34625,66240
l_596,arterial,West,boundary,34625,65160
l_1267,arterial,East,boundary,30388,300
l_2400,arterial,West,peripheral,30484,50460
l_20,arterial,East,peripheral,12000,1200
l_1754,arterial,East,boundary,22621,176040
l_2665,arterial,West,peripheral,3000,0
l_895,arterial,West,peripheral,28195,14700
l_132,arterial,West,peripheral,4318,3900
l_2353,motorway,MWY,peripheral,90000,211320
l_886,arterial,East,peripheral,9354,28320
l_259,arterial,West,peripheral,43962,18360
l_813,arterial,West,peripheral,25486,14880
l_241,arterial,East,peripheral,9354,28320
l_278,arterial,West,peripheral,28822,1920
l_683,arterial,West,peripheral,16734,16740
l_954,arterial,West,peripheral,28195,14100
l_1377,arterial,East,peripheral,15481,14760
l_60,arterial,West,peripheral,28195,23040
l_513,arterial,CBD,inner,4804,42360
l_605,arterial,West,peripheral,28822,25500
l_872,arterial,East,peripheral,27324,11580
l_327,arterial,East,peripheral,18554,1560
l_86,arterial,CBD,inner,25748,24480
l_646,arterial,CBD,inner,8869,30420
l_750,arterial,East,peripheral,18554,1380
l_1639,arterial,West,peripheral,7783,5580
l_226,arterial,East,peripheral,27324,11580
l_370,arterial,CBD,inner,16293,83520
l_269,arterial,West,peripheral,17823,26280
l_2197,motorway,MWY,boundary,90000,211920
l_995,arterial,East,boundary,9523,26820
l_458,arterial,West,peripheral,25486,9180
l_1787,arterial,West,peripheral,25694,1920
l_1561,arterial,West,peripheral,6000,169200
l_200,arterial,CBD,inner,24996,73320
l_755,arterial,East,peripheral,15177,71580
l_2091,arterial,East,peripheral,20157,33540
l_713,arterial,CBD,inner,12615,113280
l_1038,arterial,CBD,inner,23275,9660
l_976,arterial,East,peripheral,27324,10140
l_51,arterial,CBD,inner,12259,27120
l_594,arterial,East,peripheral,15906,7740
l_1338,arterial,East,peripheral,12615,20400
l_232,arterial,East,peripheral,12615,153420
l_951,arterial,West,peripheral,43962,8940
l_2288,arterial,West,peripheral,19825,28740
l_0,arterial,West,peripheral,4318,4020
l_662,arterial,East,peripheral,25486,47820
l_673,arterial,East,peripheral,27324,7140
l_1779,arterial,West,peripheral,19825,28680
l_1842,arterial,East,peripheral,25748,30120
l_2049,arterial,East,boundary,21939,600
l_289,arterial,West,peripheral,12562,10260
l_74,arterial,West,peripheral,28822,24900
l_451,arterial,East,peripheral,15906,9720
l_1177,arterial,West,peripheral,34625,0
l_820,arterial,CBD,inner,20224,137820
l_1449,arterial,West,peripheral,25694,1080
l_214,arterial,West,peripheral,8296,5460
l_1452,arterial,CBD,inner,12259,16320
l_2130,arterial,East,peripheral,30388,0
l_122,arterial,West,boundary,16204,45480
l_1543,motorway,MWY,peripheral,85000,123360
l_68,arterial,East,peripheral,15481,30720
l_738,arterial,CBD,inner,11780,230340
l_424,arterial,CBD,inner,25748,25680
l_845,arterial,East,peripheral,25748,135000
l_1837,arterial,West,peripheral,34625,2400
l_569,arterial,West,peripheral,19825,28200
l_300,arterial,West,peripheral,18012,6240
l_1479,arterial,East,boundary,25748,0
l_119,arterial,West,peripheral,28822,3480
l_12,arterial,CBD,inner,30388,25800
l_733,arterial,West,peripheral,8296,0
l_490,arterial,West,peripheral,43962,16680
l_325,arterial,East,peripheral,15481,19860
l_93,arterial,West,peripheral,43962,19680
l_2678,motorway,MWY,boundary,90000,480
l_1641,arterial,East,peripheral,4863,6420
l_1997,arterial,CBD,inner,27326,82320
l_363,arterial,East,boundary,4804,42720
l_144,arterial,West,peripheral,16293,104700
l_784,arterial,East,peripheral,27324,1860
l_148,arterial,West,peripheral,12562,9780
l_242,arterial,East,peripheral,9354,28320
l_1098,arterial,East,peripheral,27324,1500
l_246,arterial,West,peripheral,28822,27180
l_785,arterial,East,peripheral,15177,71580
l_2415,motorway,MWY,boundary,90000,230400
l_174,arterial,West,peripheral,9523,25320
l_2399,arterial,CBD,inner,20224,106320
l_552,arterial,West,peripheral,43962,19680
l_2109,arterial,East,peripheral,21939,127560
l_450,arterial,East,peripheral,15906,9720
l_1472,arterial,CBD,inner,30388,40920
l_217,arterial,West,peripheral,18012,3840
l_135,arterial,CBD,inner,21939,46380
l_61,arterial,East,peripheral,27324,1500
l_863,arterial,East,peripheral,12512,54480
l_690,arterial,West,peripheral,43962,18720
l_2213,motorway,MWY,peripheral,8296,15540
l_664,arterial,East,peripheral,25748,40200
l_722,arterial,West,boundary,13785,85260
l_397,arterial,East,peripheral,18554,1380
l_1001,arterial,East,peripheral,12000,1200
l_388,arterial,East,peripheral,4863,16560
l_528,arterial,CBD,inner,7124,31740
l_877,arterial,West,peripheral,8296,5460
l_364,arterial,East,boundary,21939,114480
l_940,arterial,West,peripheral,43962,18360
l_358,arterial,East,boundary,8479,48540
l_476,arterial,CBD,inner,13785,16560
l_2137,motorway,MWY,peripheral,90000,0
l_2140,arterial,West,peripheral,28822,12300
l_909,arterial,CBD,inner,38827,11880
l_699,arterial,West,peripheral,17823,12000
l_196,arterial,West,peripheral,43962,8940
l_1227,arterial,East,boundary,6446,0
l_103,arterial,West,peripheral,12562,9780
l_445,arterial,East,peripheral,12000,3060
l_910,arterial,East,peripheral,9354,28320
l_420,arterial,CBD,inner,14414,52140
l_978,arterial,East,peripheral,27324,1860
l_931,arterial,CBD,inner,3000,37500
l_2382,arterial,East,boundary,20224,149220
l_56,arterial,West,peripheral,28195,14820
l_725,arterial,East,peripheral,27324,1500
l_266,arterial,East,peripheral,27324,1860
l_514,arterial,CBD,inner,4804,39720
l_1560,motorway,MWY,peripheral,90000,212640
l_77,arterial,East,peripheral,9627,6960
l_1541,motorway,MWY,peripheral,90000,174240
l_570,arterial,West,peripheral,28822,25500
l_543,arterial,West,peripheral,16734,15780
l_432,arterial,West,peripheral,12562,11820
l_1566,arterial,East,peripheral,21939,128100
l_2173,arterial,West,boundary,3000,7080
l_1760,arterial,West,peripheral,34625,3120
l_1860,arterial,East,boundary,6446,22380
l_694,arterial,East,peripheral,10821,18240
l_2030,arterial,East,boundary,20224,148920
l_453,arterial,East,peripheral,15906,8700
l_2543,arterial,West,peripheral,30484,59520
l_1738,arterial,CBD,inner,12793,68940
l_906,arterial,West,peripheral,28195,14100
l_651,arterial,East,peripheral,9369,10740
l_2690,arterial,East,boundary,20224,148500
l_1993,arterial,CBD,inner,27326,39000
l_1956,arterial,CBD,inner,27326,40200
l_2640,arterial,CBD,inner,27326,56820
l_1861,arterial,East,peripheral,6446,22320
l_2402,arterial,CBD,inner,25748,34500
l_601,arterial,West,peripheral,34625,1800
l_2166,arterial,East,boundary,12615,94260
l_220,arterial,CBD,inner,24996,110880
l_1225,motorway,MWY,peripheral,27326,224340
l_498,arterial,West,peripheral,17823,13440
l_1922,arterial,CBD,inner,12793,11820
l_136,arterial,East,peripheral,18554,1980
l_175,arterial,West,peripheral,28822,3480
l_64,arterial,East,peripheral,10821,16560
l_2179,motorway,MWY,peripheral,95000,143340
l_761,arterial,East,peripheral,18554,34260
l_155,arterial,East,peripheral,27324,37740
l_542,arterial,East,boundary,8869,32820
l_1444,arterial,West,peripheral,3000,360
l_655,arterial,West,peripheral,12815,4020
l_817,arterial,East,peripheral,27324,1860
l_1838,motorway,MWY,peripheral,85000,0
l_314,arterial,West,boundary,9523,0
l_573,arterial,West,peripheral,28822,26820
l_823,arterial,East,peripheral,15906,11160
l_1407,arterial,East,peripheral,20157,0
l_967,arterial,East,boundary,25748,17940
l_551,arterial,West,peripheral,43962,19680
l_1501,arterial,West,peripheral,12815,4020
l_1552,motorway,MWY,peripheral,85000,186000
l_593,arterial,East,peripheral,18554,1380
l_1603,motorway,MWY,peripheral,90000,900
l_2149,motorway,MWY,peripheral,85000,11580
l_1637,motorway,MWY,peripheral,90000,144240
l_2471,arterial,West,peripheral,34625,107160
l_856,arterial,West,boundary,13785,85260
l_161,arterial,East,boundary,38827,10800
l_2228,arterial,CBD,inner,27326,30840
l_657,arterial,East,peripheral,9369,9900
l_943,arterial,West,peripheral,28195,14820
l_760,arterial,East,boundary,8479,40080
l_2329,arterial,West,peripheral,25694,1920
l_607,arterial,West,peripheral,28822,2640
l_23,arterial,CBD,inner,24996,111120
l_946,arterial,West,boundary,12512,13320
l_936,arterial,CBD,inner,8869,27000
l_810,arterial,West,boundary,16700,19560
l_124,arterial,West,peripheral,7783,4500
l_1388,arterial,East,boundary,12615,95100
l_508,arterial,CBD,inner,25486,38280
l_1678,motorway,MWY,peripheral,90000,144240
l_534,arterial,East,peripheral,12000,3060
l_801,arterial,West,peripheral,12562,11820
l_792,arterial,East,peripheral,8771,145740
l_2082,motorway,MWY,boundary,90000,191280
l_905,arterial,CBD,inner,13785,86220
l_67,arterial,East,peripheral,15481,17880
l_221,arterial,CBD,inner,8869,24720
l_644,arterial,CBD,inner,12615,113280
l_923,arterial,West,boundary,16700,5280
l_412,arterial,West,peripheral,25694,3900
l_215,arterial,West,peripheral,17823,10620
l_112,arterial,West,peripheral,43962,19680
l_2683,arterial,West,boundary,90000,0
l_401,arterial,CBD,inner,4804,38940
l_952,arterial,CBD,inner,21939,117240
l_2639,arterial,East,boundary,23275,27780
l_859,arterial,West,peripheral,30484,151500
l_1926,arterial,West,boundary,23275,32820
l_89,arterial,East,peripheral,15481,17880
l_1082,arterial,East,boundary,23275,29580
l_1344,arterial,CBD,inner,30388,27120
l_2124,arterial,CBD,inner,25486,48240
l_306,arterial,East,peripheral,15481,30180
l_280,arterial,East,peripheral,34625,2160
l_90,arterial,West,peripheral,18012,3840
l_915,arterial,West,peripheral,30484,151500
l_2338,arterial,West,peripheral,8296,2700
l_2093,arterial,West,peripheral,7783,5580
l_618,arterial,West,peripheral,17823,27120
l_1241,arterial,West,peripheral,8296,7440
l_2443,arterial,CBD,inner,23275,8460
l_2079,arterial,West,peripheral,30484,41280
l_709,arterial,East,peripheral,27324,1500
l_871,arterial,West,peripheral,19825,25620
l_977,arterial,West,peripheral,16734,8760
l_1067,arterial,East,peripheral,20157,33000
l_1283,arterial,West,peripheral,9523,29640
l_1520,arterial,West,peripheral,34625,19560
l_271,arterial,West,peripheral,34625,3180
l_739,arterial,East,boundary,30388,18240
l_873,arterial,CBD,inner,21939,114960
l_1279,arterial,CBD,inner,16204,3120
l_2209,arterial,CBD,inner,15177,67380
l_1741,arterial,CBD,inner,30388,8400
l_1306,arterial,East,boundary,12793,78720
l_2604,arterial,West,peripheral,6000,11220
l_735,arterial,East,boundary,25748,38100
l_205,arterial,CBD,inner,16700,63840
l_710,arterial,CBD,inner,13785,68940
l_1461,arterial,East,boundary,24996,77040
l_1445,arterial,West,peripheral,6000,600
l_701,arterial,CBD,inner,13785,16440
l_1081,arterial,East,boundary,23275,29580
l_428,arterial,East,boundary,25748,38100
l_1833,arterial,East,peripheral,6446,480
l_2388,arterial,CBD,inner,30388,37080
l_2057,arterial,East,boundary,25748,22260
l_1168,arterial,East,peripheral,3000,65640
l_219,arterial,East,peripheral,12793,0
l_650,arterial,East,peripheral,9369,10740
l_1870,motorway,MWY,peripheral,85000,0
l_146,arterial,East,peripheral,25748,30180
l_1254,arterial,West,peripheral,8296,6240
l_643,arterial,East,peripheral,18554,2400
l_118,arterial,East,peripheral,28822,27180
l_1265,arterial,West,boundary,16204,247860
l_2099,motorway,MWY,peripheral,90000,96480
l_669,arterial,East,peripheral,10821,18240
l_1789,arterial,East,peripheral,21939,121260
l_2266,motorway,MWY,peripheral,8296,27960
l_808,arterial,East,peripheral,18554,1560
l_759,arterial,East,peripheral,15481,17880
l_1987,arterial,East,boundary,12259,10200
l_959,arterial,East,peripheral,30388,26400
l_1365,arterial,East,peripheral,12000,16560
l_462,arterial,West,peripheral,16293,3720
l_2398,motorway,MWY,peripheral,90000,144960
l_1745,motorway,MWY,peripheral,85000,206040
l_2141,motorway,MWY,peripheral,95000,173640
l_1207,arterial,East,boundary,21939,0
l_75,arterial,East,peripheral,10821,16560
l_1013,arterial,East,boundary,3000,65640
l_2495,arterial,CBD,inner,20224,123780
l_928,arterial,East,peripheral,25748,40800
l_878,arterial,West,peripheral,16293,1560
l_1549,motorway,MWY,peripheral,90000,145140
l_315,arterial,West,peripheral,12512,13320
l_883,arterial,West,peripheral,17823,19740
l_649,arterial,CBD,inner,8869,31620
l_329,arterial,CBD,inner,25748,25320
l_865,arterial,West,peripheral,28822,2640
l_291,arterial,East,peripheral,12000,3060
l_256,arterial,West,peripheral,8296,5460
l_1172,arterial,East,boundary,3000,51240
l_793,arterial,West,peripheral,16293,1560
l_1141,arterial,West,peripheral,3000,7080
l_624,arterial,CBD,inner,21939,39420
l_197,arterial,CBD,inner,12793,63600
l_178,arterial,West,peripheral,7783,4620
l_540,arterial,East,peripheral,12000,2460
l_2365,arterial,East,peripheral,20224,148500
l_267,arterial,East,peripheral,27324,1500
l_2597,arterial,CBD,inner,30388,34800
l_746,arterial,CBD,inner,3000,37260
l_1320,arterial,CBD,inner,12793,73200
l_753,arterial,CBD,inner,21939,78900
l_531,arterial,East,boundary,8869,33540
l_371,arterial,CBD,inner,25748,19740
l_1074,arterial,CBD,inner,21939,125580
l_642,arterial,East,peripheral,18554,4380
l_511,arterial,East,peripheral,10658,6960
l_211,arterial,West,peripheral,28195,14820
l_901,arterial,West,peripheral,17823,28200
l_510,arterial,CBD,inner,25486,39600
l_754,arterial,West,peripheral,30484,61080
l_2458,motorway,MWY,boundary,90000,218700
l_2622,arterial,West,peripheral,8296,4500
l_521,arterial,East,peripheral,18554,1380
l_935,arterial,East,peripheral,25748,40320
l_874,arterial,West,peripheral,16700,19560
l_1096,arterial,East,peripheral,27324,1500
l_2180,motorway,MWY,peripheral,95000,143340
l_1,arterial,West,peripheral,28195,14820
l_818,arterial,West,peripheral,28822,2640
l_460,arterial,West,peripheral,7783,4620
l_385,arterial,East,peripheral,15906,8700
l_749,arterial,West,peripheral,16734,16740
l_1249,arterial,West,peripheral,8296,4140
l_1771,arterial,East,peripheral,20157,33540
l_379,arterial,West,peripheral,17823,13440
l_382,arterial,CBD,inner,4804,39000
l_2470,motorway,MWY,inner,95000,360
l_1393,arterial,East,peripheral,4863,10140
l_841,arterial,East,peripheral,15481,17880
l_2309,arterial,West,peripheral,12000,19200
l_538,arterial,East,peripheral,8869,32820
l_336,arterial,West,peripheral,18012,2760
l_867,arterial,East,peripheral,12000,8280
l_772,arterial,West,peripheral,43962,18360
l_478,arterial,West,peripheral,43962,10020
l_634,arterial,CBD,inner,25748,19980
l_563,arterial,West,peripheral,34625,2160
l_942,arterial,West,boundary,16700,19560
l_971,arterial,CBD,inner,12793,87600
l_2024,arterial,East,boundary,20224,148560
l_229,arterial,CBD,inner,12512,10440
l_799,arterial,West,peripheral,43962,18120
l_296,arterial,East,peripheral,14414,58740
l_706,arterial,East,boundary,24996,74040
l_2662,arterial,West,peripheral,28195,14580
l_876,arterial,East,peripheral,27324,11580
l_105,arterial,East,peripheral,27324,37740
l_495,arterial,West,peripheral,17823,9420
l_2452,motorway,MWY,peripheral,95000,144240
l_1148,arterial,East,peripheral,25748,30840
l_2461,motorway,MWY,peripheral,90000,144960
l_705,arterial,West,boundary,16700,18660
l_392,arterial,CBD,inner,1564,38220
l_473,arterial,West,peripheral,12562,9180
l_1276,arterial,West,boundary,27326,30600
l_1827,arterial,East,peripheral,18554,1560
l_1773,arterial,East,boundary,25748,35820
l_703,arterial,CBD,inner,7124,28620
l_142,arterial,West,peripheral,28822,25500
l_287,arterial,West,peripheral,12562,10860
l_449,arterial,East,boundary,14414,58740
l_825,arterial,CBD,inner,30388,21120
l_723,arterial,East,boundary,7124,25080
l_742,arterial,East,peripheral,27324,1500
l_879,arterial,East,peripheral,27324,10140
l_169,arterial,East,boundary,24996,76200
l_1284,motorway,MWY,peripheral,90000,0
l_1813,arterial,West,peripheral,28822,8880
l_236,arterial,East,peripheral,15481,19860
l_418,arterial,West,peripheral,16293,2400
l_839,arterial,East,peripheral,10658,10620
l_145,arterial,East,boundary,16700,9120
l_485,arterial,East,peripheral,9369,9780
l_613,arterial,West,peripheral,17823,10620
l_758,arterial,East,peripheral,6838,0
l_2596,arterial,West,peripheral,25694,600
l_83,arterial,CBD,inner,12793,61200
l_482,arterial,West,boundary,11780,230700
l_138,arterial,West,peripheral,28195,14820
l_1211,arterial,West,boundary,23275,11820
l_875,arterial,East,peripheral,34625,2160
l_956,arterial,East,peripheral,18554,13800
l_1895,arterial,East,peripheral,6446,29160
l_1792,arterial,East,boundary,21939,50700
l_1793,arterial,East,peripheral,21939,50700
l_632,arterial,CBD,inner,21939,52380
l_39,arterial,East,peripheral,15481,30660
l_101,arterial,West,peripheral,28822,26820
l_812,arterial,East,peripheral,27324,2100
l_700,arterial,East,peripheral,25748,30180
l_518,arterial,East,peripheral,12000,19860
l_2342,motorway,MWY,peripheral,95000,173640
l_1775,motorway,MWY,peripheral,95000,173640
l_898,arterial,East,peripheral,10658,10620
l_715,arterial,CBD,inner,9523,43020
l_16,arterial,West,peripheral,28195,14100
l_1739,arterial,CBD,inner,30388,19620
l_2245,arterial,West,boundary,20224,123060
l_846,arterial,East,peripheral,18554,34500
l_30,arterial,West,peripheral,28195,14820
l_572,arterial,West,peripheral,28822,26820
l_811,arterial,CBD,inner,16204,43320
l_600,arterial,West,peripheral,28822,25500
l_2148,motorway,MWY,peripheral,85000,22620
l_1503,arterial,East,peripheral,18554,34260
l_1297,arterial,East,boundary,23275,28980
l_769,arterial,East,peripheral,6838,0
l_71,arterial,West,peripheral,18012,6240
l_265,arterial,West,peripheral,17823,21420
l_377,arterial,East,peripheral,9627,7920
l_352,arterial,CBD,inner,8479,71280
l_373,arterial,East,boundary,24996,74280
l_170,arterial,CBD,inner,24996,74640
l_2601,arterial,CBD,inner,30388,35100
l_448,arterial,West,peripheral,19825,25620
l_626,arterial,CBD,inner,16293,61560
l_567,arterial,East,peripheral,15481,30720
l_1425,arterial,West,peripheral,28195,14580
l_2021,arterial,CBD,inner,20224,130980
l_410,arterial,CBD,inner,3000,37380
l_273,arterial,CBD,inner,25486,48480
l_996,arterial,CBD,inner,25486,72840
l_840,arterial,West,peripheral,16700,5040
l_1836,motorway,MWY,peripheral,90000,148620
l_533,arterial,CBD,inner,12793,62700
l_779,arterial,West,peripheral,34625,1800
l_335,arterial,West,peripheral,18012,2760
l_376,arterial,East,peripheral,20157,31920
l_2291,motorway,MWY,boundary,90000,217140
l_2327,motorway,MWY,peripheral,95000,173640
l_1188,motorway,MWY,peripheral,90000,14760
l_743,arterial,West,boundary,16293,104460
l_247,arterial,East,boundary,9523,43020
l_589,arterial,East,peripheral,18554,1860
l_455,arterial,East,peripheral,10658,7440
l_2248,arterial,West,boundary,90000,360
l_2135,arterial,West,peripheral,28195,15420
l_181,arterial,East,peripheral,20224,140640
l_2384,arterial,West,boundary,20224,108000
l_1348,arterial,West,peripheral,30484,59520
l_577,arterial,CBD,inner,25486,76920
l_394,arterial,West,peripheral,16700,32100
l_393,arterial,East,peripheral,18554,1380
l_13,arterial,West,peripheral,15177,2280
l_1318,arterial,East,boundary,27326,38880
l_1108,arterial,West,peripheral,19779,360
l_1490,arterial,East,peripheral,22621,195240
l_328,arterial,CBD,inner,25748,26520
l_512,arterial,East,peripheral,10658,6960
l_2047,arterial,East,peripheral,21939,127560
l_530,arterial,East,peripheral,15906,11160
l_1756,arterial,CBD,inner,4804,720
l_157,arterial,CBD,inner,8479,72180
l_375,arterial,West,peripheral,12562,10260
l_381,arterial,East,peripheral,15481,30780
l_378,arterial,East,peripheral,20157,31920
l_210,arterial,West,peripheral,18012,4740
l_496,arterial,West,peripheral,17823,11460
l_2549,motorway,MWY,peripheral,95000,144240
l_2210,arterial,East,peripheral,25748,30360
l_1481,arterial,CBD,inner,21939,46620
l_113,arterial,West,peripheral,18012,6240
l_282,arterial,West,peripheral,18012,6240
l_337,arterial,West,peripheral,7783,4620
l_545,arterial,West,peripheral,43962,9420
l_346,arterial,West,peripheral,43962,17400
l_675,arterial,East,boundary,25486,47820
l_635,arterial,East,boundary,3000,37500
l_2001,arterial,CBD,inner,12259,31200
l_586,arterial,East,peripheral,15481,30780
l_251,arterial,West,peripheral,19825,25620
l_838,arterial,West,peripheral,17823,12000
l_726,arterial,West,peripheral,17823,21420
l_35,arterial,West,peripheral,43962,9420
l_787,arterial,West,boundary,16700,5040
l_718,arterial,West,boundary,11780,231060
l_53,arterial,West,peripheral,17823,10620
l_1299,arterial,East,boundary,10862,5160
l_8,arterial,CBD,inner,8479,64560
l_2218,arterial,CBD,inner,30388,39240
l_422,arterial,CBD,inner,4804,40200
l_186,arterial,CBD,inner,8479,74340
l_2059,motorway,MWY,peripheral,85000,66540
l_2295,arterial,West,peripheral,16700,30420
l_452,arterial,East,peripheral,15906,8700
l_2504,arterial,East,boundary,27326,82800
l_762,arterial,East,boundary,12793,87240
l_689,arterial,CBD,inner,12259,27720
l_941,arterial,East,boundary,30388,18240
l_331,arterial,East,boundary,18554,0
l_2313,arterial,CBD,inner,6446,14400
l_1379,arterial,East,peripheral,15481,17160
l_2320,motorway,MWY,peripheral,90000,25020
l_728,arterial,West,peripheral,17823,13440
l_492,arterial,East,peripheral,15906,23580
l_638,arterial,East,peripheral,24996,96060
l_1605,arterial,East,peripheral,15906,47400
l_1493,arterial,West,peripheral,25694,2160
l_541,arterial,CBD,inner,8869,33300
l_224,arterial,East,peripheral,15481,19740
l_2512,motorway,MWY,peripheral,90000,2040
l_602,arterial,East,peripheral,9354,28320
l_1433,arterial,East,peripheral,9627,21660
l_1371,arterial,East,boundary,12793,74040
l_945,arterial,CBD,inner,34625,64680
l_234,arterial,CBD,inner,25748,26520
l_947,arterial,West,peripheral,12562,11820
l_286,arterial,West,peripheral,17823,9420
l_960,arterial,East,peripheral,27324,7020
l_5,arterial,West,peripheral,43962,9420
l_199,arterial,CBD,inner,12615,113640
l_2297,arterial,West,peripheral,30484,60360
l_564,arterial,West,peripheral,34625,2160
l_433,arterial,CBD,inner,25748,24960
l_202,arterial,West,boundary,16293,104700
l_43,arterial,East,boundary,15177,0
l_1540,motorway,MWY,peripheral,90000,174240
l_1791,arterial,East,peripheral,21939,50700
l_416,arterial,West,peripheral,16700,31860
l_864,arterial,CBD,inner,3000,37500
l_927,arterial,East,boundary,15177,70620
l_2069,arterial,CBD,inner,12793,74040
l_1841,arterial,CBD,inner,12793,72960
l_1105,arterial,East,peripheral,27324,1320
l_503,arterial,West,boundary,16700,19320
l_660,arterial,East,peripheral,15906,23580
l_2092,arterial,East,peripheral,20157,33540
l_987,arterial,East,peripheral,12615,153420
l_2258,motorway,MWY,peripheral,90000,600
l_680,arterial,CBD,inner,1564,29460
l_414,arterial,West,peripheral,7783,4620
l_2689,arterial,East,peripheral,27324,0
l_736,arterial,CBD,inner,25748,18540
l_2253,arterial,CBD,inner,27326,240
l_27,arterial,East,boundary,24996,71760
l_1668,arterial,East,boundary,9523,720
l_1034,arterial,West,peripheral,20224,106320
l_2557,arterial,West,peripheral,3000,0
l_1588,arterial,CBD,inner,16700,66600
l_964,arterial,East,boundary,25748,38100
l_85,arterial,West,peripheral,15177,2280
l_341,arterial,West,peripheral,25486,91920
l_550,arterial,West,peripheral,43962,8580
l_798,arterial,East,peripheral,15481,17880
l_777,arterial,West,peripheral,16700,21480
l_2607,arterial,West,boundary,9523,29760
l_1090,arterial,CBD,inner,16204,247860
l_2570,arterial,West,peripheral,28195,15420
l_399,arterial,East,boundary,3000,41400
l_2046,arterial,West,boundary,12512,7080
l_481,arterial,West,boundary,25486,91920
l_637,arterial,CBD,inner,12259,30240
l_983,arterial,West,peripheral,16293,1560
l_2416,motorway,MWY,peripheral,90000,188520
l_31,arterial,West,peripheral,9523,29640
l_116,arterial,West,peripheral,28822,27060
l_471,arterial,West,peripheral,12562,11820
l_1749,arterial,East,boundary,22621,177900
l_1176,arterial,West,peripheral,34625,0
l_333,arterial,CBD,inner,8479,66960
l_91,arterial,East,peripheral,15906,23940
l_2247,arterial,East,boundary,23275,27780
l_1061,arterial,East,boundary,27326,55980
l_2302,arterial,East,peripheral,15177,3660
l_66,arterial,East,peripheral,25486,43260
l_1559,arterial,West,peripheral,16204,0
l_489,arterial,West,peripheral,43962,16920
l_1374,arterial,West,peripheral,28822,8880
l_893,arterial,East,peripheral,10821,18240
l_989,arterial,West,peripheral,30484,151140
l_303,arterial,East,peripheral,14414,58740
l_797,arterial,West,peripheral,25486,14880
l_228,arterial,West,peripheral,12562,11820
l_505,arterial,CBD,inner,8479,35400
l_1395,arterial,East,peripheral,20157,300
l_1902,motorway,MWY,boundary,90000,184800
l_556,arterial,West,peripheral,43962,18840
l_2488,arterial,CBD,inner,30388,18060
l_1758,motorway,MWY,peripheral,90000,25320
l_1910,arterial,East,peripheral,9627,15540
l_1548,motorway,MWY,peripheral,85000,145080
l_2394,arterial,CBD,inner,12793,2820
l_179,arterial,West,peripheral,7783,4620
l_912,arterial,East,peripheral,10821,19440
l_2616,motorway,MWY,peripheral,90000,0
l_2532,arterial,East,boundary,30388,37140
l_446,arterial,West,peripheral,43962,11880
l_1755,arterial,East,boundary,22621,176400
l_2565,arterial,CBD,inner,27326,42480
l_480,arterial,East,peripheral,14414,58740
l_667,arterial,West,boundary,25486,68640
l_1414,arterial,West,peripheral,30484,61080
l_828,arterial,CBD,inner,24996,73920
l_73,arterial,West,peripheral,43962,10020
l_806,arterial,CBD,inner,13785,78900
l_831,arterial,West,peripheral,9523,32760
l_612,arterial,West,peripheral,18012,2760
l_248,arterial,East,peripheral,15481,18000
l_2147,motorway,MWY,peripheral,85000,114120
l_554,arterial,West,peripheral,43962,9540
l_881,arterial,East,peripheral,15481,17880
l_233,arterial,CBD,inner,25748,32220
l_1025,arterial,CBD,inner,12512,9120
l_1821,arterial,East,peripheral,9523,43020
l_442,arterial,East,peripheral,9627,8400
l_41,arterial,CBD,inner,8869,24840
l_1109,arterial,West,boundary,23275,8880
l_990,arterial,West,peripheral,12512,13320
l_557,arterial,West,peripheral,43962,18840
l_284,arterial,West,peripheral,17823,9420
l_1078,arterial,West,boundary,16204,248100
l_2142,motorway,MWY,peripheral,95000,173640
l_775,arterial,East,peripheral,18554,1380
l_459,arterial,East,peripheral,18554,0
l_537,arterial,East,boundary,12793,73260
l_970,arterial,West,boundary,16700,31860
l_2598,arterial,CBD,inner,20224,106920
l_993,arterial,East,peripheral,27324,11580
l_2078,arterial,West,peripheral,28822,1920
l_568,arterial,West,peripheral,19825,28680
l_2605,arterial,West,boundary,28195,15420
l_922,arterial,East,peripheral,12615,153420
l_69,arterial,East,peripheral,27324,37740
l_2112,arterial,West,peripheral,25694,0
l_1184,motorway,MWY,boundary,90000,3120
l_260,arterial,CBD,inner,18554,1200
l_687,arterial,CBD,inner,25748,22020
l_829,arterial,East,peripheral,9627,7920
l_324,arterial,West,boundary,28195,33540
l_454,arterial,West,boundary,13785,83460
l_1199,motorway,MWY,boundary,90000,212640
l_493,arterial,East,peripheral,15906,23580
l_24,arterial,East,peripheral,18554,13800
l_610,arterial,CBD,inner,21939,120840
l_1378,arterial,East,peripheral,15481,31920
l_2486,arterial,CBD,inner,30388,18600
l_955,arterial,East,boundary,30388,21480
l_2440,motorway,MWY,peripheral,90000,212280
l_2648,arterial,CBD,inner,12793,80580
l_208,arterial,CBD,inner,25486,12120
l_807,arterial,East,peripheral,12000,2700
l_244,arterial,CBD,inner,12615,112920
l_654,arterial,West,peripheral,28195,14460
l_992,arterial,East,peripheral,10821,17880
l_26,arterial,West,peripheral,34625,1800
l_757,arterial,West,peripheral,43962,13080
l_2098,arterial,East,boundary,25748,35820
l_2515,motorway,MWY,peripheral,90000,2460
l_2085,motorway,MWY,peripheral,85000,195240
l_6,arterial,West,peripheral,12562,10500
l_15,arterial,East,peripheral,15177,2280
l_456,arterial,East,peripheral,10658,9180
l_262,arterial,West,peripheral,16734,8280
l_1840,arterial,East,peripheral,6446,37500
l_254,arterial,West,peripheral,16734,8760
l_727,arterial,West,boundary,13785,17280
l_1740,arterial,East,boundary,30388,22320
l_580,arterial,West,peripheral,34625,2700
l_620,arterial,West,peripheral,18012,2760
l_2220,arterial,West,peripheral,19825,28680
l_7,arterial,West,peripheral,43962,0
l_491,arterial,West,peripheral,43962,13080
l_998,arterial,East,peripheral,8771,145740
l_308,arterial,CBD,inner,8479,40920
l_2084,motorway,MWY,peripheral,85000,195240
l_824,arterial,West,peripheral,7783,4500
l_698,arterial,West,peripheral,28195,13380
l_2007,arterial,East,boundary,27326,38880
l_172,arterial,CBD,inner,8479,41160
l_1865,arterial,East,peripheral,25748,30360
l_857,arterial,East,peripheral,8771,145260
l_240,arterial,West,peripheral,23197,4800
l_192,arterial,CBD,inner,25486,50940
l_2103,motorway,MWY,peripheral,90000,144960
l_781,arterial,CBD,inner,25748,37740
l_2372,arterial,CBD,inner,30388,19020
l_2547,arterial,West,peripheral,8296,4500
l_730,arterial,CBD,inner,8869,26880
l_218,arterial,West,peripheral,18012,6240
l_110,arterial,West,peripheral,28822,1920
l_389,arterial,CBD,inner,25748,32760
l_1182,arterial,West,peripheral,6000,0
l_10,arterial,West,peripheral,19825,26760
l_961,arterial,East,peripheral,10658,10620
l_131,arterial,West,peripheral,12815,4020
l_2629,motorway,MWY,peripheral,90000,212040
l_1205,arterial,East,boundary,30388,15000
l_858,arterial,West,peripheral,43962,19680
l_645,arterial,CBD,inner,12615,112800
l_1060,arterial,East,peripheral,23275,28680
l_1295,arterial,East,boundary,23275,26880
l_231,arterial,West,peripheral,43962,8580
l_778,arterial,West,peripheral,43962,10020
l_128,arterial,West,boundary,11780,230700
l_356,arterial,East,peripheral,7124,25140
l_786,arterial,East,peripheral,12512,54480
l_763,arterial,West,peripheral,30484,151500
l_193,arterial,CBD,inner,15177,63000
l_1866,arterial,East,peripheral,25748,30360
l_625,arterial,CBD,inner,16293,74880
l_137,arterial,CBD,inner,25486,89280
l_302,arterial,East,peripheral,10658,10620
l_2590,arterial,CBD,inner,30388,18060
l_1152,arterial,West,peripheral,13785,86580
l_1796,arterial,East,boundary,30388,34320
l_2269,arterial,CBD,inner,12793,780
l_413,arterial,East,peripheral,24996,74280
l_544,arterial,West,peripheral,43962,10020
l_1107,arterial,CBD,inner,23275,9300
l_2581,arterial,West,peripheral,16700,30420
l_548,arterial,West,peripheral,43962,19680
l_349,arterial,West,peripheral,12562,11820
l_1891,arterial,West,boundary,23275,32940
l_1002,arterial,East,boundary,30388,26400
l_52,arterial,East,peripheral,24996,96060
l_1743,arterial,CBD,inner,30388,41640
l_619,arterial,West,peripheral,18012,2760
l_321,arterial,CBD,inner,16204,43560
l_342,arterial,West,peripheral,25486,14880
l_1496,arterial,West,peripheral,25694,1080
l_2158,motorway,MWY,peripheral,85000,93360
l_436,arterial,West,peripheral,17823,9420
l_896,arterial,West,boundary,9523,32760
l_663,arterial,East,boundary,21939,42180
l_1744,motorway,MWY,peripheral,85000,195240
l_1913,arterial,CBD,inner,12259,10320
l_682,arterial,West,peripheral,16734,8760
l_2170,arterial,West,peripheral,7783,5580
l_2426,arterial,CBD,inner,30388,45720
l_868,arterial,East,peripheral,27324,11580
l_2627,arterial,East,boundary,18554,10680
l_949,arterial,CBD,inner,12615,112980
l_2181,motorway,MWY,peripheral,90000,0
l_42,arterial,East,peripheral,18554,1560
l_937,arterial,West,peripheral,28195,15300
l_2346,motorway,MWY,peripheral,85000,195240
l_317,arterial,CBD,inner,16204,43080
l_167,arterial,East,boundary,24996,72840
l_1597,arterial,CBD,inner,30388,34080
l_84,arterial,West,boundary,12512,14280
l_529,arterial,East,peripheral,15906,7740
l_702,arterial,East,peripheral,6838,0
l_194,arterial,East,boundary,16700,4320
l_104,arterial,West,peripheral,12562,10860
l_1115,arterial,East,peripheral,12793,78720
l_2058,arterial,East,peripheral,25748,22260
l_2045,arterial,West,peripheral,12512,7080
l_800,arterial,West,peripheral,8296,0
l_1867,arterial,CBD,inner,27326,47100
l_1380,arterial,East,peripheral,20157,17160
l_933,arterial,East,peripheral,15481,28500
l_717,arterial,East,peripheral,6838,0
l_1536,motorway,MWY,peripheral,95000,600
l_307,arterial,West,peripheral,16293,1680
l_111,arterial,East,peripheral,34625,2160
l_2008,arterial,East,peripheral,27326,38880
l_441,arterial,East,peripheral,9627,8400
l_109,arterial,West,peripheral,28195,24480
l_46,arterial,CBD,inner,24996,72000
l_1901,motorway,MWY,boundary,90000,185040
l_1422,arterial,CBD,inner,12793,72840
l_290,arterial,West,peripheral,9523,0
l_354,arterial,East,boundary,18554,12720
l_204,arterial,West,peripheral,43962,9420
l_209,arterial,West,peripheral,34625,1800
l_184,arterial,West,peripheral,13785,17280
l_439,arterial,East,peripheral,27324,37740
l_1494,arterial,West,peripheral,25694,1080
l_617,arterial,East,peripheral,9627,8400
l_832,arterial,West,peripheral,43962,8940
l_2634,arterial,CBD,inner,27326,40080
l_507,arterial,CBD,inner,34625,65160
l_183,arterial,CBD,inner,8869,24360
l_2145,arterial,East,peripheral,38827,17640
l_790,arterial,West,peripheral,43962,11400
l_274,arterial,East,peripheral,27324,1500
l_1665,arterial,East,boundary,30388,22800
l_1823,arterial,CBD,inner,20224,140400
l_1383,arterial,West,peripheral,28822,17220
l_747,arterial,East,peripheral,9627,6960
l_774,arterial,CBD,inner,38827,15840
l_2360,arterial,West,boundary,23275,28980
l_1508,arterial,East,peripheral,25748,0
l_2012,arterial,West,boundary,20224,122820
l_862,arterial,West,peripheral,16293,1200
l_87,arterial,East,peripheral,15481,30780
l_639,arterial,East,peripheral,24996,96060
l_182,arterial,West,peripheral,16700,5280
l_515,arterial,West,boundary,12512,39540
l_484,arterial,East,peripheral,9369,9900
l_549,arterial,West,peripheral,43962,8580
l_815,arterial,East,peripheral,27324,7140
l_4,arterial,West,peripheral,18012,4740
l_1273,arterial,West,peripheral,23275,11820
l_139,arterial,East,peripheral,12000,3060
l_795,arterial,CBD,inner,25486,12720
l_609,arterial,CBD,inner,3000,37500
l_156,arterial,CBD,inner,28195,29160
l_1079,arterial,East,boundary,20157,78600
l_407,arterial,West,peripheral,12562,9180
l_1672,arterial,East,boundary,9523,46500
l_1537,motorway,MWY,peripheral,95000,600
l_2688,arterial,CBD,inner,27326,43620
l_720,arterial,East,peripheral,9627,6960
l_2449,arterial,West,peripheral,30484,60360
l_2292,arterial,CBD,inner,30388,42840
l_553,arterial,West,peripheral,43962,9540
l_223,arterial,West,peripheral,16734,8760
l_438,arterial,East,peripheral,15906,23940
l_255,arterial,West,peripheral,16734,15780
l_584,arterial,West,peripheral,28822,26820
l_628,arterial,West,peripheral,8296,5400
l_1288,arterial,West,peripheral,25000,61080
l_1835,motorway,MWY,peripheral,90000,10980
l_1335,arterial,CBD,inner,30388,17700
l_1282,arterial,East,peripheral,20224,148560
l_847,arterial,West,peripheral,17823,21420
l_854,arterial,CBD,inner,38827,15480
l_2655,arterial,West,peripheral,28585,7680
l_2143,arterial,East,boundary,38827,17640
l_237,arterial,East,boundary,25486,43260
l_932,arterial,West,boundary,34625,63600
l_788,arterial,West,boundary,28195,33180
l_2042,arterial,CBD,inner,12512,7680
l_2370,motorway,MWY,boundary,90000,230400
l_398,arterial,CBD,inner,14414,55860
l_1826,motorway,MWY,inner,90000,190680
l_1193,arterial,CBD,inner,27326,40080
l_853,arterial,East,boundary,9523,49860
l_1801,arterial,East,boundary,20224,143640
l_574,arterial,West,peripheral,28822,2640
l_803,arterial,West,peripheral,9523,0
l_1767,motorway,MWY,peripheral,95000,59220
l_560,arterial,West,peripheral,43962,9540
l_791,arterial,West,peripheral,30484,152220
l_461,arterial,West,peripheral,16700,32100
l_2151,motorway,MWY,peripheral,90000,212280
l_848,arterial,West,peripheral,8296,5400
l_95,arterial,East,boundary,16700,4320
l_834,arterial,CBD,inner,24996,73320
l_929,arterial,West,peripheral,23197,4800
l_59,arterial,West,peripheral,28195,14820
l_1831,arterial,East,peripheral,25748,30840
l_2074,motorway,MWY,peripheral,85000,86640
l_835,arterial,East,peripheral,25748,40800
l_685,arterial,CBD,inner,8479,46440
l_2559,motorway,MWY,boundary,95000,2760
l_1581,arterial,CBD,inner,8479,63600
l_421,arterial,CBD,inner,14414,52500
l_500,arterial,CBD,inner,12793,63360
l_1381,arterial,East,peripheral,12000,3060
l_311,arterial,West,peripheral,4318,4020
l_1453,arterial,CBD,inner,20157,77640
l_684,arterial,CBD,inner,8479,37680
l_467,arterial,West,peripheral,43962,13080
l_1196,arterial,East,boundary,6446,18120
l_82,arterial,West,peripheral,17823,9420
l_434,arterial,East,peripheral,27324,36180
l_479,arterial,West,peripheral,43962,10020
l_114,arterial,East,boundary,24996,96180
l_844,arterial,East,peripheral,18554,1560
l_611,arterial,CBD,inner,21939,119520
l_2296,arterial,East,peripheral,27326,82800
l_190,arterial,CBD,inner,16700,8880
l_805,arterial,East,peripheral,27324,7140
l_648,arterial,East,boundary,8869,32820
l_1366,arterial,West,peripheral,28822,1200
l_1812,arterial,West,peripheral,30484,59520
l_2397,motorway,MWY,peripheral,95000,144300
l_310,arterial,West,peripheral,12815,4020
l_2462,arterial,CBD,inner,27326,56820
l_351,arterial,West,peripheral,12562,8580
l_1349,motorway,MWY,peripheral,85000,56700
l_1686,arterial,West,peripheral,28822,7440
l_1413,arterial,West,peripheral,30484,61080
l_504,arterial,East,peripheral,38827,7920
l_158,arterial,CBD,inner,25748,35940
l_2077,arterial,West,peripheral,28822,1320
l_1469,arterial,East,peripheral,27324,0
l_2115,motorway,MWY,peripheral,90000,148620
l_2056,motorway,MWY,boundary,85000,2520
l_37,arterial,East,peripheral,15481,30180
l_72,arterial,West,peripheral,12562,10500
l_691,arterial,West,peripheral,43962,5580
l_435,arterial,East,peripheral,9369,10740
l_1783,motorway,MWY,inner,90000,213120
l_353,arterial,CBD,inner,8479,69120
l_270,arterial,East,peripheral,30484,152220
l_802,arterial,West,peripheral,17823,19740
l_1236,arterial,East,boundary,30388,34740
l_614,arterial,West,peripheral,17823,10620
l_115,arterial,West,peripheral,28822,26820
l_2043,arterial,CBD,inner,12512,7800
l_1909,arterial,East,peripheral,9627,10560
l_2679,arterial,West,peripheral,90000,0
l_292,arterial,West,peripheral,43962,18120
l_2413,arterial,CBD,inner,30388,21480
l_884,arterial,West,peripheral,28195,23040
l_1817,motorway,MWY,peripheral,85000,114060
l_647,arterial,CBD,inner,8869,26700
l_2174,arterial,East,peripheral,18554,13800
l_1466,arterial,CBD,inner,3000,4080
l_789,arterial,East,boundary,30388,21480
l_944,arterial,West,peripheral,12562,11820
l_2283,motorway,MWY,boundary,90000,211440
l_1194,arterial,CBD,inner,9523,49740
l_1859,arterial,East,boundary,20224,149400
l_599,arterial,West,peripheral,28195,22560
l_1272,arterial,West,peripheral,27326,195000
l_2106,arterial,East,peripheral,18554,13800
l_1075,arterial,West,peripheral,13785,16560
l_2171,arterial,West,peripheral,7783,5580
l_141,arterial,CBD,inner,8479,41400
l_463,arterial,West,peripheral,16293,3720
l_1519,arterial,West,peripheral,34625,44040
l_151,arterial,West,peripheral,28822,1920
l_891,arterial,CBD,inner,9523,49860
l_474,arterial,West,peripheral,12562,8580
l_403,arterial,East,peripheral,12000,2700
l_925,arterial,East,peripheral,15906,11160
l_361,arterial,CBD,inner,21939,88980
l_1181,motorway,MWY,peripheral,90000,1440
l_1904,arterial,West,boundary,28195,18600
l_2422,motorway,MWY,boundary,90000,600
l_2340,motorway,MWY,boundary,90000,215040
l_400,arterial,West,peripheral,4318,3900
l_1806,arterial,East,boundary,4804,44520
l_658,arterial,East,boundary,9523,43020
l_688,arterial,CBD,inner,25748,23460
l_334,arterial,East,peripheral,9354,28320
l_934,arterial,East,peripheral,9627,7920
l_1568,arterial,East,peripheral,12000,144960
l_238,arterial,CBD,inner,25486,37200
l_497,arterial,West,peripheral,17823,11460
l_279,arterial,West,peripheral,28822,1920
l_140,arterial,East,boundary,21939,121260
l_2252,motorway,MWY,peripheral,85000,3180
l_1000,arterial,West,peripheral,43962,13080
l_1055,arterial,East,peripheral,25748,30300
l_396,arterial,East,boundary,14414,52620
l_40,arterial,West,peripheral,43962,9420
l_737,arterial,CBD,inner,21939,118200
l_107,arterial,East,boundary,15177,63000
l_216,arterial,CBD,inner,16700,64560
l_430,arterial,East,peripheral,15906,9720
l_1563,motorway,MWY,peripheral,90000,13200
l_1364,arterial,CBD,inner,25486,12240
l_2182,motorway,MWY,boundary,90000,2460
l_108,arterial,West,peripheral,16204,45480
l_191,arterial,West,peripheral,28822,3480
l_163,arterial,West,peripheral,43962,16920
l_123,arterial,West,peripheral,12562,10260
l_62,arterial,East,peripheral,9627,9240
l_2163,arterial,East,boundary,12259,31200
l_326,arterial,East,peripheral,18554,960
l_70,arterial,East,peripheral,9627,7920
l_440,arterial,West,peripheral,43962,11880
l_1614,arterial,East,peripheral,20157,31920
l_1547,motorway,MWY,peripheral,95000,123840
l_58,arterial,West,peripheral,43962,19680
l_2386,motorway,MWY,boundary,90000,1920
l_1825,arterial,CBD,inner,20224,142560
l_1567,motorway,MWY,peripheral,95000,128880
l_756,arterial,West,peripheral,43962,10020
l_677,arterial,East,peripheral,38827,7920
l_963,arterial,West,peripheral,16700,18660
l_627,arterial,CBD,inner,16293,61080
l_1316,arterial,East,peripheral,12615,58320
l_523,arterial,West,peripheral,28195,23040
l_621,arterial,CBD,inner,16293,71280
l_1748,arterial,East,boundary,22621,176400
l_2621,motorway,MWY,peripheral,85000,144720
l_587,arterial,East,peripheral,18554,1380
l_938,arterial,East,peripheral,6838,0
l_661,arterial,East,peripheral,12000,1200
l_920,arterial,East,boundary,8479,40080
l_526,arterial,East,boundary,12259,33000
l_443,arterial,West,peripheral,25694,3900
l_406,arterial,West,peripheral,12562,9780
l_1730,arterial,West,peripheral,7783,4620
l_17,arterial,CBD,inner,12259,27240
l_78,arterial,CBD,inner,12259,27480
l_1797,arterial,CBD,inner,30388,34680
l_383,arterial,East,peripheral,27324,37740
l_166,arterial,East,boundary,24996,72840
l_350,arterial,West,peripheral,12562,9180
l_984,arterial,CBD,inner,12615,113580
l_1410,arterial,West,peripheral,30484,60420
l_1408,arterial,East,peripheral,25748,135000
l_2127,arterial,East,peripheral,10821,19200
l_1268,arterial,East,boundary,6446,11580
l_2144,arterial,East,boundary,38827,17640
l_988,arterial,East,boundary,9523,49860
l_888,arterial,CBD,inner,12512,11520
l_102,arterial,West,peripheral,12562,9060
l_2466,arterial,CBD,inner,30388,34920
l_2311,arterial,East,peripheral,25748,30120
l_380,arterial,East,peripheral,15906,11160
l_1869,motorway,MWY,peripheral,90000,123360
l_2357,motorway,MWY,peripheral,8296,37080
l_522,arterial,West,peripheral,28195,23040
l_1319,arterial,East,boundary,12615,94260
l_2048,arterial,East,boundary,21939,121860
l_2212,arterial,West,peripheral,28195,15300
l_348,arterial,West,peripheral,18012,3840
l_316,arterial,CBD,inner,16204,42840
l_773,arterial,CBD,inner,16293,102180
l_1886,motorway,MWY,peripheral,90000,137100
l_1274,arterial,CBD,inner,30388,17880
l_782,arterial,East,boundary,30388,24720
l_1285,arterial,East,boundary,23275,27240
l_253,arterial,CBD,inner,25748,35940
l_106,arterial,East,peripheral,18554,34620
l_1780,arterial,West,peripheral,34625,66240
l_861,arterial,East,peripheral,10821,17880
l_975,arterial,East,peripheral,12000,1200
l_457,arterial,West,peripheral,12562,8580
l_147,arterial,East,peripheral,25748,28380
l_615,arterial,CBD,inner,16293,67920
l_973,arterial,East,peripheral,18554,1380
l_908,arterial,West,peripheral,28195,14820
l_2455,motorway,MWY,peripheral,90000,148620
l_1606,arterial,West,peripheral,28822,1920
l_499,arterial,West,peripheral,17823,28200
l_1228,arterial,East,boundary,30388,37140
l_692,arterial,West,peripheral,43962,13080
l_298,arterial,West,peripheral,19825,26520
l_2102,motorway,MWY,peripheral,90000,144960
l_1328,arterial,East,boundary,23275,28680
l_1550,motorway,MWY,peripheral,90000,191280
l_767,arterial,East,boundary,12793,88620
l_2485,arterial,West,peripheral,90000,360
l_539,arterial,East,peripheral,12000,2460
l_2080,arterial,West,peripheral,30484,29940
l_719,arterial,East,peripheral,27324,37020
l_2083,motorway,MWY,inner,90000,190800
l_1125,arterial,West,boundary,13785,16560
l_1280,arterial,West,boundary,27326,53400
l_999,arterial,West,peripheral,43962,18120
l_502,arterial,CBD,inner,16700,18840
l_1450,arterial,CBD,inner,12259,30360
l_1998,arterial,CBD,inner,27326,81960
l_96,arterial,West,peripheral,17823,28200
l_332,arterial,CBD,inner,8479,66720
l_2379,arterial,East,boundary,30388,10320
l_536,arterial,CBD,inner,12793,73140
l_917,arterial,East,boundary,30388,24720
l_2381,arterial,East,boundary,6446,12360
l_1287,arterial,East,peripheral,23275,27180
l_578,arterial,East,peripheral,28822,27180
l_468,arterial,West,peripheral,43962,13080
l_2203,motorway,MWY,peripheral,90000,29940
l_731,arterial,West,peripheral,7783,6540
l_741,arterial,East,peripheral,18554,34620
l_1370,arterial,East,peripheral,15481,19860
l_160,arterial,East,boundary,38827,10800
l_2157,motorway,MWY,peripheral,85000,93360
l_447,arterial,West,peripheral,19825,26520
l_263,arterial,East,peripheral,12000,8280
l_427,arterial,East,peripheral,9369,9900
l_1497,arterial,West,peripheral,25694,600
l_837,arterial,West,boundary,25486,70920
l_2255,arterial,West,peripheral,34625,107160
l_1753,arterial,East,peripheral,18554,4380
l_362,arterial,West,peripheral,28195,14580
l_152,arterial,East,boundary,8479,40800
l_2038,arterial,West,peripheral,8296,6840
l_968,arterial,CBD,inner,24996,74160
l_277,arterial,West,peripheral,28195,22620
l_1440,arterial,East,peripheral,25748,30300
l_355,arterial,East,boundary,18554,2040
l_2562,motorway,MWY,peripheral,90000,215040
l_165,arterial,East,peripheral,9354,28320
l_562,arterial,West,peripheral,43962,9420
l_168,arterial,East,boundary,9523,25320
l_1451,arterial,CBD,inner,12259,27000
l_1106,arterial,CBD,inner,23275,9540
l_2172,arterial,West,boundary,3000,7920
l_2527,arterial,East,boundary,18554,13800
l_475,arterial,East,peripheral,38827,7920
l_2199,arterial,CBD,inner,30388,8040
l_1893,motorway,MWY,peripheral,90000,0
l_2150,motorway,MWY,peripheral,90000,0
l_1263,arterial,East,peripheral,27326,40560
l_843,arterial,West,peripheral,16700,21480
l_855,arterial,East,boundary,20224,138540
l_1208,motorway,MWY,peripheral,85000,145200
l_919,arterial,East,peripheral,25486,48840
l_1871,motorway,MWY,peripheral,85000,123360
l_177,arterial,East,peripheral,3000,41400
l_1191,arterial,West,peripheral,30484,60300
l_1690,motorway,MWY,peripheral,90000,38340
l_948,arterial,West,peripheral,17823,9420
l_417,arterial,West,boundary,16293,3120
l_889,arterial,West,peripheral,17823,13440
l_129,arterial,West,peripheral,8296,5460
l_2518,arterial,East,boundary,20157,78000
l_164,arterial,East,boundary,30388,26160
l_153,arterial,West,peripheral,43962,9420
l_206,arterial,West,peripheral,12562,9060
l_972,arterial,East,peripheral,12000,8280
l_921,arterial,West,boundary,16700,32100
l_1862,arterial,East,peripheral,6446,0
l_2424,motorway,MWY,boundary,90000,188400
l_2672,arterial,West,peripheral,23275,28980
l_225,arterial,East,peripheral,27324,1500
l_994,arterial,West,peripheral,28195,14820
l_969,arterial,West,boundary,12512,12600
l_18,arterial,East,boundary,12615,113940
l_652,arterial,West,peripheral,19825,24540
l_429,arterial,East,peripheral,15906,11160
l_1443,arterial,West,peripheral,3000,360
l_1774,arterial,East,peripheral,22621,195240
l_3,arterial,West,peripheral,34625,1800
l_2306,motorway,MWY,peripheral,85000,114060
l_1551,motorway,MWY,peripheral,90000,191280
l_679,arterial,CBD,inner,13785,55620
l_14,arterial,East,peripheral,27324,11580
l_2429,motorway,MWY,peripheral,90000,224340
l_2146,motorway,MWY,peripheral,85000,114120
l_809,arterial,West,peripheral,4318,4020
l_264,arterial,East,boundary,25748,16560
l_411,arterial,West,peripheral,12562,10260
l_97,arterial,East,peripheral,15481,29700
l_686,arterial,CBD,inner,25748,25620
l_2031,arterial,East,boundary,20224,148920
l_604,arterial,West,peripheral,28822,25500
l_2227,motorway,MWY,peripheral,90000,148620
l_850,arterial,West,boundary,16293,3120
l_904,arterial,West,peripheral,11780,230040
l_565,arterial,West,boundary,34625,65640
l_1781,arterial,CBD,inner,20224,131820
l_608,arterial,West,peripheral,28822,2640
l_991,arterial,East,peripheral,18554,34620
l_65,arterial,East,peripheral,9627,7920
l_641,arterial,CBD,inner,21939,102660
l_387,arterial,East,peripheral,4863,16560
l_885,arterial,West,peripheral,16293,1200
l_501,arterial,CBD,inner,12793,64200
l_359,arterial,CBD,inner,8479,47280
l_583,arterial,East,peripheral,9354,28320
l_1059,arterial,West,peripheral,16204,248100
l_213,arterial,West,peripheral,28195,14100
l_1655,arterial,CBD,inner,9523,48420
l_207,arterial,CBD,inner,25486,84720
l_2154,motorway,MWY,peripheral,90000,11040
l_1009,arterial,East,peripheral,20224,0
l_1367,arterial,CBD,inner,25486,12480
l_1053,arterial,CBD,inner,27326,40080
l_2285,arterial,East,boundary,20224,131820
l_227,arterial,East,peripheral,27324,11580
l_340,arterial,East,peripheral,15177,71340
l_2375,motorway,MWY,boundary,90000,360
l_2363,arterial,CBD,inner,30388,15000
l_740,arterial,West,peripheral,16734,8760
l_911,arterial,West,peripheral,28195,14100
l_982,arterial,East,peripheral,27324,1500
l_1010,arterial,CBD,inner,27326,81240
l_1486,arterial,West,peripheral,19825,28680
l_402,arterial,East,peripheral,18554,1380
l_294,arterial,East,peripheral,10821,16560
l_2473,motorway,MWY,peripheral,90000,1320
l_659,arterial,East,peripheral,27324,37020
l_319,arterial,West,boundary,16204,43800
l_622,arterial,CBD,inner,16293,57840
l_250,arterial,West,peripheral,19825,25620
l_1802,arterial,East,boundary,20224,143640
l_1238,arterial,CBD,inner,38827,18480
l_1347,arterial,West,peripheral,30484,59520
l_1554,motorway,MWY,inner,90000,3600
l_2546,arterial,East,boundary,27326,58020
l_2131,arterial,East,peripheral,30388,0
l_1558,arterial,West,peripheral,27326,225300
l_595,arterial,East,peripheral,15906,7740
l_293,arterial,West,peripheral,18012,3840
l_150,arterial,East,peripheral,18554,34620
l_724,arterial,East,boundary,25486,52500
l_1024,arterial,East,peripheral,3000,65640
l_187,arterial,CBD,inner,30388,25440
l_1356,arterial,West,peripheral,30484,59520
l_32,arterial,West,peripheral,30484,151500
l_1570,motorway,MWY,peripheral,90000,360
l_312,arterial,CBD,inner,21939,39660
l_1765,motorway,MWY,peripheral,95000,116220
l_1353,arterial,West,peripheral,28822,1920
l_870,arterial,CBD,inner,13785,81000
l_1868,arterial,CBD,inner,30388,34560
l_571,arterial,West,peripheral,28822,24900
l_527,arterial,East,peripheral,12259,33000
l_2219,arterial,East,peripheral,18554,13800
l_2176,arterial,East,peripheral,18554,0
l_391,arterial,CBD,inner,3000,38520
l_640,arterial,East,boundary,21939,114480
l_1903,arterial,East,peripheral,22621,195240
l_2685,motorway,MWY,peripheral,90000,215100
l_1120,arterial,CBD,inner,20224,132180
l_819,arterial,CBD,inner,21939,116040
l_339,arterial,East,peripheral,18554,1560
l_425,arterial,West,peripheral,17823,9420
l_914,arterial,West,peripheral,30484,151500
l_198,arterial,CBD,inner,16700,3600
l_1822,arterial,East,boundary,20224,0
l_913,arterial,CBD,inner,9523,43020
l_195,arterial,East,peripheral,15481,17880
l_2647,motorway,MWY,peripheral,85000,35520
l_681,arterial,CBD,inner,1564,33300
l_338,arterial,East,peripheral,15481,29700
l_2593,motorway,MWY,peripheral,85000,0
l_852,arterial,East,peripheral,15906,23580
l_464,arterial,West,peripheral,16734,8760
l_1834,motorway,MWY,peripheral,90000,91680
l_768,arterial,West,peripheral,17823,26280
l_154,arterial,East,peripheral,8771,145740
l_49,arterial,West,peripheral,43962,9420
l_2503,arterial,West,peripheral,28822,7680
l_2645,arterial,East,boundary,20157,78000
l_814,arterial,East,peripheral,18554,34500
l_1489,arterial,West,peripheral,16700,30420
l_1988,arterial,East,boundary,12259,10200
l_693,arterial,West,peripheral,43962,13080
l_281,arterial,West,peripheral,43962,19680
l_2361,arterial,CBD,inner,12793,82980
l_2537,motorway,MWY,boundary,90000,211320
l_1722,arterial,CBD,inner,12793,73200
l_1742,arterial,CBD,inner,30388,1560
l_1927,arterial,West,boundary,23275,32880
l_748,arterial,West,peripheral,28195,14820
l_92,arterial,West,peripheral,28822,1920
l_1404,arterial,CBD,inner,18554,10500
l_1186,motorway,MWY,peripheral,95000,77280
l_1544,motorway,MWY,peripheral,85000,123360
l_305,arterial,East,peripheral,15481,30180
l_695,arterial,East,boundary,24996,75600
l_261,arterial,CBD,inner,25748,26940
l_2122,motorway,MWY,peripheral,95000,3720
l_882,arterial,East,peripheral,27324,11580
l_506,arterial,CBD,inner,34625,64920
l_171,arterial,CBD,inner,24996,75840
l_1303,arterial,CBD,inner,7061,58920
l_367,arterial,CBD,inner,30388,23760
l_477,arterial,CBD,inner,25486,75000
l_2560,arterial,East,boundary,9523,43020
l_555,arterial,West,peripheral,43962,9060
l_2538,arterial,East,boundary,21939,126780
l_1132,arterial,West,boundary,20224,122580
l_902,arterial,West,peripheral,8296,5400
l_2322,motorway,MWY,peripheral,90000,0
l_794,arterial,West,peripheral,7783,4500
l_606,arterial,West,peripheral,28195,24480
l_958,arterial,East,peripheral,12512,54480
l_243,arterial,West,boundary,34625,65760
l_22,arterial,CBD,inner,12615,113520
l_930,arterial,West,peripheral,17823,9420
l_766,arterial,West,peripheral,16700,21480
l_149,arterial,East,peripheral,12000,1200
l_887,arterial,CBD,inner,3000,38160
l_283,arterial,West,peripheral,25694,2160
l_2511,motorway,MWY,peripheral,85000,47460
l_36,arterial,East,peripheral,27324,8220
l_1171,arterial,East,peripheral,12000,19620
l_2427,arterial,West,peripheral,23275,32940
l_597,arterial,West,boundary,34625,65160
l_11,arterial,East,peripheral,9354,28320
l_1232,arterial,West,boundary,20224,122580
l_423,arterial,East,boundary,24996,74280
l_1768,motorway,MWY,peripheral,95000,40740
l_285,arterial,West,peripheral,17823,9420
l_318,arterial,West,peripheral,11780,230700
l_313,arterial,East,peripheral,10821,16560
l_821,arterial,East,peripheral,20157,31920
l_869,arterial,West,boundary,16700,5040
l_903,arterial,East,peripheral,27324,2100
l_2336,arterial,CBD,inner,30388,48000
l_894,arterial,CBD,inner,12615,113520
l_559,arterial,West,peripheral,16734,15780
l_1598,motorway,MWY,peripheral,90000,148560
l_2215,motorway,MWY,boundary,90000,960
l_44,arterial,East,peripheral,15481,19740
l_431,arterial,East,peripheral,15906,11160
l_295,arterial,East,boundary,24996,74040
l_55,arterial,CBD,inner,16700,63960
l_1017,arterial,East,peripheral,22621,176040
l_2287,motorway,MWY,boundary,95000,0
l_322,arterial,East,peripheral,15481,19860
l_48,arterial,East,peripheral,15481,29700
l_2497,motorway,MWY,boundary,90000,211440
l_1142,arterial,CBD,inner,27326,42000
l_222,arterial,West,peripheral,15177,2280
l_822,arterial,CBD,inner,25748,28800
l_2153,motorway,MWY,peripheral,90000,11040
l_2155,motorway,MWY,inner,90000,1080
l_487,arterial,East,peripheral,15481,19740
l_1270,arterial,West,peripheral,27326,225300
l_239,arterial,East,peripheral,15481,18000
l_2185,motorway,MWY,peripheral,95000,23160
l_2240,arterial,West,peripheral,25694,0
l_395,arterial,East,boundary,12259,31200
l_771,arterial,CBD,inner,25748,26520
l_836,arterial,West,boundary,25486,69720
l_369,arterial,CBD,inner,16293,84960
l_47,arterial,East,peripheral,9627,6960
l_2326,arterial,East,peripheral,18554,13800
l_121,arterial,East,peripheral,15481,30780
l_770,arterial,West,boundary,9523,28800
l_125,arterial,CBD,inner,12259,32640
l_408,arterial,West,peripheral,12562,9780
l_203,arterial,CBD,inner,12615,111600
l_1454,arterial,East,boundary,24996,77040
l_309,arterial,East,boundary,8479,40800
l_851,arterial,CBD,inner,25486,73920
l_953,arterial,East,peripheral,27324,11580
l_656,arterial,East,peripheral,9369,10740
l_2378,arterial,West,peripheral,28195,15300
l_1325,arterial,East,boundary,12615,20400
l_1843,arterial,East,peripheral,25748,30120
l_2423,motorway,MWY,peripheral,95000,144240
l_986,arterial,CBD,inner,9523,25980
l_1894,arterial,East,boundary,6446,28680
l_276,arterial,West,peripheral,15177,2280
l_2354,arterial,West,peripheral,8296,2340
l_524,arterial,East,peripheral,24996,96060
l_469,arterial,West,peripheral,18012,3840
l_1726,arterial,CBD,inner,9523,47340
l_2060,motorway,MWY,peripheral,95000,144240
l_636,arterial,East,boundary,3000,37500
l_745,arterial,East,peripheral,20157,31920
l_301,arterial,West,peripheral,18012,6240
l_419,arterial,West,peripheral,16700,31860
l_704,arterial,West,peripheral,28195,24480
l_623,arterial,West,peripheral,17823,27120
l_344,arterial,West,peripheral,16734,8760
l_979,arterial,West,peripheral,30484,151140
l_2204,arterial,West,boundary,20224,106320
l_1839,motorway,MWY,peripheral,95000,143340
l_486,arterial,East,peripheral,27324,2220
l_1885,motorway,MWY,peripheral,90000,148620
l_366,arterial,East,peripheral,24996,71760
l_575,arterial,West,peripheral,4318,4020
l_631,arterial,East,peripheral,21939,39780
l_532,arterial,CBD,inner,12793,66420
l_1683,arterial,East,peripheral,4863,6420
l_33,arterial,CBD,inner,25486,75240
l_465,arterial,West,peripheral,16734,8760
l_472,arterial,East,peripheral,12793,73260
l_80,arterial,East,boundary,15177,0
l_390,arterial,East,peripheral,18554,1860
l_9,arterial,West,peripheral,19825,26760
l_965,arterial,CBD,inner,16700,8400
l_1877,arterial,West,boundary,23275,33360
l_2491,arterial,CBD,inner,20224,131940
l_666,arterial,East,peripheral,25748,40200
l_1782,arterial,East,boundary,20224,131820
l_1721,arterial,CBD,inner,12793,4620
l_50,arterial,CBD,inner,25748,32940
l_880,arterial,West,boundary,9523,29040
l_591,arterial,East,peripheral,15481,19740
l_99,arterial,CBD,inner,12512,13920
l_547,arterial,West,peripheral,43962,19680
l_2110,arterial,West,peripheral,28822,600
l_1289,arterial,CBD,inner,8479,62280
l_1323,arterial,East,boundary,23275,27180
l_711,arterial,CBD,inner,13785,71940
l_1169,arterial,West,boundary,34625,66240
l_674,arterial,East,peripheral,15906,8700
l_384,arterial,East,boundary,12793,73260
l_1776,motorway,MWY,peripheral,95000,173580
l_2114,motorway,MWY,peripheral,90000,212640
l_1732,arterial,West,peripheral,23275,28980
l_483,arterial,East,peripheral,27324,37020
l_201,arterial,East,boundary,16700,3600
l_974,arterial,East,peripheral,27324,11580
l_653,arterial,West,peripheral,28195,14100
l_1858,arterial,CBD,inner,30388,18000
l_1542,arterial,East,peripheral,18554,34260
l_1385,arterial,East,peripheral,12000,19860
l_275,arterial,West,peripheral,19825,24540
l_1820,arterial,East,peripheral,9523,43020
l_1421,arterial,West,peripheral,28195,14580
l_2687,arterial,West,peripheral,6000,11220
l_1439,arterial,East,peripheral,25748,1800
l_21,arterial,West,peripheral,18012,6240
l_470,arterial,West,peripheral,28195,24480
l_299,arterial,West,peripheral,8296,5400
l_98,arterial,East,peripheral,10658,10620
l_1160,arterial,West,boundary,13785,86580
l_2081,motorway,MWY,peripheral,85000,144720
l_345,arterial,West,peripheral,16734,15780
l_1313,arterial,CBD,inner,30388,420
l_616,arterial,East,peripheral,9627,7920
l_159,arterial,East,peripheral,12000,3060
l_980,arterial,West,boundary,9523,29040
l_320,arterial,West,boundary,16204,43800
l_57,arterial,West,peripheral,43962,9420
l_890,arterial,East,peripheral,34625,2160
l_2358,arterial,East,boundary,15177,3660
l_780,arterial,West,peripheral,28195,14820
l_249,arterial,East,peripheral,10658,10620
l_1415,arterial,West,peripheral,30484,61080
l_1278,arterial,West,peripheral,16204,248160
l_2671,motorway,MWY,peripheral,90000,540
l_765,arterial,West,peripheral,16734,15780
l_120,arterial,West,peripheral,28822,1920
l_1803,arterial,East,boundary,9523,0
l_405,arterial,East,boundary,12793,74100
l_2,arterial,East,peripheral,12512,39540
l_2602,motorway,MWY,peripheral,95000,143340
l_2654,arterial,East,boundary,27326,40560
l_2152,motorway,MWY,peripheral,90000,11040
l_752,arterial,West,boundary,13785,83160
l_833,arterial,East,peripheral,27324,11580
l_347,arterial,West,peripheral,18012,3840
l_162,arterial,West,peripheral,12562,9780
l_2216,arterial,West,peripheral,16293,1680
l_2260,arterial,CBD,inner,27326,240
l_28,arterial,West,peripheral,28822,1920
l_1438,arterial,East,peripheral,34625,2280
l_866,arterial,West,peripheral,17823,26280
l_2128,motorway,MWY,peripheral,85000,75900
l_1190,arterial,East,peripheral,12000,39960
l_437,arterial,West,peripheral,17823,9420
l_576,arterial,CBD,inner,16700,64320
l_592,arterial,East,peripheral,18554,1380
l_1189,arterial,West,peripheral,3000,600
l_1117,arterial,East,peripheral,21939,0
l_1957,arterial,CBD,inner,27326,40200
l_962,arterial,CBD,inner,9523,2280
l_830,arterial,East,peripheral,27324,7740
l_1534,motorway,MWY,peripheral,95000,0
l_558,arterial,West,peripheral,43962,11880
l_708,arterial,East,peripheral,15177,167520
l_2609,motorway,MWY,boundary,90000,120
l_1258,arterial,East,boundary,4804,42720
l_365,arterial,East,peripheral,24996,71760
l_252,arterial,East,peripheral,18554,1980
l_2514,arterial,West,peripheral,8296,2100
l_796,arterial,West,peripheral,28195,14820
l_516,arterial,CBD,inner,13785,78420
l_1798,arterial,West,peripheral,34625,107160
l_535,arterial,East,boundary,12793,87240
l_827,arterial,West,peripheral,19825,24540
l_1203,arterial,East,boundary,23275,28980
l_744,arterial,West,peripheral,34625,2400
l_671,arterial,East,peripheral,21939,42180
l_19,arterial,West,peripheral,19825,28200
l_288,arterial,West,peripheral,12562,10260
l_1145,arterial,East,boundary,3000,67860
l_1589,arterial,East,boundary,4804,44520
l_1175,arterial,West,peripheral,30484,60360
l_2635,arterial,CBD,inner,30388,38880
l_804,arterial,West,peripheral,16700,18660
l_696,arterial,West,boundary,9523,29760
l_842,arterial,West,peripheral,30484,151140
l_230,arterial,West,peripheral,4318,4020
l_34,arterial,West,peripheral,18012,2760
l_360,arterial,West,peripheral,28195,14460
l_88,arterial,West,peripheral,12562,9060
