id,adt
l_0,4318
l_1,28195
l_2,12512
l_3,34625
l_4,18012
l_5,43962
l_6,12562
l_7,43962
l_8,8479
l_9,19825
l_10,19825
l_11,9354
l_12,30388
l_13,15177
l_14,27324
l_15,15177
l_16,28195
l_17,12259
l_18,12615
l_19,19825
l_20,12000
l_21,18012
l_22,12615
l_23,24996
l_24,18554
l_25,25486
l_26,34625
l_27,24996
l_28,28822
l_29,34625
l_30,28195
l_31,9523
l_32,30484
l_33,25486
l_34,18012
l_35,43962
l_36,27324
l_37,15481
l_38,34625
l_39,15481
l_40,43962
l_41,8869
l_42,18554
l_43,15177
l_44,15481
l_45,9627
l_46,24996
l_47,9627
l_48,15481
l_49,43962
l_50,25748
l_51,12259
l_52,24996
l_53,17823
l_54,25486
l_55,16700
l_56,28195
l_57,43962
l_58,43962
l_59,28195
l_60,28195
l_61,27324
l_62,9627
l_63,9627
l_64,10821
l_65,9627
l_66,25486
l_67,15481
l_68,15481
l_69,27324
l_70,9627
l_71,18012
l_72,12562
l_73,43962
l_74,28822
l_75,10821
l_76,9627
l_77,9627
l_78,12259
l_79,17823
l_80,15177
l_81,43962
l_82,17823
l_83,12793
l_84,12512
l_85,15177
l_86,25748
l_87,15481
l_88,12562
l_89,15481
l_90,18012
l_91,15906
l_92,28822
l_93,43962
l_94,15177
l_95,16700
l_96,17823
l_97,15481
l_98,10658
l_99,12512
l_100,7124
l_101,28822
l_102,12562
l_103,12562
l_104,12562
l_105,27324
l_106,18554
l_107,15177
l_108,16204
l_109,28195
l_110,28822
l_111,34625
l_112,43962
l_113,18012
l_114,24996
l_115,28822
l_116,28822
l_117,28822
l_118,28822
l_119,28822
l_120,28822
l_121,15481
l_122,16204
l_123,12562
l_124,7783
l_125,12259
l_126,16204
l_127,11780
l_128,11780
l_129,8296
l_130,16293
l_131,12815
l_132,4318
l_133,21939
l_134,12793
l_135,21939
l_136,18554
l_137,25486
l_138,28195
l_139,12000
l_140,21939
l_141,8479
l_142,28822
l_143,12615
l_144,16293
l_145,16700
l_146,25748
l_147,25748
l_148,12562
l_149,12000
l_150,18554
l_151,28822
l_152,8479
l_153,43962
l_154,8771
l_155,27324
l_156,28195
l_157,8479
l_158,25748
l_159,12000
l_160,38827
l_161,38827
l_162,12562
l_163,43962
l_164,30388
l_165,9354
l_166,24996
l_167,24996
l_168,9523
l_169,24996
l_170,24996
l_171,24996
l_172,8479
l_173,25748
l_174,9523
l_175,28822
l_176,28822
l_177,3000
l_178,7783
l_179,7783
l_180,13785
l_181,20224
l_182,16700
l_183,8869
l_184,13785
l_185,8869
l_186,8479
l_187,30388
l_188,12815
l_189,43962
l_190,16700
l_191,28822
l_192,25486
l_193,15177
l_194,16700
l_195,15481
l_196,43962
l_197,12793
l_198,16700
l_199,12615
l_200,24996
l_201,16700
l_202,16293
l_203,12615
l_204,43962
l_205,16700
l_206,12562
l_207,25486
l_208,25486
l_209,34625
l_210,18012
l_211,28195
l_212,25486
l_213,28195
l_214,8296
l_215,17823
l_216,16700
l_217,18012
l_218,18012
l_219,12793
l_220,24996
l_221,8869
l_222,15177
l_223,16734
l_224,15481
l_225,27324
l_226,27324
l_227,27324
l_228,12562
l_229,12512
l_230,4318
l_231,43962
l_232,12615
l_233,25748
l_234,25748
l_235,15481
l_236,15481
l_237,25486
l_238,25486
l_239,15481
l_240,23197
l_241,9354
l_242,9354
l_243,34625
l_244,12615
l_245,10821
l_246,28822
l_247,9523
l_248,15481
l_249,10658
l_250,19825
l_251,19825
l_252,18554
l_253,25748
l_254,16734
l_255,16734
l_256,8296
l_257,28822
l_258,43962
l_259,43962
l_260,18554
l_261,25748
l_262,16734
l_263,12000
l_264,25748
l_265,17823
l_266,27324
l_267,27324
l_268,8296
l_269,17823
l_270,30484
l_271,34625
l_272,15177
l_273,25486
l_274,27324
l_275,19825
l_276,15177
l_277,28195
l_278,28822
l_279,28822
l_280,34625
l_281,43962
l_282,18012
l_283,25694
l_284,17823
l_285,17823
l_286,17823
l_287,12562
l_288,12562
l_289,12562
l_290,9523
l_291,12000
l_292,43962
l_293,18012
l_294,10821
l_295,24996
l_296,14414
l_297,43962
l_298,19825
l_299,8296
l_300,18012
l_301,18012
l_302,10658
l_303,14414
l_304,43962
l_305,15481
l_306,15481
l_307,16293
l_308,8479
l_309,8479
l_310,12815
l_311,4318
l_312,21939
l_313,10821
l_314,9523
l_315,12512
l_316,16204
l_317,16204
l_318,11780
l_319,16204
l_320,16204
l_321,16204
l_322,15481
l_323,15481
l_324,28195
l_325,15481
l_326,18554
l_327,18554
l_328,25748
l_329,25748
l_330,27324
l_331,18554
l_332,8479
l_333,8479
l_334,9354
l_335,18012
l_336,18012
l_337,7783
l_338,15481
l_339,18554
l_340,15177
l_341,25486
l_342,25486
l_343,11780
l_344,16734
l_345,16734
l_346,43962
l_347,18012
l_348,18012
l_349,12562
l_350,12562
l_351,12562
l_352,8479
l_353,8479
l_354,18554
l_355,18554
l_356,7124
l_357,8479
l_358,8479
l_359,8479
l_360,28195
l_361,21939
l_362,28195
l_363,4804
l_364,21939
l_365,24996
l_366,24996
l_367,30388
l_368,16293
l_369,16293
l_370,16293
l_371,25748
l_372,15906
l_373,24996
l_374,9627
l_375,12562
l_376,20157
l_377,9627
l_378,20157
l_379,17823
l_380,15906
l_381,15481
l_382,4804
l_383,27324
l_384,12793
l_385,15906
l_386,15906
l_387,4863
l_388,4863
l_389,25748
l_390,18554
l_391,3000
l_392,1564
l_393,18554
l_394,16700
l_395,12259
l_396,14414
l_397,18554
l_398,14414
l_399,3000
l_400,4318
l_401,4804
l_402,18554
l_403,12000
l_404,38827
l_405,12793
l_406,12562
l_407,12562
l_408,12562
l_409,28195
l_410,3000
l_411,12562
l_412,25694
l_413,24996
l_414,7783
l_415,16293
l_416,16700
l_417,16293
l_418,16293
l_419,16700
l_420,14414
l_421,14414
l_422,4804
l_423,24996
l_424,25748
l_425,17823
l_426,9627
l_427,9369
l_428,25748
l_429,15906
l_430,15906
l_431,15906
l_432,12562
l_433,25748
l_434,27324
l_435,9369
l_436,17823
l_437,17823
l_438,15906
l_439,27324
l_440,43962
l_441,9627
l_442,9627
l_443,25694
l_444,9627
l_445,12000
l_446,43962
l_447,19825
l_448,19825
l_449,14414
l_450,15906
l_451,15906
l_452,15906
l_453,15906
l_454,13785
l_455,10658
l_456,10658
l_457,12562
l_458,25486
l_459,18554
l_460,7783
l_461,16700
l_462,16293
l_463,16293
l_464,16734
l_465,16734
l_466,16734
l_467,43962
l_468,43962
l_469,18012
l_470,28195
l_471,12562
l_472,12793
l_473,12562
l_474,12562
l_475,38827
l_476,13785
l_477,25486
l_478,43962
l_479,43962
l_480,14414
l_481,25486
l_482,11780
l_483,27324
l_484,9369
l_485,9369
l_486,27324
l_487,15481
l_488,43962
l_489,43962
l_490,43962
l_491,43962
l_492,15906
l_493,15906
l_494,17823
l_495,17823
l_496,17823
l_497,17823
l_498,17823
l_499,17823
l_500,12793
l_501,12793
l_502,16700
l_503,16700
l_504,38827
l_505,8479
l_506,34625
l_507,34625
l_508,25486
l_509,25486
l_510,25486
l_511,10658
l_512,10658
l_513,4804
l_514,4804
l_515,12512
l_516,13785
l_517,12793
l_518,12000
l_519,12000
l_520,18554
l_521,18554
l_522,28195
l_523,28195
l_524,24996
l_525,24996
l_526,12259
l_527,12259
l_528,7124
l_529,15906
l_530,15906
l_531,8869
l_532,12793
l_533,12793
l_534,12000
l_535,12793
l_536,12793
l_537,12793
l_538,8869
l_539,12000
l_540,12000
l_541,8869
l_542,8869
l_543,16734
l_544,43962
l_545,43962
l_546,43962
l_547,43962
l_548,43962
l_549,43962
l_550,43962
l_551,43962
l_552,43962
l_553,43962
l_554,43962
l_555,43962
l_556,43962
l_557,43962
l_558,43962
l_559,16734
l_560,43962
l_561,16734
l_562,43962
l_563,34625
l_564,34625
l_565,34625
l_566,15481
l_567,15481
l_568,19825
l_569,19825
l_570,28822
l_571,28822
l_572,28822
l_573,28822
l_574,28822
l_575,4318
l_576,16700
l_577,25486
l_578,28822
l_579,28822
l_580,34625
l_581,12512
l_582,12512
l_583,9354
l_584,28822
l_585,15481
l_586,15481
l_587,18554
l_588,28195
l_589,18554
l_590,15481
l_591,15481
l_592,18554
l_593,18554
l_594,15906
l_595,15906
l_596,34625
l_597,34625
l_598,28195
l_599,28195
l_600,28822
l_601,34625
l_602,9354
l_603,9354
l_604,28822
l_605,28822
l_606,28195
l_607,28822
l_608,28822
l_609,3000
l_610,21939
l_611,21939
l_612,18012
l_613,17823
l_614,17823
l_615,16293
l_616,9627
l_617,9627
l_618,17823
l_619,18012
l_620,18012
l_621,16293
l_622,16293
l_623,17823
l_624,21939
l_625,16293
l_626,16293
l_627,16293
l_628,8296
l_629,8296
l_630,21939
l_631,21939
l_632,21939
l_633,7783
l_634,25748
l_635,3000
l_636,3000
l_637,12259
l_638,24996
l_639,24996
l_640,21939
l_641,21939
l_642,18554
l_643,18554
l_644,12615
l_645,12615
l_646,8869
l_647,8869
l_648,8869
l_649,8869
l_650,9369
l_651,9369
l_652,19825
l_653,28195
l_654,28195
l_655,12815
l_656,9369
l_657,9369
l_658,9523
l_659,27324
l_660,15906
l_661,12000
l_662,25486
l_663,21939
l_664,25748
l_665,25748
l_666,25748
l_667,25486
l_668,10821
l_669,10821
l_670,21939
l_671,21939
l_672,10821
l_673,27324
l_674,15906
l_675,25486
l_676,25748
l_677,38827
l_678,7783
l_679,13785
l_680,1564
l_681,1564
l_682,16734
l_683,16734
l_684,8479
l_685,8479
l_686,25748
l_687,25748
l_688,25748
l_689,12259
l_690,43962
l_691,43962
l_692,43962
l_693,43962
l_694,10821
l_695,24996
l_696,9523
l_697,17823
l_698,28195
l_699,17823
l_700,25748
l_701,13785
l_702,6838
l_703,7124
l_704,28195
l_705,16700
l_706,24996
l_707,43962
l_708,15177
l_709,27324
l_710,13785
l_711,13785
l_712,25486
l_713,12615
l_714,43962
l_715,9523
l_716,12615
l_717,6838
l_718,11780
l_719,27324
l_720,9627
l_721,25748
l_722,13785
l_723,7124
l_724,25486
l_725,27324
l_726,17823
l_727,13785
l_728,17823
l_729,16204
l_730,8869
l_731,7783
l_732,15906
l_733,8296
l_734,28195
l_735,25748
l_736,25748
l_737,21939
l_738,11780
l_739,30388
l_740,16734
l_741,18554
l_742,27324
l_743,16293
l_744,34625
l_745,20157
l_746,3000
l_747,9627
l_748,28195
l_749,16734
l_750,18554
l_751,27324
l_752,13785
l_753,21939
l_754,30484
l_755,15177
l_756,43962
l_757,43962
l_758,6838
l_759,15481
l_760,8479
l_761,18554
l_762,12793
l_763,30484
l_764,9523
l_765,16734
l_766,16700
l_767,12793
l_768,17823
l_769,6838
l_770,9523
l_771,25748
l_772,43962
l_773,16293
l_774,38827
l_775,18554
l_776,6838
l_777,16700
l_778,43962
l_779,34625
l_780,28195
l_781,25748
l_782,30388
l_783,43962
l_784,27324
l_785,15177
l_786,12512
l_787,16700
l_788,28195
l_789,30388
l_790,43962
l_791,30484
l_792,8771
l_793,16293
l_794,7783
l_795,25486
l_796,28195
l_797,25486
l_798,15481
l_799,43962
l_800,8296
l_801,12562
l_802,17823
l_803,9523
l_804,16700
l_805,27324
l_806,13785
l_807,12000
l_808,18554
l_809,4318
l_810,16700
l_811,16204
l_812,27324
l_813,25486
l_814,18554
l_815,27324
l_816,15906
l_817,27324
l_818,28822
l_819,21939
l_820,20224
l_821,20157
l_822,25748
l_823,15906
l_824,7783
l_825,30388
l_826,18554
l_827,19825
l_828,24996
l_829,9627
l_830,27324
l_831,9523
l_832,43962
l_833,27324
l_834,24996
l_835,25748
l_836,25486
l_837,25486
l_838,17823
l_839,10658
l_840,16700
l_841,15481
l_842,30484
l_843,16700
l_844,18554
l_845,25748
l_846,18554
l_847,17823
l_848,8296
l_849,10821
l_850,16293
l_851,25486
l_852,15906
l_853,9523
l_854,38827
l_855,20224
l_856,13785
l_857,8771
l_858,43962
l_859,30484
l_860,13785
l_861,10821
l_862,16293
l_863,12512
l_864,3000
l_865,28822
l_866,17823
l_867,12000
l_868,27324
l_869,16700
l_870,13785
l_871,19825
l_872,27324
l_873,21939
l_874,16700
l_875,34625
l_876,27324
l_877,8296
l_878,16293
l_879,27324
l_880,9523
l_881,15481
l_882,27324
l_883,17823
l_884,28195
l_885,16293
l_886,9354
l_887,3000
l_888,12512
l_889,17823
l_890,34625
l_891,9523
l_892,16293
l_893,10821
l_894,12615
l_895,28195
l_896,9523
l_897,16700
l_898,10658
l_899,15177
l_900,27324
l_901,17823
l_902,8296
l_903,27324
l_904,11780
l_905,13785
l_906,28195
l_907,17823
l_908,28195
l_909,38827
l_910,9354
l_911,28195
l_912,10821
l_913,9523
l_914,30484
l_915,30484
l_916,43962
l_917,30388
l_918,16293
l_919,25486
l_920,8479
l_921,16700
l_922,12615
l_923,16700
l_924,12793
l_925,15906
l_926,24996
l_927,15177
l_928,25748
l_929,23197
l_930,17823
l_931,3000
l_932,34625
l_933,15481
l_934,9627
l_935,25748
l_936,8869
l_937,28195
l_938,6838
l_939,9354
l_940,43962
l_941,30388
l_942,16700
l_943,28195
l_944,12562
l_945,34625
l_946,12512
l_947,12562
l_948,17823
l_949,12615
l_950,13785
l_951,43962
l_952,21939
l_953,27324
l_954,28195
l_955,30388
l_956,18554
l_957,17823
l_958,12512
l_959,30388
l_960,27324
l_961,10658
l_962,9523
l_963,16700
l_964,25748
l_965,16700
l_966,25486
l_967,25748
l_968,24996
l_969,12512
l_970,16700
l_971,12793
l_972,12000
l_973,18554
l_974,27324
l_975,12000
l_976,27324
l_977,16734
l_978,27324
l_979,30484
l_980,9523
l_981,17823
l_982,27324
l_983,16293
l_984,12615
l_985,11780
l_986,9523
l_987,12615
l_988,9523
l_989,30484
l_990,12512
l_991,18554
l_992,10821
l_993,27324
l_994,28195
l_995,9523
l_996,25486
l_997,15177
l_998,8771
l_999,43962
l_1000,43962
l_1001,12000
l_1002,30388
l_1003,4318
l_1004,28195
l_1005,12512
l_1006,34625
l_1007,18012
l_1008,43962
l_1009,20224
l_1010,27326
l_1011,12562
l_1012,8479
l_1013,3000
l_1014,19825
l_1015,19825
l_1016,9354
l_1017,22621
l_1018,30388
l_1019,15177
l_1020,27324
l_1021,15177
l_1022,28195
l_1023,12259
l_1024,3000
l_1025,12512
l_1026,12615
l_1027,19825
l_1028,12000
l_1029,8479
l_1030,18012
l_1031,12615
l_1032,24996
l_1033,18554
l_1034,20224
l_1035,25486
l_1036,34625
l_1037,24996
l_1038,23275
l_1039,28822
l_1040,34625
l_1041,28195
l_1042,9523
l_1043,30484
l_1044,25486
l_1045,18012
l_1046,43962
l_1047,27324
l_1048,15481
l_1049,34625
l_1050,15481
l_1051,43962
l_1052,8869
l_1053,27326
l_1054,18554
l_1055,25748
l_1056,15481
l_1057,9627
l_1058,24996
l_1059,16204
l_1060,23275
l_1061,27326
l_1062,9627
l_1063,15481
l_1064,43962
l_1065,25748
l_1066,12259
l_1067,20157
l_1068,24996
l_1069,17823
l_1070,25486
l_1071,16700
l_1072,28195
l_1073,43962
l_1074,21939
l_1075,13785
l_1076,43962
l_1077,28195
l_1078,16204
l_1079,20157
l_1080,28195
l_1081,23275
l_1082,23275
l_1083,27324
l_1084,9627
l_1085,9627
l_1086,10821
l_1087,9627
l_1088,25486
l_1089,15481
l_1090,16204
l_1091,15481
l_1092,27324
l_1093,9627
l_1094,18012
l_1095,12562
l_1096,27324
l_1097,43962
l_1098,27324
l_1099,28822
l_1100,10821
l_1101,9627
l_1102,9627
l_1103,12259
l_1104,17823
l_1105,27324
l_1106,23275
l_1107,23275
l_1108,19779
l_1109,23275
l_1110,43962
l_1111,17823
l_1112,12793
l_1113,12512
l_1114,15177
l_1115,12793
l_1116,25748
l_1117,21939
l_1118,15481
l_1119,12562
l_1120,20224
l_1121,15481
l_1122,18012
l_1123,15906
l_1124,28822
l_1125,13785
l_1126,43962
l_1127,15177
l_1128,16700
l_1129,17823
l_1130,15481
l_1131,10658
l_1132,20224
l_1133,12512
l_1134,7124
l_1135,28822
l_1136,12562
l_1137,12562
l_1138,12562
l_1139,27324
l_1140,18554
l_1141,3000
l_1142,27326
l_1143,16204
l_1144,28195
l_1145,3000
l_1146,28822
l_1147,34625
l_1148,25748
l_1149,43962
l_1150,18012
l_1151,24996
l_1152,13785
l_1153,28822
l_1154,28822
l_1155,28822
l_1156,28822
l_1157,28822
l_1158,28822
l_1159,15481
l_1160,13785
l_1161,16204
l_1162,12562
l_1163,7783
l_1164,12259
l_1165,16204
l_1166,11780
l_1167,11780
l_1168,3000
l_1169,34625
l_1170,34625
l_1171,12000
l_1172,3000
l_1173,3000
l_1174,8296
l_1175,30484
l_1176,34625
l_1177,34625
l_1178,16293
l_1179,12815
l_1180,4318
l_1181,90000
l_1182,6000
l_1183,21939
l_1184,90000
l_1185,12793
l_1186,95000
l_1187,21939
l_1188,90000
l_1189,3000
l_1190,12000
l_1191,30484
l_1192,18554
l_1193,27326
l_1194,9523
l_1195,25486
l_1196,6446
l_1197,28195
l_1198,30388
l_1199,90000
l_1200,12000
l_1201,21939
l_1202,8479
l_1203,23275
l_1204,28822
l_1205,30388
l_1206,12615
l_1207,21939
l_1208,85000
l_1209,16293
l_1210,21939
l_1211,23275
l_1212,30388
l_1213,16700
l_1214,25748
l_1215,25748
l_1216,12562
l_1217,12000
l_1218,12000
l_1219,18554
l_1220,28822
l_1221,8479
l_1222,43962
l_1223,8771
l_1224,27324
l_1225,27326
l_1226,28195
l_1227,6446
l_1228,30388
l_1229,8479
l_1230,25748
l_1231,12000
l_1232,20224
l_1233,38827
l_1234,38827
l_1235,12562
l_1236,30388
l_1237,43962
l_1238,38827
l_1239,30388
l_1240,9354
l_1241,8296
l_1242,24996
l_1243,24996
l_1244,9523
l_1245,24996
l_1246,24996
l_1247,24996
l_1248,8479
l_1249,8296
l_1250,25748
l_1251,9523
l_1252,28822
l_1253,28822
l_1254,8296
l_1255,3000
l_1256,7783
l_1257,7783
l_1258,4804
l_1259,13785
l_1260,20224
l_1261,16700
l_1262,8869
l_1263,27326
l_1264,13785
l_1265,16204
l_1266,8869
l_1267,30388
l_1268,6446
l_1269,8479
l_1270,27326
l_1271,27326
l_1272,27326
l_1273,23275
l_1274,30388
l_1275,30388
l_1276,27326
l_1277,27326
l_1278,16204
l_1279,16204
l_1280,27326
l_1281,12815
l_1282,20224
l_1283,9523
l_1284,90000
l_1285,23275
l_1286,43962
l_1287,23275
l_1288,25000
l_1289,8479
l_1290,16700
l_1291,28822
l_1292,25486
l_1293,16700
l_1294,15481
l_1295,23275
l_1296,43962
l_1297,23275
l_1298,12793
l_1299,10862
l_1300,16700
l_1301,12615
l_1302,24996
l_1303,7061
l_1304,16700
l_1305,16293
l_1306,12793
l_1307,12615
l_1308,43962
l_1309,16700
l_1310,12562
l_1311,25486
l_1312,25486
l_1313,30388
l_1314,34625
l_1315,18012
l_1316,12615
l_1317,28195
l_1318,27326
l_1319,12615
l_1320,12793
l_1321,25486
l_1322,28195
l_1323,23275
l_1324,8296
l_1325,12615
l_1326,17823
l_1327,16700
l_1328,23275
l_1329,18012
l_1330,18012
l_1331,12793
l_1332,24996
l_1333,8869
l_1334,15177
l_1335,30388
l_1336,8296
l_1337,16734
l_1338,12615
l_1339,15481
l_1340,27324
l_1341,27324
l_1342,27324
l_1343,12562
l_1344,30388
l_1345,4318
l_1346,43962
l_1347,30484
l_1348,30484
l_1349,85000
l_1350,12615
l_1351,90000
l_1352,25748
l_1353,28822
l_1354,25748
l_1355,15481
l_1356,30484
l_1357,15481
l_1358,25486
l_1359,25486
l_1360,15481
l_1361,23197
l_1362,9354
l_1363,9354
l_1364,25486
l_1365,12000
l_1366,28822
l_1367,25486
l_1368,34625
l_1369,25486
l_1370,15481
l_1371,12793
l_1372,12615
l_1373,10821
l_1374,28822
l_1375,28822
l_1376,9523
l_1377,15481
l_1378,15481
l_1379,15481
l_1380,20157
l_1381,12000
l_1382,15481
l_1383,28822
l_1384,10658
l_1385,12000
l_1386,19825
l_1387,19825
l_1388,12615
l_1389,18554
l_1390,25748
l_1391,16734
l_1392,16734
l_1393,4863
l_1394,8296
l_1395,20157
l_1396,28822
l_1397,43962
l_1398,43962
l_1399,25748
l_1400,18554
l_1401,16734
l_1402,12000
l_1403,25748
l_1404,18554
l_1405,17823
l_1406,27324
l_1407,20157
l_1408,25748
l_1409,25748
l_1410,30484
l_1411,30484
l_1412,27324
l_1413,30484
l_1414,30484
l_1415,30484
l_1416,8296
l_1417,17823
l_1418,20157
l_1419,20157
l_1420,30484
l_1421,28195
l_1422,12793
l_1423,34625
l_1424,15177
l_1425,28195
l_1426,25486
l_1427,27324
l_1428,28195
l_1429,19825
l_1430,15177
l_1431,28195
l_1432,12000
l_1433,9627
l_1434,9627
l_1435,28822
l_1436,28822
l_1437,34625
l_1438,34625
l_1439,25748
l_1440,25748
l_1441,90000
l_1442,43962
l_1443,3000
l_1444,3000
l_1445,6000
l_1446,90000
l_1447,18012
l_1448,25694
l_1449,25694
l_1450,12259
l_1451,12259
l_1452,12259
l_1453,20157
l_1454,24996
l_1455,17823
l_1456,17823
l_1457,17823
l_1458,12562
l_1459,12562
l_1460,12562
l_1461,24996
l_1462,12000
l_1463,43962
l_1464,24996
l_1465,18012
l_1466,3000
l_1467,10821
l_1468,24996
l_1469,27324
l_1470,14414
l_1471,34625
l_1472,30388
l_1473,43962
l_1474,19825
l_1475,8296
l_1476,18012
l_1477,18012
l_1478,24996
l_1479,25748
l_1480,10658
l_1481,21939
l_1482,14414
l_1483,43962
l_1484,15481
l_1485,15481
l_1486,19825
l_1487,16293
l_1488,19825
l_1489,16700
l_1490,22621
l_1491,8479
l_1492,8479
l_1493,25694
l_1494,25694
l_1495,25694
l_1496,25694
l_1497,25694
l_1498,25694
l_1499,25694
l_1500,12815
l_1501,12815
l_1502,4318
l_1503,18554
l_1504,18554
l_1505,21939
l_1506,10821
l_1507,12512
l_1508,25748
l_1509,16204
l_1510,16204
l_1511,11780
l_1512,16204
l_1513,16204
l_1514,16204
l_1515,25486
l_1516,15481
l_1517,15481
l_1518,28195
l_1519,34625
l_1520,34625
l_1521,15481
l_1522,18554
l_1523,18554
l_1524,25748
l_1525,25748
l_1526,27324
l_1527,8479
l_1528,8479
l_1529,9354
l_1530,18012
l_1531,18012
l_1532,7783
l_1533,15481
l_1534,95000
l_1535,18554
l_1536,95000
l_1537,95000
l_1538,18554
l_1539,18554
l_1540,90000
l_1541,90000
l_1542,18554
l_1543,85000
l_1544,85000
l_1545,95000
l_1546,95000
l_1547,95000
l_1548,85000
l_1549,90000
l_1550,90000
l_1551,90000
l_1552,85000
l_1553,15177
l_1554,90000
l_1555,25486
l_1556,25486
l_1557,11780
l_1558,27326
l_1559,16204
l_1560,90000
l_1561,6000
l_1562,10862
l_1563,90000
l_1564,90000
l_1565,85000
l_1566,21939
l_1567,95000
l_1568,12000
l_1569,90000
l_1570,90000
l_1571,16734
l_1572,16734
l_1573,43962
l_1574,18012
l_1575,18012
l_1576,12562
l_1577,12562
l_1578,12562
l_1579,8479
l_1580,8479
l_1581,8479
l_1582,8479
l_1583,7124
l_1584,8479
l_1585,8479
l_1586,8479
l_1587,28195
l_1588,16700
l_1589,4804
l_1590,21939
l_1591,28195
l_1592,4804
l_1593,21939
l_1594,12259
l_1595,24996
l_1596,24996
l_1597,30388
l_1598,90000
l_1599,30388
l_1600,16293
l_1601,16293
l_1602,16293
l_1603,90000
l_1604,25748
l_1605,15906
l_1606,28822
l_1607,24996
l_1608,9627
l_1609,12562
l_1610,20157
l_1611,9627
l_1612,20157
l_1613,17823
l_1614,20157
l_1615,15906
l_1616,15481
l_1617,4804
l_1618,27324
l_1619,12793
l_1620,15906
l_1621,15906
l_1622,4863
l_1623,4863
l_1624,25748
l_1625,18554
l_1626,3000
l_1627,1564
l_1628,18554
l_1629,16700
l_1630,12259
l_1631,14414
l_1632,18554
l_1633,14414
l_1634,3000
l_1635,4318
l_1636,4804
l_1637,90000
l_1638,18554
l_1639,7783
l_1640,12000
l_1641,4863
l_1642,38827
l_1643,12793
l_1644,12562
l_1645,12562
l_1646,12562
l_1647,28195
l_1648,3000
l_1649,12562
l_1650,25694
l_1651,24996
l_1652,7783
l_1653,16293
l_1654,16700
l_1655,9523
l_1656,16293
l_1657,16293
l_1658,16700
l_1659,14414
l_1660,14414
l_1661,4804
l_1662,90000
l_1663,24996
l_1664,25748
l_1665,30388
l_1666,17823
l_1667,9627
l_1668,9523
l_1669,9369
l_1670,25748
l_1671,15906
l_1672,9523
l_1673,15906
l_1674,15906
l_1675,12562
l_1676,25748
l_1677,27324
l_1678,90000
l_1679,90000
l_1680,30484
l_1681,9369
l_1682,20157
l_1683,4863
l_1684,17823
l_1685,17823
l_1686,28822
l_1687,15906
l_1688,27324
l_1689,43962
l_1690,90000
l_1691,9627
l_1692,9627
l_1693,25694
l_1694,9627
l_1695,12000
l_1696,8296
l_1697,43962
l_1698,19825
l_1699,19825
l_1700,14414
l_1701,15906
l_1702,15906
l_1703,15906
l_1704,15906
l_1705,13785
l_1706,10658
l_1707,10658
l_1708,12562
l_1709,7783
l_1710,16700
l_1711,16293
l_1712,16293
l_1713,16734
l_1714,16734
l_1715,16734
l_1716,43962
l_1717,43962
l_1718,18012
l_1719,28195
l_1720,12562
l_1721,12793
l_1722,12793
l_1723,12793
l_1724,12562
l_1725,12562
l_1726,9523
l_1727,8479
l_1728,38827
l_1729,13785
l_1730,7783
l_1731,25486
l_1732,23275
l_1733,23275
l_1734,43962
l_1735,43962
l_1736,8479
l_1737,12793
l_1738,12793
l_1739,30388
l_1740,30388
l_1741,30388
l_1742,30388
l_1743,30388
l_1744,85000
l_1745,85000
l_1746,85000
l_1747,14414
l_1748,22621
l_1749,22621
l_1750,22621
l_1751,30388
l_1752,9523
l_1753,18554
l_1754,22621
l_1755,22621
l_1756,4804
l_1757,25748
l_1758,90000
l_1759,90000
l_1760,34625
l_1761,34625
l_1762,34625
l_1763,34625
l_1764,25486
l_1765,95000
l_1766,95000
l_1767,95000
l_1768,95000
l_1769,90000
l_1770,90000
l_1771,20157
l_1772,11780
l_1773,25748
l_1774,22621
l_1775,95000
l_1776,95000
l_1777,20157
l_1778,18554
l_1779,19825
l_1780,34625
l_1781,20224
l_1782,20224
l_1783,90000
l_1784,25694
l_1785,28195
l_1786,28195
l_1787,25694
l_1788,21939
l_1789,21939
l_1790,15481
l_1791,21939
l_1792,21939
l_1793,21939
l_1794,21939
l_1795,21939
l_1796,30388
l_1797,30388
l_1798,34625
l_1799,30484
l_1800,30484
l_1801,20224
l_1802,20224
l_1803,9523
l_1804,9523
l_1805,4804
l_1806,4804
l_1807,9523
l_1808,9523
l_1809,9523
l_1810,28822
l_1811,28822
l_1812,30484
l_1813,28822
l_1814,28822
l_1815,28822
l_1816,28822
l_1817,85000
l_1818,85000
l_1819,34625
l_1820,9523
l_1821,9523
l_1822,20224
l_1823,20224
l_1824,20224
l_1825,20224
l_1826,90000
l_1827,18554
l_1828,27324
l_1829,9369
l_1830,9369
l_1831,25748
l_1832,25748
l_1833,6446
l_1834,90000
l_1835,90000
l_1836,90000
l_1837,34625
l_1838,85000
l_1839,95000
l_1840,6446
l_1841,12793
l_1842,25748
l_1843,25748
l_1844,27324
l_1845,15481
l_1846,43962
l_1847,43962
l_1848,43962
l_1849,43962
l_1850,15906
l_1851,15906
l_1852,17823
l_1853,17823
l_1854,17823
l_1855,17823
l_1856,17823
l_1857,17823
l_1858,30388
l_1859,20224
l_1860,6446
l_1861,6446
l_1862,6446
l_1863,12793
l_1864,12793
l_1865,25748
l_1866,25748
l_1867,27326
l_1868,30388
l_1869,90000
l_1870,85000
l_1871,85000
l_1872,85000
l_1873,16700
l_1874,16700
l_1875,38827
l_1876,8479
l_1877,23275
l_1878,34625
l_1879,34625
l_1880,25486
l_1881,25486
l_1882,25486
l_1883,10658
l_1884,10658
l_1885,90000
l_1886,90000
l_1887,4804
l_1888,4804
l_1889,12512
l_1890,27326
l_1891,23275
l_1892,13785
l_1893,90000
l_1894,6446
l_1895,6446
l_1896,12793
l_1897,12000
l_1898,12000
l_1899,18554
l_1900,18554
l_1901,90000
l_1902,90000
l_1903,22621
l_1904,28195
l_1905,28195
l_1906,28195
l_1907,24996
l_1908,24996
l_1909,9627
l_1910,9627
l_1911,12259
l_1912,12259
l_1913,12259
l_1914,30388
l_1915,7124
l_1916,15906
l_1917,15906
l_1918,8869
l_1919,12793
l_1920,12793
l_1921,12000
l_1922,12793
l_1923,12793
l_1924,12793
l_1925,12793
l_1926,23275
l_1927,23275
l_1928,8869
l_1929,12000
l_1930,12000
l_1931,8869
l_1932,8869
l_1933,16734
l_1934,43962
l_1935,43962
l_1936,43962
l_1937,43962
l_1938,43962
l_1939,43962
l_1940,43962
l_1941,43962
l_1942,43962
l_1943,43962
l_1944,43962
l_1945,43962
l_1946,43962
l_1947,43962
l_1948,43962
l_1949,16734
l_1950,43962
l_1951,16734
l_1952,43962
l_1953,34625
l_1954,34625
l_1955,34625
l_1956,27326
l_1957,27326
l_1958,15481
l_1959,15481
l_1960,19825
l_1961,19825
l_1962,28822
l_1963,28822
l_1964,28822
l_1965,28822
l_1966,28822
l_1967,4318
l_1968,16700
l_1969,25486
l_1970,25486
l_1971,28822
l_1972,28822
l_1973,34625
l_1974,12512
l_1975,12512
l_1976,9354
l_1977,28822
l_1978,15481
l_1979,15481
l_1980,18554
l_1981,28195
l_1982,18554
l_1983,15481
l_1984,15481
l_1985,18554
l_1986,18554
l_1987,12259
l_1988,12259
l_1989,15906
l_1990,15906
l_1991,34625
l_1992,34625
l_1993,27326
l_1994,28195
l_1995,28195
l_1996,28822
l_1997,27326
l_1998,27326
l_1999,34625
l_2000,34625
l_2001,12259
l_2002,9354
l_2003,9354
l_2004,28822
l_2005,28822
l_2006,28195
l_2007,27326
l_2008,27326
l_2009,28822
l_2010,28822
l_2011,3000
l_2012,20224
l_2013,21939
l_2014,21939
l_2015,18012
l_2016,17823
l_2017,17823
l_2018,16293
l_2019,9627
l_2020,9627
l_2021,20224
l_2022,20224
l_2023,17823
l_2024,20224
l_2025,18012
l_2026,18012
l_2027,16293
l_2028,16293
l_2029,17823
l_2030,20224
l_2031,20224
l_2032,21939
l_2033,16293
l_2034,16293
l_2035,16293
l_2036,8296
l_2037,8296
l_2038,8296
l_2039,21939
l_2040,21939
l_2041,21939
l_2042,12512
l_2043,12512
l_2044,7783
l_2045,12512
l_2046,12512
l_2047,21939
l_2048,21939
l_2049,21939
l_2050,25748
l_2051,3000
l_2052,3000
l_2053,12259
l_2054,24996
l_2055,24996
l_2056,85000
l_2057,25748
l_2058,25748
l_2059,85000
l_2060,95000
l_2061,12793
l_2062,21939
l_2063,21939
l_2064,18554
l_2065,18554
l_2066,12615
l_2067,12615
l_2068,12793
l_2069,12793
l_2070,8869
l_2071,8869
l_2072,8869
l_2073,8869
l_2074,85000
l_2075,9369
l_2076,9369
l_2077,28822
l_2078,28822
l_2079,30484
l_2080,30484
l_2081,85000
l_2082,90000
l_2083,90000
l_2084,85000
l_2085,85000
l_2086,85000
l_2087,19825
l_2088,28195
l_2089,28195
l_2090,12815
l_2091,20157
l_2092,20157
l_2093,7783
l_2094,8296
l_2095,9369
l_2096,9369
l_2097,9523
l_2098,25748
l_2099,90000
l_2100,8296
l_2101,8296
l_2102,90000
l_2103,90000
l_2104,27324
l_2105,15906
l_2106,18554
l_2107,20157
l_2108,20157
l_2109,21939
l_2110,28822
l_2111,12000
l_2112,25694
l_2113,90000
l_2114,90000
l_2115,90000
l_2116,25486
l_2117,21939
l_2118,25748
l_2119,25748
l_2120,25748
l_2121,25486
l_2122,95000
l_2123,85000
l_2124,25486
l_2125,10821
l_2126,10821
l_2127,10821
l_2128,85000
l_2129,21939
l_2130,30388
l_2131,30388
l_2132,21939
l_2133,21939
l_2134,10821
l_2135,28195
l_2136,85000
l_2137,90000
l_2138,90000
l_2139,90000
l_2140,28822
l_2141,95000
l_2142,95000
l_2143,38827
l_2144,38827
l_2145,38827
l_2146,85000
l_2147,85000
l_2148,85000
l_2149,85000
l_2150,90000
l_2151,90000
l_2152,90000
l_2153,90000
l_2154,90000
l_2155,90000
l_2156,90000
l_2157,85000
l_2158,85000
l_2159,27324
l_2160,15906
l_2161,25486
l_2162,25748
l_2163,12259
l_2164,38827
l_2165,7783
l_2166,12615
l_2167,13785
l_2168,1564
l_2169,1564
l_2170,7783
l_2171,7783
l_2172,3000
l_2173,3000
l_2174,18554
l_2175,18554
l_2176,18554
l_2177,25748
l_2178,9523
l_2179,95000
l_2180,95000
l_2181,90000
l_2182,90000
l_2183,16734
l_2184,16734
l_2185,95000
l_2186,8479
l_2187,8479
l_2188,25748
l_2189,25748
l_2190,25748
l_2191,12259
l_2192,43962
l_2193,43962
l_2194,10821
l_2195,24996
l_2196,17823
l_2197,90000
l_2198,28195
l_2199,30388
l_2200,17823
l_2201,25748
l_2202,13785
l_2203,90000
l_2204,20224
l_2205,12000
l_2206,90000
l_2207,6838
l_2208,7124
l_2209,15177
l_2210,25748
l_2211,28195
l_2212,28195
l_2213,8296
l_2214,16700
l_2215,90000
l_2216,16293
l_2217,24996
l_2218,30388
l_2219,18554
l_2220,19825
l_2221,43962
l_2222,15177
l_2223,27324
l_2224,13785
l_2225,13785
l_2226,25486
l_2227,90000
l_2228,27326
l_2229,12615
l_2230,43962
l_2231,9523
l_2232,12615
l_2233,6838
l_2234,11780
l_2235,27324
l_2236,9627
l_2237,8479
l_2238,25748
l_2239,13785
l_2240,25694
l_2241,25748
l_2242,7124
l_2243,25486
l_2244,27324
l_2245,20224
l_2246,17823
l_2247,23275
l_2248,90000
l_2249,13785
l_2250,17823
l_2251,16204
l_2252,85000
l_2253,27326
l_2254,8869
l_2255,34625
l_2256,7783
l_2257,15906
l_2258,90000
l_2259,28195
l_2260,27326
l_2261,25748
l_2262,25748
l_2263,21939
l_2264,11780
l_2265,30388
l_2266,8296
l_2267,16734
l_2268,20224
l_2269,12793
l_2270,28822
l_2271,18554
l_2272,27324
l_2273,16293
l_2274,34625
l_2275,20157
l_2276,27326
l_2277,3000
l_2278,9627
l_2279,28195
l_2280,16734
l_2281,18554
l_2282,27324
l_2283,90000
l_2284,13785
l_2285,20224
l_2286,21939
l_2287,95000
l_2288,19825
l_2289,30484
l_2290,15177
l_2291,90000
l_2292,30388
l_2293,43962
l_2294,43962
l_2295,16700
l_2296,27326
l_2297,30484
l_2298,6838
l_2299,15481
l_2300,25694
l_2301,18554
l_2302,15177
l_2303,30484
l_2304,16734
l_2305,16700
l_2306,85000
l_2307,17823
l_2308,6838
l_2309,12000
l_2310,25748
l_2311,25748
l_2312,90000
l_2313,6446
l_2314,43962
l_2315,16293
l_2316,38827
l_2317,18554
l_2318,6838
l_2319,16700
l_2320,90000
l_2321,43962
l_2322,90000
l_2323,34625
l_2324,28195
l_2325,25748
l_2326,18554
l_2327,95000
l_2328,18554
l_2329,25694
l_2330,30388
l_2331,43962
l_2332,27324
l_2333,15177
l_2334,9523
l_2335,12512
l_2336,30388
l_2337,16700
l_2338,8296
l_2339,28195
l_2340,90000
l_2341,30388
l_2342,95000
l_2343,30484
l_2344,8771
l_2345,9627
l_2346,85000
l_2347,16293
l_2348,7783
l_2349,9523
l_2350,9523
l_2351,25486
l_2352,28195
l_2353,90000
l_2354,8296
l_2355,15481
l_2356,43962
l_2357,8296
l_2358,15177
l_2359,12562
l_2360,23275
l_2361,12793
l_2362,17823
l_2363,30388
l_2364,9523
l_2365,20224
l_2366,16700
l_2367,27324
l_2368,13785
l_2369,12000
l_2370,90000
l_2371,18554
l_2372,30388
l_2373,4318
l_2374,16700
l_2375,90000
l_2376,16204
l_2377,27324
l_2378,28195
l_2379,30388
l_2380,25486
l_2381,6446
l_2382,20224
l_2383,18554
l_2384,20224
l_2385,27324
l_2386,90000
l_2387,15906
l_2388,30388
l_2389,27324
l_2390,28822
l_2391,21939
l_2392,20224
l_2393,20157
l_2394,12793
l_2395,25748
l_2396,15906
l_2397,95000
l_2398,90000
l_2399,20224
l_2400,30484
l_2401,7783
l_2402,25748
l_2403,30388
l_2404,9523
l_2405,18554
l_2406,19825
l_2407,24996
l_2408,9627
l_2409,27324
l_2410,9523
l_2411,43962
l_2412,27324
l_2413,30388
l_2414,24996
l_2415,90000
l_2416,90000
l_2417,25748
l_2418,25486
l_2419,25486
l_2420,17823
l_2421,10658
l_2422,90000
l_2423,95000
l_2424,90000
l_2425,23275
l_2426,30388
l_2427,23275
l_2428,16700
l_2429,90000
l_2430,15481
l_2431,30484
l_2432,16700
l_2433,18554
l_2434,25748
l_2435,18554
l_2436,23275
l_2437,23197
l_2438,17823
l_2439,8296
l_2440,90000
l_2441,10821
l_2442,16293
l_2443,23275
l_2444,25486
l_2445,15906
l_2446,9523
l_2447,38827
l_2448,20224
l_2449,30484
l_2450,13785
l_2451,8771
l_2452,95000
l_2453,20224
l_2454,43962
l_2455,90000
l_2456,30484
l_2457,85000
l_2458,90000
l_2459,13785
l_2460,10821
l_2461,90000
l_2462,27326
l_2463,16293
l_2464,12512
l_2465,3000
l_2466,30388
l_2467,28822
l_2468,95000
l_2469,17823
l_2470,95000
l_2471,34625
l_2472,9523
l_2473,90000
l_2474,12000
l_2475,27324
l_2476,16700
l_2477,13785
l_2478,19825
l_2479,28822
l_2480,27324
l_2481,21939
l_2482,16700
l_2483,34625
l_2484,27324
l_2485,90000
l_2486,30388
l_2487,8296
l_2488,30388
l_2489,16293
l_2490,25748
l_2491,20224
l_2492,27324
l_2493,15481
l_2494,27324
l_2495,20224
l_2496,17823
l_2497,90000
l_2498,28195
l_2499,16293
l_2500,9523
l_2501,9354
l_2502,3000
l_2503,28822
l_2504,27326
l_2505,12512
l_2506,17823
l_2507,34625
l_2508,30388
l_2509,34625
l_2510,9523
l_2511,85000
l_2512,90000
l_2513,16293
l_2514,8296
l_2515,90000
l_2516,10821
l_2517,12615
l_2518,20157
l_2519,28195
l_2520,9523
l_2521,16700
l_2522,30388
l_2523,10658
l_2524,27324
l_2525,85000
l_2526,17823
l_2527,18554
l_2528,8296
l_2529,27324
l_2530,11780
l_2531,13785
l_2532,30388
l_2533,28195
l_2534,17823
l_2535,28195
l_2536,38827
l_2537,90000
l_2538,21939
l_2539,9354
l_2540,28195
l_2541,10821
l_2542,9523
l_2543,30484
l_2544,30484
l_2545,30484
l_2546,27326
l_2547,8296
l_2548,43962
l_2549,95000
l_2550,30388
l_2551,16293
l_2552,12793
l_2553,30388
l_2554,25486
l_2555,8479
l_2556,16700
l_2557,3000
l_2558,12615
l_2559,95000
l_2560,9523
l_2561,16700
l_2562,90000
l_2563,95000
l_2564,90000
l_2565,27326
l_2566,15906
l_2567,24996
l_2568,15177
l_2569,25748
l_2570,28195
l_2571,15177
l_2572,17823
l_2573,3000
l_2574,34625
l_2575,15481
l_2576,34625
l_2577,9627
l_2578,25748
l_2579,8869
l_2580,28195
l_2581,16700
l_2582,6838
l_2583,85000
l_2584,9354
l_2585,43962
l_2586,30388
l_2587,16700
l_2588,28195
l_2589,12562
l_2590,30388
l_2591,34625
l_2592,12512
l_2593,85000
l_2594,12562
l_2595,17823
l_2596,25694
l_2597,30388
l_2598,20224
l_2599,12615
l_2600,13785
l_2601,30388
l_2602,95000
l_2603,43962
l_2604,6000
l_2605,28195
l_2606,21939
l_2607,9523
l_2608,27324
l_2609,90000
l_2610,28195
l_2611,30388
l_2612,18554
l_2613,85000
l_2614,17823
l_2615,12512
l_2616,90000
l_2617,30388
l_2618,90000
l_2619,27324
l_2620,10658
l_2621,85000
l_2622,8296
l_2623,20224
l_2624,16700
l_2625,25748
l_2626,85000
l_2627,18554
l_2628,25748
l_2629,90000
l_2630,85000
l_2631,16700
l_2632,25486
l_2633,25748
l_2634,27326
l_2635,30388
l_2636,95000
l_2637,24996
l_2638,12512
l_2639,23275
l_2640,27326
l_2641,16700
l_2642,12000
l_2643,28822
l_2644,18554
l_2645,20157
l_2646,27324
l_2647,85000
l_2648,12793
l_2649,12000
l_2650,27324
l_2651,16734
l_2652,27324
l_2653,30484
l_2654,27326
l_2655,28585
l_2656,17823
l_2657,27324
l_2658,16293
l_2659,25748
l_2660,12615
l_2661,11780
l_2662,28195
l_2663,9523
l_2664,12615
l_2665,3000
l_2666,9523
l_2667,30484
l_2668,12512
l_2669,18554
l_2670,10821
l_2671,90000
l_2672,23275
l_2673,27324
l_2674,28195
l_2675,9523
l_2676,25486
l_2677,15177
l_2678,90000
l_2679,90000
l_2680,8771
l_2681,43962
l_2682,43962
l_2683,90000
l_2684,12000
l_2685,90000
l_2686,30388
l_2687,6000
l_2688,27326
l_2689,27324
l_2690,20224
