id,xpos,ypos
b_0,0.09014386637636299,0.032713303903438865
b_1,0.10152632668265962,0.04267814159094297
b_2,0.08472912672643435,0.044412345008875795
b_3,0.08223914241005113,0.04915100144186251
b_4,0.08898413155039724,0.0507949731075028
b_5,0.09714143810002474,0.052157218716834916
b_6,0.07981315278147395,0.05426512255222011
b_7,0.06571733692982529,0.010888177799843125
b_8,0.07693241988369706,0.013906208350814806
b_9,0.06870613835444789,0.019050513998964822
b_10,0.07562724085776072,0.021825684756203896
b_11,0.059966775212587205,0.028981332496002918
b_12,0.0631013369291999,0.03448943422308592
b_13,0.06977771205362919,0.035203312475284486
b_14,0.05351008961069406,0.03812294970501249
b_15,0.06927324266123576,0.04100208996602145
b_16,0.05759925611478938,0.0465081733787082
b_17,0.06505309367282402,0.04701220555988384
b_18,0.04762764746768651,0.05760137720704297
b_19,0.07756391165437188,0.058599595017763594
b_20,0.05690950101648692,0.06500227255547693
b_21,0.24244963758104512,0.07663537860933696
b_22,0.22849410809240903,0.07989191974005291
b_23,0.3652900496744174,0.11645615249551382
b_24,0.32160186391345896,0.11875603387709767
b_25,0.18123748762175296,0.07580713368083859
b_26,0.15236614721657563,0.08779615052131842
b_27,0.17057995130782216,0.09156574173350078
b_28,0.16113292088566855,0.09378117383537286
b_29,0.14611966203857366,0.1029583755571533
b_30,0.15159748628199796,0.11456257111695499
b_31,0.2608143852072767,0.06595267462395805
b_32,0.25447690364671854,0.06887067562857584
b_33,0.2636701017749932,0.0840870869907106
b_34,0.2596255791234927,0.08623306835274064
b_35,0.27173894167467627,0.09420041834323405
b_36,0.2657559369395606,0.0967182339578297
b_37,0.2629800939849311,0.09800724565272166
b_38,0.2764113554603894,0.1136745493401386
b_39,0.28554622553885883,0.1139882496694554
b_40,0.25293492090625225,0.11436589320336643
b_41,0.012530262053656465,0.09230323939679852
b_42,0.011668679777207785,0.09908173540096783
b_43,0.007158913305829644,0.10058264500305225
b_44,0.0030506502607641115,0.10116445276288279
b_45,0.016023073850418734,0.10540010264414124
b_46,0.012132101886193585,0.10621114999702468
b_47,0.0196314995472551,0.10961878511415245
b_48,0.23033826839585428,0.09378847458047472
b_49,0.1952633080271599,0.0949427486017848
b_50,0.19531650550377763,0.11758799430136921
b_51,0.22653055123440688,0.118861565564391
b_52,0.1989663392814436,0.12781379712745677
b_53,0.1940251564788556,0.12916732983264254
b_54,0.18989357793304115,0.1297210167292759
b_55,0.24186726578745069,0.1386811757288049
b_56,0.24478615618656407,0.14034958866386074
b_57,0.23872645392429923,0.14039088577767184
b_58,0.2850205798057885,0.13492575157544134
b_59,0.29796142103504025,0.13494103716408196
b_60,0.2835764197676803,0.1349600121114111
b_61,0.2878828945177536,0.13579118716377833
b_62,0.28171408774461004,0.13598426285660734
b_63,0.2793247616276081,0.13796972002792854
b_64,0.2763869093028565,0.1384200176475429
b_65,0.2510854781723189,0.13888019594702594
b_66,0.2839935662084288,0.13931603586799618
b_67,0.24783304829429242,0.14063133965184615
b_68,0.3609570262419392,0.12428632829489952
b_69,0.30753728049097356,0.1300901653443183
b_70,0.3528192627987346,0.13092663235087973
b_71,0.3603034186775218,0.14048903862396
b_72,0.3197908502733499,0.14737208283527647
b_73,0.3547191582108458,0.1626110261333934
b_74,0.34682014131417077,0.16511339919726972
b_75,0.33813557900481833,0.16745209284236962
b_76,0.33443234576794795,0.1731642547324058
b_77,0.32080151849789607,0.17612360914182276
b_78,0.26013822859546676,0.14501665779605977
b_79,0.2847757284508492,0.14660175591277347
b_80,0.29157957429777726,0.1536310735356826
b_81,0.28480017323204826,0.15979622850030523
b_82,0.2712121969611922,0.16180748409654824
b_83,0.295841502818614,0.16549081998553242
b_84,0.2583069859358714,0.16952606826984434
b_85,0.303947675794936,0.16980506296475745
b_86,0.2887385258137279,0.17195251072150206
b_87,0.26751916739475595,0.1853335413947403
b_88,0.2262838152021963,0.1438575526118662
b_89,0.21489010220667587,0.14572066270675066
b_90,0.2347191128102195,0.1463968309739911
b_91,0.21673200448634689,0.15865684047122985
b_92,0.2436711063206508,0.16009683217802365
b_93,0.1941493243932449,0.16387199761597332
b_94,0.22211331675427365,0.167456368349254
b_95,0.21023089682603974,0.17212964126297725
b_96,0.21893921217569587,0.1734741717033993
b_97,0.1913520151791607,0.17782252071568536
b_98,0.16236136631079653,0.14643153318835933
b_99,0.16882350110807243,0.1487555000869899
b_100,0.14861815181632804,0.15649989466580594
b_101,0.18571630999219582,0.15659020053317532
b_102,0.1555684417716694,0.15852695661916777
b_103,0.15337303098139046,0.16586952454603449
b_104,0.16728088825786153,0.1660088005506788
b_105,0.1587512643345806,0.18007812262703865
b_106,0.18533497601927132,0.18888157763914878
b_107,0.18280664357006424,0.21724384894363202
b_108,0.2578492229480866,0.18561387846335367
b_109,0.2502656546527295,0.18625239532649215
b_110,0.29587221344018605,0.1877534738272967
b_111,0.2779747167057132,0.19297503880972697
b_112,0.25238439441214905,0.1940736400602837
b_113,0.2952431510945136,0.1959822701078672
b_114,0.2692936562113452,0.19666809224573933
b_115,0.29587248131782745,0.197642581159583
b_116,0.2965524865980075,0.2000006248714176
b_117,0.2624542620557329,0.20106524623907907
b_118,0.3059151866500949,0.17958691095578413
b_119,0.3637309462505801,0.18208591147425057
b_120,0.34904239649518687,0.1824789160171863
b_121,0.32791725867784216,0.1847700181093971
b_122,0.31558780783950646,0.1856921376653784
b_123,0.33871179559222253,0.19349288155455344
b_124,0.3356402404759544,0.1965592257367929
b_125,0.3137704812117258,0.1980311638604255
b_126,0.34076168049205147,0.20031293846753628
b_127,0.31642654400251785,0.20427042310399676
b_128,0.2970654341709664,0.2015574029146517
b_129,0.25531148904855144,0.20241056222342163
b_130,0.2976745300840882,0.20363213154011478
b_131,0.2788492591131138,0.20430811416594924
b_132,0.298289443367843,0.20567297842660776
b_133,0.29889441232285896,0.207680821184279
b_134,0.2788678327705854,0.2076984963787131
b_135,0.2994945724399103,0.2096727041021984
b_136,0.263850429206291,0.21105068562189447
b_137,0.30006505431120145,0.21185333702127476
b_138,0.22976978322345498,0.17965299927948283
b_139,0.22017340288538254,0.18987008173084957
b_140,0.20990714250377382,0.19443685471258593
b_141,0.1913799577137936,0.19480625773066876
b_142,0.19015125743219402,0.20049398611032954
b_143,0.18849043775773594,0.2057449507981804
b_144,0.19303680831776965,0.2142846615520702
b_145,0.22684751358149163,0.21559886157382446
b_146,0.23402438685739596,0.23027347568455525
b_147,0.20997937117529572,0.23453386320693642
b_148,0.09493201643075888,0.05765310865360244
b_149,0.08664856481336408,0.05879190957567694
b_150,0.11002341566088375,0.05916833257692562
b_151,0.09178424769195506,0.06202634112538572
b_152,0.09616203460600398,0.06406657169978748
b_153,0.10838523550259883,0.06697884168792163
b_154,0.09157591008455124,0.06949685581224019
b_155,0.11400907197132709,0.07123962493817783
b_156,0.10978209670801188,0.07225600394723111
b_157,0.08324186751390598,0.0734928938104852
b_158,0.1067057109407903,0.07482818317913782
b_159,0.08957939643080597,0.07838597100059685
b_160,0.08210324865510561,0.08038136232783055
b_161,0.10324963439366303,0.08341701171459617
b_162,0.09780839597826216,0.09028596629746562
b_163,0.08139852478011066,0.09056628276001343
b_164,0.09627774042457503,0.09560096853948186
b_165,0.0989214756215035,0.09786162571069139
b_166,0.10461676972227282,0.09871059696507084
b_167,0.10105527687842215,0.09945217793399991
b_168,0.07464879650598079,0.07307949475172859
b_169,0.0414918973048401,0.0797130166119598
b_170,0.0475368110904986,0.08571018406528816
b_171,0.035102538894114674,0.09232856956910726
b_172,0.054451057949807376,0.09233010324294873
b_173,0.07592372914502567,0.10716438200661524
b_174,0.02815203145008443,0.1096926176072557
b_175,0.04138721713950473,0.1172268207622114
b_176,0.06066882009660716,0.12521968653757296
b_177,0.18396692711565266,0.11561895115799362
b_178,0.15849959521075171,0.1159445133395577
b_179,0.14298886864687396,0.11603895124025093
b_180,0.16617178553115725,0.11974255560478184
b_181,0.18215251256543508,0.12161933289209322
b_182,0.17951596104758552,0.13071217504458663
b_183,0.18598759047856736,0.13078237413791052
b_184,0.13711682977858008,0.1364306736486906
b_185,0.14779818932936103,0.14412760028662874
b_186,0.15610989703881858,0.14481208019194275
b_187,0.11175227370643157,0.10168771867395528
b_188,0.1084940674604666,0.10168869872513729
b_189,0.10547553943252733,0.12184872542518896
b_190,0.08452883309287146,0.13252318311374991
b_191,0.10281190859244718,0.13856081605766604
b_192,0.10118198423141869,0.14875531922175153
b_193,0.3701414378651288,0.10863580381341335
b_194,0.3776417506910594,0.11552970608712955
b_195,0.36956724075192177,0.1337205503248378
b_196,0.3830869280883631,0.13438065568113255
b_197,0.39105406235587314,0.1407832045672705
b_198,0.37679519672084805,0.14446817590903233
b_199,0.3964365095099347,0.14791783937026723
b_200,0.3828093161671282,0.15243968854730083
b_201,0.4011709682353696,0.15334188310245508
b_202,0.416278167684077,0.15518500007980493
b_203,0.41547557178036804,0.17313483397688853
b_204,0.42816347043491615,0.1858283772403668
b_205,0.41857757284739167,0.19604137497502422
b_206,0.43723293411949504,0.20092564891628367
b_207,0.4198007498362079,0.2163690711773326
b_208,0.37215165017028035,0.15740814253912555
b_209,0.38965548023347396,0.16068362704288416
b_210,0.4053568651794166,0.160773282121705
b_211,0.39963140134360897,0.16555759664845704
b_212,0.37751226876767785,0.16559112427347472
b_213,0.3962934828626727,0.16962190150173018
b_214,0.3842418198709907,0.17335633712489246
b_215,0.41063623735148974,0.1793570678609204
b_216,0.3900615809253118,0.18084339148779072
b_217,0.4061000829022079,0.18524145764431693
b_218,0.39753643716889214,0.19036021031750353
b_219,0.3697758703617085,0.19322581132096112
b_220,0.4055152109691118,0.20165985305076115
b_221,0.3663162560633917,0.203806670321447
b_222,0.4100415334885326,0.21095370459190874
b_223,0.37607081656720937,0.22366078464346606
b_224,0.370994997461807,0.2309774219216688
b_225,0.37775418148931356,0.23484408325852477
b_226,0.3982440648346869,0.23732314495694073
b_227,0.37635562921796634,0.23819094982213873
b_228,0.2975664519264915,0.212638564311906
b_229,0.30057031473543605,0.2134495572007507
b_230,0.3011918030835696,0.2154372159380733
b_231,0.3018641807598811,0.21765997372771365
b_232,0.3026508090822256,0.21987908863083103
b_233,0.30338486714640256,0.2219543037001028
b_234,0.30399876652733143,0.2239917882532146
b_235,0.30464368984718304,0.2259555983282016
b_236,0.27305520249414683,0.22631691674238244
b_237,0.29023112826365344,0.23572158203682594
b_238,0.24554076902968902,0.24637672041802308
b_239,0.21453758463964986,0.2570032157471948
b_240,0.2316009060884123,0.25836266534722413
b_241,0.21904730148921128,0.26679973578987953
b_242,0.20118162483992497,0.26776946422969966
b_243,0.22261707133128142,0.27284313328304177
b_244,0.1990952738087755,0.2811275309363608
b_245,0.22879060188666483,0.2838354287412579
b_246,0.20988296464279652,0.2860870644880875
b_247,0.20544455116573646,0.29003422925670125
b_248,0.18216693183502342,0.24630723057184942
b_249,0.1752192504734125,0.302062482839329
b_250,0.18677579910162323,0.30541540111050824
b_251,0.17922635934907785,0.3056430846691646
b_252,0.17309002213513025,0.30790162573061547
b_253,0.15717910399295115,0.31538424361419076
b_254,0.17984663446791072,0.319978645947935
b_255,0.15346527605784632,0.3216082453649925
b_256,0.14699814918398194,0.3241952416612882
b_257,0.14433858927964507,0.32925105071156324
b_258,0.3653987962982038,0.26318972798392876
b_259,0.36361094638540875,0.2673282573094999
b_260,0.35668232975115055,0.2711742606727627
b_261,0.32408241598111187,0.2716224896276688
b_262,0.3215519985452897,0.2751250603957798
b_263,0.36295054574300506,0.27554770928845107
b_264,0.33811982937409324,0.2791339975692255
b_265,0.32816220470780844,0.2977092600588077
b_266,0.3369909706994386,0.2998528577182885
b_267,0.3103276172589557,0.2999524229416875
b_268,0.29133719611727144,0.24496639274325333
b_269,0.295836278097732,0.25108129046520933
b_270,0.25604885928875015,0.25586033879843983
b_271,0.29949404009277114,0.265880176226414
b_272,0.26484237217345524,0.2677118178065934
b_273,0.27150457612710355,0.2715918017014558
b_274,0.2660477723681974,0.2757350779854028
b_275,0.25544283461376543,0.2821152205925854
b_276,0.27767437553500385,0.2831205780039202
b_277,0.2579564918247967,0.3258101706589227
b_278,0.19820887940253296,0.2902780996940888
b_279,0.23693218560628362,0.29195218486662367
b_280,0.23068265243346964,0.2950186321111282
b_281,0.20137039926199019,0.297657569128971
b_282,0.23669020775962574,0.30268279544067217
b_283,0.20505548358261103,0.30426425339686364
b_284,0.217380429177716,0.3095763625962448
b_285,0.24104708343521178,0.3145518370777674
b_286,0.22199255714630475,0.31865233560985207
b_287,0.2115663799077133,0.31997348027062544
b_288,0.3466040227042916,0.3085383888631764
b_289,0.3302134618099869,0.3130766996801041
b_290,0.3441831742038988,0.316697581266057
b_291,0.3374987663252742,0.3276214056183681
b_292,0.3147532869970857,0.3279673232231579
b_293,0.3622879357805362,0.32933678570138564
b_294,0.3427769428426498,0.331146939049466
b_295,0.3663045660657263,0.3314366035729592
b_296,0.3654759757621594,0.33484386204799466
b_297,0.3641180654938875,0.3383758991158905
b_298,0.19220574716731562,0.32438131050575564
b_299,0.23062360241225274,0.33289247177318265
b_300,0.21801096770246758,0.33465990795337625
b_301,0.22524512303151506,0.3347775844739782
b_302,0.22165180798169878,0.3402253132528245
b_303,0.19430918930603713,0.34131696363728076
b_304,0.23402571629801117,0.3515472367628892
b_305,0.20631190981777908,0.35414998246871277
b_306,0.18994130113170116,0.35781382790158067
b_307,0.19646852086813907,0.35965698297048104
b_308,0.32157944168472485,0.3544957482989985
b_309,0.3089926027501456,0.35497811855258266
b_310,0.3112564451370624,0.3584232186336312
b_311,0.3091944423233157,0.3591022358800296
b_312,0.3237120164544734,0.36264096295725257
b_313,0.32243438682555653,0.36585012872053735
b_314,0.3174699704922971,0.36590374792157976
b_315,0.349601225283197,0.36879118390079046
b_316,0.3212344332983665,0.37014474349406895
b_317,0.3168704804590209,0.37249420026991487
b_318,0.2896095602645058,0.3373759105156245
b_319,0.27851847483459646,0.3454453373047842
b_320,0.29588538973211576,0.3592024125789118
b_321,0.28345316498131545,0.3608904092135265
b_322,0.2966931613205699,0.3728644699893353
b_323,0.2879666526449983,0.3795687713925153
b_324,0.24713682266898518,0.39473608230025387
b_325,0.2618994375222403,0.4046712785954825
b_326,0.2502508774266666,0.4060115295073277
b_327,0.27761006005422145,0.40803009887118136
b_328,0.34678162596381246,0.21154263645041343
b_329,0.354610246110357,0.21204396061118902
b_330,0.3647003151895743,0.21539634550278838
b_331,0.3183513822993853,0.21612768721732395
b_332,0.355019323788771,0.21879443068724896
b_333,0.3343608053924175,0.22377185353607673
b_334,0.3258257025333272,0.22790293540598835
b_335,0.3366591006892041,0.23349551748362832
b_336,0.35489076066192893,0.2370651857383024
b_337,0.32842244594243986,0.23766707948135748
b_338,0.438805005396541,0.21803245995497123
b_339,0.4254501084276364,0.22675040672090435
b_340,0.43164917943035497,0.2366414433415813
b_341,0.43768505220019555,0.24243996462533704
b_342,0.41425535958768284,0.2473104834577267
b_343,0.44743101567753935,0.2560594355356184
b_344,0.42618742732449755,0.261660064608103
b_345,0.4164326131971568,0.2642993595397468
b_346,0.4516585899472185,0.2661181561209853
b_347,0.4373943785120675,0.275869361197092
b_348,0.31498410659257137,0.23812978434773827
b_349,0.3358658937786772,0.24520851538249758
b_350,0.351633775497182,0.24650012935210677
b_351,0.3655934463128746,0.2465849219732946
b_352,0.3500023593849694,0.24875899103252286
b_353,0.3642324424474538,0.2507767163220812
b_354,0.3210366383350019,0.2525370605386782
b_355,0.3630580988516325,0.2541289962763885
b_356,0.35896077110468194,0.2600403484272697
b_357,0.3455044883441268,0.2617324199278339
b_358,0.3755646136856445,0.24178742596130662
b_359,0.37168480757222244,0.24989149628885338
b_360,0.3958331977256994,0.25373965153574096
b_361,0.36950688358792655,0.25575241709841035
b_362,0.384325311116567,0.2581473160713728
b_363,0.36811004282482385,0.26089038280373733
b_364,0.390589258671246,0.26260681572538475
b_365,0.39905168304612126,0.2651567244804265
b_366,0.4087909564874793,0.26663322327438504
b_367,0.40435363579160605,0.26735170513262324
b_368,0.4768274677149187,0.2803400083204815
b_369,0.4820163002855606,0.2809239639398405
b_370,0.45412679087070434,0.2832246576950576
b_371,0.46681909351573053,0.29061497040229173
b_372,0.4843327031613363,0.30655122413158453
b_373,0.4545439194700108,0.31475855364739763
b_374,0.4902548703522677,0.31633373505590856
b_375,0.46105425841202163,0.3254090117349826
b_376,0.4731577825954175,0.33773656682515996
b_377,0.5198601249010011,0.3396955225473695
b_378,0.41712712905939653,0.278486918057879
b_379,0.44135807745538025,0.2858911385200655
b_380,0.43161727640546393,0.289604219425068
b_381,0.41921294874344905,0.29182247805282185
b_382,0.4502379844214557,0.2921060686249546
b_383,0.43615660450327054,0.29523539511884883
b_384,0.4173655931269103,0.32451586068316585
b_385,0.44552359560624566,0.32956134723334474
b_386,0.44312023075990997,0.3433783180604507
b_387,0.43268267031997026,0.353177470167086
b_388,0.39521289018805117,0.2677234412900281
b_389,0.38671620822837066,0.26835465645200707
b_390,0.3817789627274767,0.2756588771890103
b_391,0.39157768808313764,0.28285520166453665
b_392,0.38101485668953405,0.2878456740348207
b_393,0.37561735708932054,0.2946037332653499
b_394,0.3989447615208868,0.29958468587956827
b_395,0.3726433102289776,0.30663879833157914
b_396,0.40725643945922685,0.32913820861797144
b_397,0.3718622381282534,0.3511783862225318
b_398,0.3627507272725146,0.3415943679394735
b_399,0.3097982876386021,0.3465468099379804
b_400,0.31823636275065126,0.34712426335703184
b_401,0.3582133765502334,0.34826582525287786
b_402,0.31992869658291195,0.34902178587399896
b_403,0.35439364843910304,0.3497783340815234
b_404,0.3210052490632934,0.35044496534038966
b_405,0.3221640925281526,0.35185759921006926
b_406,0.31301104726460177,0.3520529406909771
b_407,0.3171861112614017,0.3541514071639953
b_408,0.35325433925401867,0.37407505958185167
b_409,0.31494215185661995,0.374880326596457
b_410,0.35858089881222516,0.375801127667131
b_411,0.3609397748437455,0.38232372613237964
b_412,0.3579084478464782,0.3918992795309984
b_413,0.3279019916198813,0.39601146789740327
b_414,0.3167128182798782,0.4219584233446496
b_415,0.3475722301923755,0.423779188642387
b_416,0.31134351660541243,0.42423350194166015
b_417,0.34894335476735266,0.4278632552170099
b_418,0.3755045930700487,0.3809234052072861
b_419,0.4024352602580367,0.3998907383362637
b_420,0.38865561284647593,0.4089578836683185
b_421,0.38152837567465886,0.41230326586580557
b_422,0.3711107291934018,0.42563617089914707
b_423,0.39422166786203544,0.42677677278256076
b_424,0.36654280439441017,0.42748603252397244
b_425,0.3870357922821526,0.42768255928978294
b_426,0.37708704629152945,0.4327398207345712
b_427,0.3890022721201086,0.4338903652723025
b_428,0.5376751788641815,0.32401378577120915
b_429,0.5504940410621784,0.3458470068906011
b_430,0.5471465213306262,0.3512541492694972
b_431,0.5546011451968546,0.35449439808177885
b_432,0.5451670566454345,0.3556271536562696
b_433,0.600959085552619,0.3586670858000239
b_434,0.560826745319153,0.36042688438789505
b_435,0.5800383901498634,0.36291304136382896
b_436,0.5523194359047532,0.3639564396817764
b_437,0.559078757978495,0.366713643698493
b_438,0.4550553337763108,0.34144341508901993
b_439,0.5206376684258192,0.34850038731189614
b_440,0.5233305378534636,0.3612626757734767
b_441,0.4747801145376475,0.36719652468366654
b_442,0.5229068117068303,0.3761371704046357
b_443,0.5052160798909571,0.38681424134403325
b_444,0.4792137748190894,0.39742489626648936
b_445,0.5046551012960122,0.4124774807588948
b_446,0.4796244793957661,0.4129533813339303
b_447,0.5168524588698098,0.41732780708214606
b_448,0.5314595820929041,0.36833488511692014
b_449,0.5775942821414278,0.368814595919484
b_450,0.6011032078931907,0.37247879250231936
b_451,0.5682323037022541,0.3729251877447285
b_452,0.5705282034771233,0.37997581952134035
b_453,0.5265711213537818,0.3804391775162759
b_454,0.5455010125944623,0.38140441686509613
b_455,0.5680636296765269,0.3820070041442238
b_456,0.5785211022741078,0.3833681991694228
b_457,0.7971480075060752,0.4696185063229591
b_458,0.8261385279477821,0.48262438858367684
b_459,0.8196365632460225,0.5171375659267151
b_460,0.909083359216005,0.5779643471422408
b_461,0.9949943699278306,0.5601539480288706
b_462,0.9592021072975636,0.5763514023015746
b_463,0.9803793336251049,0.5582361650807719
b_464,0.7758327794633838,0.4952632862082746
b_465,0.7769844177027382,0.49532033783642593
b_466,0.7782071880157149,0.4953809133226028
b_467,0.7793859752223058,0.49543930989935414
b_468,0.7805406058017804,0.49549650978135457
b_469,0.7817300239735144,0.49555543302021277
b_470,0.782838895611577,0.4956103660258633
b_471,0.7839763271435484,0.4956667138811877
b_472,0.7851742842029598,0.4957260601463904
b_473,0.7864151054191562,0.4957875298875292
b_474,0.8073790747696334,0.49683837634795924
b_475,0.7952237377887024,0.5015468247610164
b_476,0.8165773462310956,0.517230648137926
b_477,0.8086259282028336,0.5216871098052541
b_478,0.816181322822707,0.5500224892240355
b_479,0.7876105731035888,0.4958467528326206
b_480,0.788799686088246,0.49590566097819855
b_481,0.7899883742718856,0.4959645480774574
b_482,0.784392487605614,0.5297823114729805
b_483,0.7792385803638676,0.7862196085212628
b_484,0.8221772829922317,0.5213329418129281
b_485,0.8362570937475544,0.5217695096324158
b_486,0.8539445528518288,0.5972793317838418
b_487,0.8513569687069691,0.626487131574444
b_488,0.8218282638321154,0.6581178263189156
b_489,0.8699222318107395,0.590919409001781
b_490,0.8876656204499479,0.6675730042810588
b_491,0.8857387185319872,0.6798934367413332
b_492,0.8739106645002648,0.7716123551103584
b_493,0.8719485408131832,0.78383617374373
b_494,0.9135706885128463,0.5824194583347906
b_495,0.912188184722689,0.806177417694407
b_496,0.9096344804206359,0.8105974692035055
b_497,0.9084557812788622,0.8128125535462556
b_498,0.9045393888907082,0.8208112297214539
b_499,0.1813563281055496,0.33584481273318156
b_500,0.1467239668602033,0.35365069336055494
b_501,0.17617410769691985,0.36967272346900165
b_502,0.16568871673924274,0.37632622919663444
b_503,0.18241012937663398,0.39180576866355443
b_504,0.1741870645976582,0.3949754197610516
b_505,0.15356756283273343,0.3966047899928077
b_506,0.1391745992433896,0.39921834686612584
b_507,0.13835572827128015,0.4045479837468307
b_508,0.1374918978641641,0.41131619166486033
b_509,0.11992839329452204,0.3968277284519748
b_510,0.12149693874163978,0.3970000137379874
b_511,0.11371250133672742,0.40121911955852363
b_512,0.11560049604304619,0.40244544440239716
b_513,0.11739173890202771,0.4044059350453755
b_514,0.11938312997857776,0.4059191539288752
b_515,0.10772257095713851,0.4197149085902947
b_516,0.09734248412131635,0.4251038634864829
b_517,0.23415989115219352,0.35995725198438944
b_518,0.19650681108031348,0.36159252382677204
b_519,0.19229329482188467,0.36718208627650867
b_520,0.21447718714685052,0.3742476135667834
b_521,0.19854441607042758,0.38281251090060103
b_522,0.18953220558901657,0.41157465785610536
b_523,0.21941147345019432,0.4124616342648663
b_524,0.23366243510286822,0.448159841859638
b_525,0.20669837270140726,0.4646302733447698
b_526,0.19364448247362448,0.4696774996648172
b_527,0.2548876773074809,0.41846465836079816
b_528,0.27995654652533397,0.41969885046822286
b_529,0.29216341520298034,0.42206844660477794
b_530,0.26722107464576067,0.42799479353688963
b_531,0.2849746874984075,0.4280071323496362
b_532,0.29262024979492435,0.4294053978770392
b_533,0.29542547060023233,0.43298984702319204
b_534,0.2880930625691072,0.43400074441529607
b_535,0.28336176443316363,0.43606920900046997
b_536,0.26627811398607804,0.4405713039126484
b_537,0.3382748804974017,0.43015771717278617
b_538,0.3506659462902918,0.43554853144907946
b_539,0.34023500688108305,0.4356676088775339
b_540,0.32371533986676204,0.4381693510666096
b_541,0.34129163444197486,0.4391005160219035
b_542,0.34233652727028024,0.4424952984916287
b_543,0.31415686982587715,0.4432416896646921
b_544,0.3489692811322036,0.44825576545614754
b_545,0.3297020669653352,0.45082884551488267
b_546,0.35190619898713416,0.4577976123727809
b_547,0.2968716578873484,0.4567993346103052
b_548,0.2740823043914371,0.4629681048776063
b_549,0.2515211604558409,0.46908877630450324
b_550,0.27179985922257915,0.47497413349466916
b_551,0.3033139314456131,0.4753266534186514
b_552,0.25224073237291966,0.47888197570362334
b_553,0.2837839711219272,0.4817165253834716
b_554,0.2575058536562293,0.48602910204958505
b_555,0.26070212418307853,0.48781995815552276
b_556,0.26114579261096826,0.4903604086083359
b_557,0.14233034965416566,0.4290787819244829
b_558,0.18712710546791686,0.4472449054014623
b_559,0.14115237340508374,0.4639639364613595
b_560,0.15535460009849994,0.47047795664149944
b_561,0.13583477084508316,0.47696942581189383
b_562,0.18233077942431972,0.48105574414211355
b_563,0.17457807542880077,0.4825504375507507
b_564,0.14648089670203357,0.49938245243704726
b_565,0.17280951531878108,0.5175066687598492
b_566,0.1517771816132603,0.5190849763953238
b_567,0.3223202382467244,0.4589525918334941
b_568,0.33331551254255326,0.460901772337173
b_569,0.3537817058066917,0.4638910102731854
b_570,0.33319828184215955,0.4714189203455387
b_571,0.35958439387172203,0.48046404910204465
b_572,0.31192223929691465,0.48796792873197564
b_573,0.30906750313854264,0.49630492757890865
b_574,0.3135199300813194,0.5048464454556274
b_575,0.360500414075444,0.5065649138601872
b_576,0.3351328952920799,0.5089038958332659
b_577,0.25908154668462785,0.4908174654281762
b_578,0.2620774425939473,0.49391952370643744
b_579,0.27831071408972624,0.5019786026486392
b_580,0.288382659656248,0.502933161580815
b_581,0.25251631390218654,0.50716462326242
b_582,0.2505566722574297,0.507396735724054
b_583,0.2928590409443693,0.5091239878696305
b_584,0.2601872400063826,0.5105403385942732
b_585,0.2519992944581345,0.5253980264569484
b_586,0.2949017547470982,0.5349084406911228
b_587,0.1913052415227505,0.47181706594283374
b_588,0.24128945866345514,0.47335053770893615
b_589,0.21410148500321746,0.5006843949926918
b_590,0.20347914621262636,0.5009440501443732
b_591,0.2206508668422474,0.5127595318175416
b_592,0.1878408008441431,0.5181199092855877
b_593,0.20119574157730702,0.5263252814992144
b_594,0.22188609467870496,0.5309553596186767
b_595,0.2286832348092618,0.5629150305234103
b_596,0.20444557710454855,0.5650695670991321
b_597,0.29041411653564353,0.5441822290120792
b_598,0.27619834356145356,0.5454606538579498
b_599,0.2939675239276972,0.5473475628101954
b_600,0.3012156308997163,0.5493320753824241
b_601,0.2953556943146121,0.5521906762714768
b_602,0.2657414836515722,0.553434415868539
b_603,0.25099370124629494,0.5588020865946287
b_604,0.26738371726769095,0.569861005847843
b_605,0.28032859714242775,0.5703718552438153
b_606,0.2761224290429106,0.5953712208048494
b_607,0.30705274529080573,0.5759780719907496
b_608,0.36231250521416436,0.5776401732368228
b_609,0.35561122364782605,0.5834059101782281
b_610,0.3428795268539337,0.5842182721272832
b_611,0.3638672915964316,0.5857177417876432
b_612,0.33762108204990016,0.5868254264133335
b_613,0.34127680645004693,0.5899787661045531
b_614,0.36544229467380335,0.5914087203991418
b_615,0.34226199385556566,0.5930578304954772
b_616,0.32544307252326515,0.5955459381042022
b_617,0.09449624475539822,0.4295775377948899
b_618,0.10885897166481164,0.4329024007412458
b_619,0.12379923289423347,0.4540525319646679
b_620,0.10268600888385442,0.4694511313589354
b_621,0.104261799037935,0.4698158113609509
b_622,0.12809968763761118,0.4755267772877028
b_623,0.13237610227147584,0.47654818977848323
b_624,0.08437872252563398,0.48977082549046547
b_625,0.1073842398507107,0.49487482186559023
b_626,0.06824317370509833,0.5159794074697354
b_627,0.12298885882727228,0.4982205801759724
b_628,0.09590519614693908,0.5187719447648406
b_629,0.10726654448492866,0.5381338659001164
b_630,0.10557737608946711,0.6155707433524236
b_631,0.10999121946176728,0.6466404221467169
b_632,0.10658332604662674,0.6478229956972551
b_633,0.09909428665817423,0.651078214489243
b_634,0.11139915322163525,0.6522025442080149
b_635,0.09301719846486993,0.6601200420221065
b_636,0.12412654561435273,0.6653555942372804
b_637,0.1526986080005511,0.5459925053821897
b_638,0.17476249933781549,0.556349552859442
b_639,0.14824169283374408,0.5640838357523199
b_640,0.15457015806869787,0.5646271212765004
b_641,0.14798907143223972,0.5747307456947857
b_642,0.15760691201378904,0.5759091425616325
b_643,0.16895995163587677,0.5911149550343943
b_644,0.15261237045895462,0.5919135881747517
b_645,0.1346667846572894,0.6031329192760565
b_646,0.1792864753657313,0.6331470379731085
b_647,0.07779232483686008,0.5212058311710772
b_648,0.06111846359253881,0.5435104124770639
b_649,0.04308805915821698,0.5463219900854795
b_650,0.06117505260404209,0.5487232912624627
b_651,0.04582559017554902,0.6057045261978784
b_652,0.041131201478310245,0.6095998375648821
b_653,0.0703421597070737,0.665481016962687
b_654,0.07013234222346934,0.6842818935271808
b_655,0.05293303600295761,0.6927428573762906
b_656,0.1324650386178484,0.6378802065716801
b_657,0.15947983762304682,0.6389012490890768
b_658,0.14005754172309637,0.6561683049665848
b_659,0.1703523703945693,0.6697323785104855
b_660,0.13402221904486739,0.6895904896296803
b_661,0.18654188951107165,0.6955366411639096
b_662,0.1751606762392254,0.6965065385477801
b_663,0.1688405007315796,0.6988745179540109
b_664,0.17214834196034312,0.7156866154429551
b_665,0.18413058843095573,0.7202566357845785
b_666,0.10710824793055111,0.6712778545436581
b_667,0.10893955894654633,0.6887114683133434
b_668,0.09071486915010377,0.7017266340279649
b_669,0.08379088540942499,0.7050933370015027
b_670,0.1152754914486071,0.70606984812712
b_671,0.11511160206568626,0.708864184601602
b_672,0.11497592226934973,0.7105428387955445
b_673,0.11652409843554903,0.7181205650733152
b_674,0.1143989457226561,0.7191653077323676
b_675,0.11873429409304072,0.7209505869291204
b_676,0.03663024661514473,0.7028764232756448
b_677,0.0747352822071458,0.7037986097120521
b_678,0.07275657851576996,0.704646751518377
b_679,0.0696880363755957,0.7057150515948485
b_680,0.0721894158554868,0.7128779279262392
b_681,0.03520372794567551,0.7167583080167031
b_682,0.06041513372957174,0.7198890624105962
b_683,0.0420002727233328,0.7315292516408387
b_684,0.03999573388640109,0.7356558889447726
b_685,0.06393180629076671,0.7359088585147318
b_686,0.11891125698334987,0.7238303296362931
b_687,0.07999609334738327,0.7255249373395393
b_688,0.08169638299838797,0.7435212878235034
b_689,0.12927435244470234,0.7464589020202058
b_690,0.10164991296603838,0.7502985372345394
b_691,0.119871815887784,0.7516650256305051
b_692,0.10541431913951264,0.751836778860446
b_693,0.08589567403789447,0.7587774002864558
b_694,0.09591118984907718,0.7656435788077681
b_695,0.09623541826768092,0.7672948914608472
b_696,0.024584161412613208,0.7063645617761093
b_697,0.16051839559882755,0.7241270431821747
b_698,0.14886060837965653,0.7283510651568579
b_699,0.16287817906709792,0.7357337904617084
b_700,0.13940447503217768,0.7423835282948392
b_701,0.17007780450909835,0.7586672461346786
b_702,0.1598414369752652,0.7633471802808728
b_703,0.18679490379569588,0.7643348939367558
b_704,0.1365544463821868,0.7683578952956316
b_705,0.1337628611930751,0.7689524669182773
b_706,0.14699574243731528,0.7694999675315777
b_707,0.09364363321807972,0.7679388533796262
b_708,0.08975312602897173,0.7686610085032582
b_709,0.127880234814712,0.7724761261627385
b_710,0.0901554935159293,0.7739191812992331
b_711,0.09856438229634201,0.7765948971753194
b_712,0.11415999918665837,0.7778561429358821
b_713,0.09578083179033463,0.77789957440525
b_714,0.09323573678010019,0.7791696299432616
b_715,0.0906795608139531,0.7801942465306009
b_716,0.12755446299143558,0.7804775732067682
b_717,0.16367156577803474,0.7695333634823117
b_718,0.16250551274341865,0.7696114602098157
b_719,0.16525542461934328,0.7712067515527885
b_720,0.16036003066639404,0.7725069680760561
b_721,0.15802714266722176,0.7734036971758946
b_722,0.15670545177896816,0.7738364505978076
b_723,0.13945629489939024,0.7757487069997395
b_724,0.1379424388076659,0.77617231914081
b_725,0.17311721322690185,0.7977002826130822
b_726,0.15244351623031777,0.8057609430347581
b_727,0.06360373101048974,0.7730107646566595
b_728,0.06526066632224486,0.8046352646417144
b_729,0.07847699625988369,0.8284952347789927
b_730,0.07671835943192225,0.8515028681859513
b_731,0.06912376630308818,0.8568206487120842
b_732,0.1301744522264278,0.7854029533476922
b_733,0.10973936812135764,0.8053154116165848
b_734,0.10510207788972689,0.8079526463324742
b_735,0.09941641760473982,0.8108518941834745
b_736,0.08988886281067689,0.8110583150699376
b_737,0.0944265076890181,0.8220493364229491
b_738,0.08945387059218649,0.8272129860670048
b_739,0.08649275543414839,0.8331230869495481
b_740,0.0963673646905094,0.8348854604703971
b_741,0.08401674069687248,0.8389446267521763
b_742,0.17351299640281492,0.8271359461902075
b_743,0.17139269557446052,0.8281607986215977
b_744,0.1692298061399067,0.8290341698484389
b_745,0.17340774939695477,0.8308298998184237
b_746,0.1546273426146256,0.8376916423102821
b_747,0.13357093269351739,0.8626775393043419
b_748,0.1350039626924017,0.8657874454581694
b_749,0.13333302481745862,0.8696523827534051
b_750,0.13679903819100842,0.8715357475860013
b_751,0.14020432219714277,0.8715868456051822
b_752,0.07984224136898846,0.8391026251946805
b_753,0.09556175880131539,0.8452443188105733
b_754,0.1111108233931081,0.8529254042591609
b_755,0.08640776577455529,0.8687233131592885
b_756,0.1292408925382944,0.8699236945157145
b_757,0.13202358008287562,0.8712832654117877
b_758,0.12901750216017327,0.8723261375020438
b_759,0.1261210709596289,0.872712172616799
b_760,0.12392456971170938,0.877891132868399
b_761,0.13064679842423169,0.8786917580885721
b_762,0.1343032593684046,0.8717740749488251
b_763,0.14229710012428462,0.8740413182065073
b_764,0.1607682052507239,0.8741913385026844
b_765,0.13850980847909267,0.8754025075310748
b_766,0.13430613102853906,0.8768869917197476
b_767,0.14113291805332706,0.8786998291462629
b_768,0.13712686486700845,0.8803246799136427
b_769,0.14868282662743607,0.8815225607598643
b_770,0.13352198733731813,0.8817568414573502
b_771,0.1401663090770673,0.8826783499362056
b_772,0.12064279040944456,0.87928110894177
b_773,0.1301408794735369,0.8846946091177981
b_774,0.0935952496932285,0.8849110559733073
b_775,0.12579480452287356,0.8850171201009499
b_776,0.12823271329512417,0.8889374821671499
b_777,0.1064924723399494,0.890109584390589
b_778,0.13087159821454739,0.8925836193378004
b_779,0.11883996969918215,0.8947054767591542
b_780,0.10356009984145846,0.8960231749235916
b_781,0.10522398179077905,0.8968501462798599
b_782,0.1413389907216995,0.887269361637398
b_783,0.15260196718665484,0.8879859370976846
b_784,0.1324352846053069,0.8887219788815288
b_785,0.14865640383834022,0.8902056790390089
b_786,0.15524060960012726,0.8914645810704682
b_787,0.14459402817217198,0.8935813094417563
b_788,0.15242922537759315,0.8948227894599636
b_789,0.14876994102138938,0.8953297541280228
b_790,0.13609855327780807,0.8981444457420726
b_791,0.16023703156377714,0.8989018988657701
b_792,0.14563986445840163,0.8991823525662118
b_793,0.1482238686598788,0.899789326670789
b_794,0.14280712551063354,0.9003892094546361
b_795,0.14347758570194538,0.9028766801767981
b_796,0.1369619121293831,0.9038241974369658
b_797,0.14626321627215336,0.9040192301215373
b_798,0.14039907196988252,0.904763150919445
b_799,0.1541216303931315,0.9051013922373312
b_800,0.14416409976832978,0.9062711576641154
b_801,0.14221800523714045,0.90875732903277
b_802,0.10427581102365824,0.8986599863140251
b_803,0.1029223861107439,0.902253996631331
b_804,0.1170349159675102,0.9096224429526761
b_805,0.12793837786623305,0.9127679123517983
b_806,0.12057012179750799,0.923267630255793
b_807,0.1500420615199132,0.9093247544751916
b_808,0.14508992493174092,0.9106158589027891
b_809,0.14761160579534233,0.917115921928571
b_810,0.13373942355007193,0.9209341862088524
b_811,0.13704486374647873,0.9223343161123114
b_812,0.13799174386151664,0.9244253832378483
b_813,0.1465624906400128,0.9347633284136048
b_814,0.14057532593015765,0.9388497573219943
b_815,0.17951196001230724,0.938975334772497
b_816,0.18619263260223962,0.9396908444956165
b_817,0.21920907331655742,0.9785697488048366
b_818,0.19710613074357744,0.9811340559880959
b_819,0.2248494375287554,0.9827405511106654
b_820,0.2070501446862329,0.983507173639923
b_821,0.21968266593851013,0.9840993570410672
b_822,0.23578195871161908,0.9852909258164326
b_823,0.20393540691430004,0.9867597121938472
b_824,0.22337226605191007,0.9869844913992663
b_825,0.2288750631145253,0.9885377369864804
b_826,0.20844450084648913,0.9890686123445529
b_827,0.17960187825974244,0.989655338125659
b_828,0.1844695284498894,0.995034829043026
b_829,0.1766769585707833,0.995438640383888
b_830,0.18682773643847925,0.9961294207984221
b_831,0.186544835460201,0.9988667828649567
b_832,0.2207646535991316,0.9921344681633132
b_833,0.22591126810568285,0.9926675061702753
b_834,0.22165709982906673,0.9964208406888488
b_835,0.2248068387552996,0.9972084293527247
b_836,0.2178438035356536,0.9981970956624177
b_837,0.5298990332300426,0.3842172510843028
b_838,0.5379254329450266,0.3860813597828339
b_839,0.6140988173346096,0.38880128765359245
b_840,0.5334809043420873,0.3899422241657882
b_841,0.5374364525586435,0.39181293067932604
b_842,0.5359079312397171,0.39331696267658833
b_843,0.5511511876002506,0.40304787406627746
b_844,0.5721311151476276,0.40517209758415806
b_845,0.5583323000427167,0.4089870292852636
b_846,0.5689058320433659,0.41111612582548956
b_847,0.5735159984372336,0.4131935985391791
b_848,0.5273785945083405,0.4134024008912088
b_849,0.632405070181453,0.4153589042975884
b_850,0.564685710182374,0.4154900763192746
b_851,0.6102044516885118,0.41603776971900125
b_852,0.5618294517100807,0.4210652563715874
b_853,0.6279773858398828,0.42549125389133285
b_854,0.6032302573937277,0.43993149212017324
b_855,0.5992620489418319,0.4417606676205885
b_856,0.6087325824561625,0.4436988664464224
b_857,0.6569967931526668,0.44001703433421513
b_858,0.48958645939778744,0.41752090274195175
b_859,0.5184698164359218,0.41910197039651387
b_860,0.4916568034570837,0.41942500674092975
b_861,0.5172644408510452,0.42506290233457744
b_862,0.5085605006824453,0.4282459712308051
b_863,0.5153838591116814,0.43430282635500145
b_864,0.48451765280128006,0.43729797898046857
b_865,0.46363040706298314,0.4469576633647299
b_866,0.5097192970504908,0.45026138547203215
b_867,0.5123672984520179,0.456971496663433
b_868,0.5927760020023705,0.4445837034288119
b_869,0.5907920873808321,0.445840426685463
b_870,0.5947678952330623,0.447014146764586
b_871,0.62960416588921,0.44703552228627297
b_872,0.5848778329074479,0.45363041227946976
b_873,0.6073762745536704,0.4563655297632442
b_874,0.5953282013727527,0.4588253170797364
b_875,0.6379928659731472,0.4590550443813827
b_876,0.5918769372219469,0.46139624023245307
b_877,0.6269005024272009,0.4616076301721756
b_878,0.6495553545788856,0.4501491637280209
b_879,0.6713057608197034,0.4553352939505207
b_880,0.6735439631490155,0.46045977758867923
b_881,0.6683483220648399,0.46180210052379744
b_882,0.6706360065697479,0.4668163554933104
b_883,0.7901101556480467,0.4698251999327811
b_884,0.7959968045383179,0.46965231583183825
b_885,0.794810599842926,0.469687153294374
b_886,0.7936150835052003,0.46972226423852126
b_887,0.7924881977440208,0.46975535957572884
b_888,0.7913301006485676,0.4697893715548961
b_889,0.8015663688922826,0.47372737555612326
b_890,0.7966259755162955,0.4749440618523877
b_891,0.7955132859717119,0.4749732206463767
b_892,0.7943240468871163,0.47500438547367874
b_893,0.7931339802579673,0.47503557199153995
b_894,0.7887344258776237,0.4698616713254078
b_895,0.7853320653121523,0.4715223791537774
b_896,0.7852113191339911,0.4730802137098014
b_897,0.7850912467803836,0.47452716459497185
b_898,0.7907552264348757,0.47509790887392656
b_899,0.7893878944526626,0.47513065967905027
b_900,0.7849595112134126,0.47611466431078336
b_901,0.7779336572854144,0.4773892489571973
b_902,0.7779333755682929,0.4788405725388366
b_903,0.7772713487317252,0.4802924643274797
b_904,0.7919444653953971,0.4750667440455943
b_905,0.8012103685441783,0.4752225229853694
b_906,0.8044992202803479,0.4760789557732207
b_907,0.8057518564612038,0.4761043864727306
b_908,0.8069428390364273,0.47612856549146537
b_909,0.808096734595802,0.47615199158934496
b_910,0.8092881622528293,0.4761761796518224
b_911,0.8009562480712501,0.47669861990060897
b_912,0.8006183504746209,0.4781177381616175
b_913,0.8002960167614356,0.4794714903345885
b_914,0.7873928094963389,0.48055350039119027
b_915,0.7723975421156813,0.4814664613566707
b_916,0.7881934074019288,0.4817352026345553
b_917,0.7772407438502674,0.48174082806950685
b_918,0.7815467253599543,0.482613778154646
b_919,0.7889306720523643,0.48282342348754864
b_920,0.7723433573381181,0.4830115638824114
b_921,0.7772073439958402,0.4832932555336918
b_922,0.7896967726043481,0.48395420690730423
b_923,0.7830442372833297,0.4842710841325827
b_924,0.7999567021293938,0.4808965595888019
b_925,0.8053177595539867,0.48201891772187155
b_926,0.7995203272548717,0.48232043727883267
b_927,0.8120078886477412,0.48259088461559274
b_928,0.7991913157137326,0.48370223479193675
b_929,0.8049393848835132,0.48429905891778624
b_930,0.8046497990397432,0.48572152960921755
b_931,0.8118783372068074,0.48583238067864076
b_932,0.8043463042719065,0.4871754450035418
b_933,0.8118866041386024,0.487253892226471
b_934,0.7722905284868388,0.4845180003033313
b_935,0.7771751903252758,0.48478775826925724
b_936,0.7904768850999844,0.48510567236762003
b_937,0.7838792295043184,0.48552794000412164
b_938,0.7722379132229112,0.48601834497799207
b_939,0.777142294777219,0.48631674134065667
b_940,0.7846241529804909,0.48664922170824965
b_941,0.7721848528527651,0.4875313807712901
b_942,0.7853507610906358,0.4877429346158423
b_943,0.7771112836024897,0.4877581370618037
b_944,0.79189167786655,0.48835797951746085
b_945,0.7930842167360931,0.48837769459699976
b_946,0.7942949594167523,0.4883977106345069
b_947,0.7954844873080099,0.4884173759382613
b_948,0.7965392386810228,0.48843481312137416
b_949,0.7977175352753381,0.4884542927644916
b_950,0.7990059354676988,0.48847559263982965
b_951,0.8039242628382497,0.4887062984157122
b_952,0.8118954086447914,0.4887678481394573
b_953,0.8036361869646389,0.49005116107554103
b_954,0.7861119451158378,0.4888886923206545
b_955,0.7721325045402331,0.4890241107591776
b_956,0.7770806556566799,0.48918171841446845
b_957,0.7868968020882418,0.4900700833449148
b_958,0.77208362457355,0.4904179386118421
b_959,0.777049879996848,0.4906121637827402
b_960,0.7710727731805208,0.4950274777240512
b_961,0.7723127173901472,0.495088903971776
b_962,0.7734633581050214,0.4951459061740793
b_963,0.7746475700607918,0.4952045714837474
b_964,0.8119044032405138,0.49031449779939784
b_965,0.8033367230359579,0.49146230403366997
b_966,0.8119129238925256,0.4917423203545388
b_967,0.8008934302996271,0.4963122513160994
b_968,0.8026189026483287,0.4963616876609717
b_969,0.7955220562723895,0.4963922604594988
b_970,0.8050215236895735,0.4966156488801506
b_971,0.8120240125037649,0.4966622463589911
b_972,0.8137238908885297,0.49671094939592764
b_973,0.8097218529007073,0.4967251066795371
b_974,0.3904158362331368,0.4397368927649792
b_975,0.3987177421001401,0.4428081872271998
b_976,0.3916519407639445,0.4491983724606048
b_977,0.4040578118649094,0.4531100327327083
b_978,0.3776310048700382,0.45443417518865337
b_979,0.4011741606262019,0.45494760162821074
b_980,0.3957320154215266,0.4570799827026222
b_981,0.4035398060327779,0.45880650395272893
b_982,0.40451442203338933,0.46185638683264785
b_983,0.39705665246926325,0.4621065446760452
b_984,0.43590933542892596,0.35881955753495787
b_985,0.44235301925528336,0.36736893090376727
b_986,0.43000313155745523,0.3808002157770459
b_987,0.4186673347834765,0.4991804054177429
b_988,0.424103650882679,0.5092959743625413
b_989,0.41436409216170433,0.518545735626083
b_990,0.4303234724064621,0.5235147175753628
b_991,0.44093460114038596,0.5239408402937467
b_992,0.4358167866679394,0.5366743814696598
b_993,0.41890695778041487,0.5462529284752033
b_994,0.4022277998665223,0.4681529828636911
b_995,0.3852755468853222,0.4689047810533864
b_996,0.37793301872356166,0.47242672129132707
b_997,0.3846370932560952,0.4762429892434486
b_998,0.41015349170603016,0.49189670131679203
b_999,0.39440671074053185,0.49331094251727897
b_1000,0.38688538612507056,0.4956976765019417
b_1001,0.4102062806114181,0.5066562992585346
b_1002,0.36995864285432317,0.5067959724316653
b_1003,0.3918956301105707,0.5087892595445723
b_1004,0.31333014771743817,0.5095765085061041
b_1005,0.3537931139728169,0.5102072495767872
b_1006,0.3485506899500465,0.5129301926389154
b_1007,0.3054896500900116,0.5134452026465757
b_1008,0.3395895158472215,0.514482859843842
b_1009,0.3218157820110927,0.5226429385544549
b_1010,0.35711905626374296,0.5239346134617535
b_1011,0.31697173491106384,0.5266631585752553
b_1012,0.3124329769422656,0.5296382170182041
b_1013,0.3248143809862644,0.5312625472111333
b_1014,0.39439192209653917,0.5173020677608214
b_1015,0.39960783745914413,0.518707440006841
b_1016,0.3725852944902047,0.5210953815713699
b_1017,0.401524135071224,0.5240413438434831
b_1018,0.3930246323105882,0.5277273479329265
b_1019,0.3978614043340976,0.5321502912322382
b_1020,0.3748789608201293,0.5338232450608934
b_1021,0.40309205791622404,0.5364618976697697
b_1022,0.39233929703605225,0.5385052548275965
b_1023,0.3664901527328099,0.5389388722437339
b_1024,0.3155220796611496,0.5382272498639497
b_1025,0.35715443915352035,0.5413276064721347
b_1026,0.351096513621078,0.5433030183063429
b_1027,0.3233655829218086,0.5436186897086486
b_1028,0.3463937762179062,0.5480813920364653
b_1029,0.3557108437261187,0.5496906920911995
b_1030,0.36608423397747203,0.5513563045738942
b_1031,0.3645339856186455,0.5560186212229126
b_1032,0.36008035450108783,0.5580510812415413
b_1033,0.3628051780557783,0.5581160442259109
b_1034,0.3950486673067906,0.5406413407942302
b_1035,0.40412213921702,0.5409409352658143
b_1036,0.37822442850162774,0.543507044892577
b_1037,0.36797503768314493,0.5504332807202241
b_1038,0.4047307379633138,0.550757288255461
b_1039,0.39615634664733174,0.5509337983213236
b_1040,0.37873950700513925,0.5514303508138899
b_1041,0.39651656929473483,0.5556358803159023
b_1042,0.36931835332664054,0.5568102041791204
b_1043,0.36740841471748314,0.5576671433365478
b_1044,0.4386442206055775,0.5471688059778188
b_1045,0.41506159429953265,0.5487059946665364
b_1046,0.42016343850112203,0.5500654605051234
b_1047,0.4156508708360293,0.5517234587124518
b_1048,0.4296637863846773,0.5526594333615704
b_1049,0.42084838962332005,0.5535618027870279
b_1050,0.44097910644555194,0.5541966033463789
b_1051,0.41626893804961523,0.554473715437982
b_1052,0.41668418866448437,0.5567714100638737
b_1053,0.4193580598593043,0.5584356574057137
b_1054,0.4016541840949343,0.5577906708289985
b_1055,0.4088175158738528,0.559375942736673
b_1056,0.3986083241615611,0.5641964359042456
b_1057,0.41087008054110324,0.5676120631582863
b_1058,0.3804175271297804,0.5689547001473714
b_1059,0.40768650591599426,0.5705650952556283
b_1060,0.41155959376596435,0.571448266573954
b_1061,0.4035233136243845,0.5724989169422783
b_1062,0.3995898260831775,0.5726924681879627
b_1063,0.4001370734989307,0.5762618974574005
b_1064,0.34916282467552406,0.5584395622177066
b_1065,0.35813300972069184,0.5591668258608894
b_1066,0.35616201278472925,0.5600511601550745
b_1067,0.328989534327108,0.5607201870314965
b_1068,0.3541539767360417,0.5609521128575482
b_1069,0.36317694943116524,0.5642242845684733
b_1070,0.3530378059287886,0.5650512530304692
b_1071,0.3506915532602254,0.5656621402057433
b_1072,0.3382672672325516,0.5713573867567098
b_1073,0.3285306647694859,0.5745687521711331
b_1074,0.6087390200247429,0.463051447859815
b_1075,0.5651363938233417,0.46346951791569024
b_1076,0.62275363400936,0.4664537486512601
b_1077,0.6048859809974877,0.4740893876540437
b_1078,0.5401863288416189,0.4764240719571446
b_1079,0.5467423868817063,0.4780604592520383
b_1080,0.5976363744740935,0.478698291860831
b_1081,0.6357343554697006,0.4804035537028712
b_1082,0.5510268205653263,0.4812961543532286
b_1083,0.6111271860359947,0.48275079382389985
b_1084,0.6674875551400166,0.46726382092109614
b_1085,0.6688072263018554,0.46928284294461875
b_1086,0.6745018175255356,0.46999427641303254
b_1087,0.6695779821240174,0.47006933003152646
b_1088,0.6659849338355885,0.4725623668886801
b_1089,0.6612540781423721,0.475334877947986
b_1090,0.7039895731783584,0.4800188805513837
b_1091,0.6873311214437985,0.48168407403354724
b_1092,0.7104417676206493,0.48513782731630384
b_1093,0.714658745512368,0.4862413550079
b_1094,0.46637995354984385,0.45908364721785727
b_1095,0.5215991446582481,0.464477444873593
b_1096,0.47012695160527407,0.4690323476956137
b_1097,0.4673914652856167,0.47849317365656324
b_1098,0.4739239608435054,0.4824961699149024
b_1099,0.49796400726080675,0.4853953580486977
b_1100,0.47743051709822626,0.48923636339915005
b_1101,0.48243962951931785,0.4989590213586768
b_1102,0.4758413927988006,0.49931012524752855
b_1103,0.5012486533243098,0.5008537714690157
b_1104,0.74778802804848,0.4950901849270106
b_1105,0.7654356100791782,0.5360394636074545
b_1106,0.5385296185879752,0.4831086305863627
b_1107,0.5652757782899759,0.48501372557898775
b_1108,0.5556889595647098,0.48569160372761744
b_1109,0.6050727607268146,0.48686425286482826
b_1110,0.5365705266383994,0.49124798267163955
b_1111,0.6341742172513977,0.49273934866772745
b_1112,0.58096555986432,0.49324698981460857
b_1113,0.562142713685256,0.4934375023740799
b_1114,0.6357786248852637,0.49344828497969395
b_1115,0.6373934874032612,0.49405837904328764
b_1116,0.5556781449747885,0.4956829851783719
b_1117,0.5280029505439582,0.49626048806860185
b_1118,0.5603544429328519,0.49824279596455096
b_1119,0.5746668057605822,0.5000113352564188
b_1120,0.5520774589705475,0.5045890855282311
b_1121,0.5731234202199932,0.5054758244277385
b_1122,0.6067797138345462,0.5054941367007026
b_1123,0.5424007921641155,0.506242049290563
b_1124,0.5398870326837371,0.5066280534168918
b_1125,0.5270318434271121,0.506954344753516
b_1126,0.5436065435743583,0.5070800510812155
b_1127,0.5408587542104243,0.5078922547405629
b_1128,0.5974255200135177,0.5084491044330238
b_1129,0.5813239524905498,0.5089018207498527
b_1130,0.5691660181674663,0.5124435490611705
b_1131,0.6038814228346763,0.5138670840697622
b_1132,0.5440319967727881,0.5143205978819197
b_1133,0.5765995274416217,0.5159635664009223
b_1134,0.564195164166036,0.5178438726119227
b_1135,0.5950509316071192,0.5191927260970006
b_1136,0.6021696764875688,0.5210693624784395
b_1137,0.5376132973499033,0.5212356625465107
b_1138,0.5602988225955775,0.5216672808253822
b_1139,0.5733957295598902,0.5223660022105714
b_1140,0.5561890157785134,0.527740619727497
b_1141,0.5680423535095024,0.5280037782626649
b_1142,0.5359106451098872,0.5319561135970513
b_1143,0.5481506019252292,0.5326385361863779
b_1144,0.5851925368686052,0.5329777734588341
b_1145,0.5632851102168119,0.5358628942275521
b_1146,0.5205279118947547,0.526249095709219
b_1147,0.4899985355267173,0.526777339517428
b_1148,0.4635495923204838,0.5326812734616967
b_1149,0.49298687562933385,0.5422226585162622
b_1150,0.5176385645323202,0.5506750275759048
b_1151,0.4542566497019113,0.5512812300862814
b_1152,0.4651125356449422,0.5543849575142334
b_1153,0.501280919101188,0.5549734639614006
b_1154,0.49306388228027764,0.5556214134000926
b_1155,0.4794152127810474,0.5573136854773738
b_1156,0.7333522726020897,0.48764840674407495
b_1157,0.7237523038722093,0.48819852527345764
b_1158,0.6500605246686211,0.49496481245850804
b_1159,0.7335976141525284,0.49855132856639134
b_1160,0.6811686952651774,0.5205192845629651
b_1161,0.7079236721169346,0.5267703761144027
b_1162,0.6474859181416576,0.5555414523037441
b_1163,0.6832420479718333,0.5577642188847196
b_1164,0.6644634584002062,0.5828849249455583
b_1165,0.654978065484761,0.5849605605950543
b_1166,0.7557971005733155,0.5390023365499577
b_1167,0.7469802367959553,0.5417522065580447
b_1168,0.7476191616800898,0.5490901951697431
b_1169,0.7356086141681396,0.552269078128369
b_1170,0.7369922234062938,0.5535827392725247
b_1171,0.5300637519945598,0.536567672666194
b_1172,0.5480639992098194,0.5454001928658645
b_1173,0.6202960479123367,0.5469923746775119
b_1174,0.5882553553816857,0.5471833478119448
b_1175,0.6362434650926724,0.5485327846079525
b_1176,0.5746569096952578,0.5495240185095152
b_1177,0.6352803115835806,0.5533162437796839
b_1178,0.5694758099975444,0.5592657616281208
b_1179,0.5350897485716685,0.5617460244677802
b_1180,0.5464760184382033,0.5632921046985153
b_1181,0.611643706379689,0.5679550144103208
b_1182,0.5329765558264464,0.5701904431788857
b_1183,0.5458176715525459,0.5721084208389191
b_1184,0.5310606339242796,0.5759903890851207
b_1185,0.5962157608335057,0.5760638767408472
b_1186,0.5440029225145676,0.5762449899931005
b_1187,0.5352489837709398,0.5768838554453867
b_1188,0.5426974010341897,0.5804224550904886
b_1189,0.5307107735637927,0.5823966935891417
b_1190,0.5608853990722107,0.5845228704273521
b_1191,0.5407308202607358,0.5892060114314773
b_1192,0.5283628500827011,0.5906524158620171
b_1193,0.622701472316767,0.5913407481850267
b_1194,0.5418923907246634,0.5933141717540346
b_1195,0.6103700200463742,0.5971689843967994
b_1196,0.5302455136489604,0.5983545514357853
b_1197,0.5377981054549129,0.5990878684352521
b_1198,0.5959738070848986,0.601593865463676
b_1199,0.5322211733525208,0.6125189520889476
b_1200,0.5764617307622906,0.6141986822451354
b_1201,0.5150614856877179,0.5995580618269077
b_1202,0.5081126524758085,0.6021759619206528
b_1203,0.5043647638539259,0.6040766842549277
b_1204,0.5014103352648999,0.6052992476463561
b_1205,0.5127350299352464,0.6054069760513667
b_1206,0.4563138322706607,0.6059418411522554
b_1207,0.5105715301095037,0.606483912376006
b_1208,0.5083775874859661,0.6072940185381563
b_1209,0.49315512198854333,0.609972701730954
b_1210,0.4903573476713281,0.6103028557258057
b_1211,0.457344341883174,0.61036376305398
b_1212,0.48753609473048504,0.6106353274462962
b_1213,0.5127857783029283,0.6109246690599259
b_1214,0.4841048346038843,0.6110989679037416
b_1215,0.4746850439667971,0.612790604835213
b_1216,0.45817332699207985,0.6161807618689144
b_1217,0.4941028183090357,0.6199346571057164
b_1218,0.5178454263563856,0.6211967783002287
b_1219,0.46006182335989887,0.6242566449085449
b_1220,0.4736688865431812,0.6283428615498022
b_1221,0.6384313478385227,0.5926969649782629
b_1222,0.7136356994946689,0.6039788993225843
b_1223,0.7086981822694884,0.6071038585843739
b_1224,0.7046377510342838,0.6074925881612985
b_1225,0.7354340768505324,0.616331167066231
b_1226,0.6508827459436705,0.6320696017673106
b_1227,0.7031379944620431,0.6343383652673226
b_1228,0.6748651358654174,0.6454829813666102
b_1229,0.7024528580763082,0.6468836013904419
b_1230,0.6490418372041736,0.6495492485310704
b_1231,0.6229602904859384,0.6158174249961044
b_1232,0.6039367049808612,0.6244979748749886
b_1233,0.5463466667183126,0.6342796460743245
b_1234,0.5783737561773811,0.640019911786104
b_1235,0.5492153415391088,0.6531705520324315
b_1236,0.6140133773485087,0.6571322659220206
b_1237,0.5938744364231155,0.6624840751816824
b_1238,0.63744032948235,0.6693044260151009
b_1239,0.566408466082245,0.6737648631544354
b_1240,0.5975010425029078,0.6747504923345998
b_1241,0.6908016025386519,0.6516265533886372
b_1242,0.6424521464778402,0.6626788338966545
b_1243,0.649031301618363,0.6663181718342231
b_1244,0.7347183701462456,0.67038805157124
b_1245,0.7029528648505097,0.6894740829343452
b_1246,0.6548384534777727,0.710825631843502
b_1247,0.696987929565327,0.7112777448645671
b_1248,0.6444553861319845,0.7147052068526766
b_1249,0.6446921130230678,0.7179165442395677
b_1250,0.6917144659299383,0.7189609618918859
b_1251,0.4617162347328728,0.6713622430749001
b_1252,0.5158953843090716,0.6742101820905009
b_1253,0.5057066729200362,0.6784943134687653
b_1254,0.47025749470085426,0.6811170290933009
b_1255,0.49867792756031126,0.6814291465420246
b_1256,0.494345332916674,0.6832387399222306
b_1257,0.49016361927483293,0.6854742942502935
b_1258,0.4805459638846795,0.6894177040799487
b_1259,0.4771352657916085,0.691214639823455
b_1260,0.47156597376699017,0.6933292882012317
b_1261,0.4686465587793407,0.562764634964625
b_1262,0.49903308206184904,0.5632950626222345
b_1263,0.47329960270793703,0.5802403617152803
b_1264,0.4840960914540069,0.5803409845823233
b_1265,0.4579520537893794,0.5851235053655598
b_1266,0.4941994389138728,0.5900234126535516
b_1267,0.507640475075123,0.5918224777030915
b_1268,0.46880207963418224,0.5932677226396216
b_1269,0.48324852941907787,0.5941088865015032
b_1270,0.4760621453654075,0.5946523328010039
b_1271,0.38921902927112245,0.5762645318476208
b_1272,0.41054364282615946,0.5773068405547749
b_1273,0.3748617858345373,0.5776620510761732
b_1274,0.38528870806785603,0.5781862505387891
b_1275,0.40206745723579124,0.5786449446400735
b_1276,0.38371223432570667,0.5818506082771014
b_1277,0.40104714395698887,0.5820402558275671
b_1278,0.4118293024012912,0.5846628380714071
b_1279,0.40135492379821996,0.5850513866350828
b_1280,0.3766315481545654,0.5851179546116273
b_1281,0.4388728828653281,0.5668404703511637
b_1282,0.4445098112541522,0.5679281823582404
b_1283,0.4327341144445789,0.5714783089716529
b_1284,0.421739045754593,0.5732014108676408
b_1285,0.43475337926782653,0.5853550828658605
b_1286,0.44821887221147144,0.5861080364265667
b_1287,0.442293112727947,0.5918004728213923
b_1288,0.42437800220558447,0.5994416720978194
b_1289,0.4491563198817708,0.6112395026833565
b_1290,0.44522119912244845,0.612881284781451
b_1291,0.4064062125228825,0.5853559546428205
b_1292,0.4025232259336823,0.5893246212350749
b_1293,0.38476595732121427,0.5929492292825851
b_1294,0.39209177450474336,0.6020518623578185
b_1295,0.3732117194503809,0.6023419067006475
b_1296,0.4111103758070814,0.6040485132344158
b_1297,0.38441539959614657,0.6066707480179018
b_1298,0.3930277266301124,0.6112761169719255
b_1299,0.3906018349836672,0.6146537970957707
b_1300,0.39254133860925805,0.6204172813790937
b_1301,0.3435846589197975,0.5971916341826907
b_1302,0.3633492594351208,0.5995789351051082
b_1303,0.309604965099774,0.6017504368993947
b_1304,0.34536281753017917,0.6027490213730119
b_1305,0.3651503496662008,0.6060995772087746
b_1306,0.3112657697355979,0.6111105298052468
b_1307,0.3495790821234728,0.6114135289810138
b_1308,0.3263419088139841,0.6155662912128479
b_1309,0.31377695180921633,0.6213107606646829
b_1310,0.3189850122039509,0.6277554269882423
b_1311,0.44204073157505686,0.6142082157208351
b_1312,0.4296723551583046,0.6151931402016482
b_1313,0.4329930454790616,0.6190909827008625
b_1314,0.44690760721191963,0.6197697071683252
b_1315,0.42916530661873287,0.6200629011120805
b_1316,0.4208071297726035,0.6205654148366665
b_1317,0.4123016319883256,0.6224801173637485
b_1318,0.4300803351540147,0.6240060823052058
b_1319,0.43244077476871384,0.626232245604329
b_1320,0.41754373097256126,0.6276217458878907
b_1321,0.4637124235726446,0.6323294549091333
b_1322,0.46007016401611317,0.6341864058299345
b_1323,0.45781987223835957,0.6359601452209668
b_1324,0.45521817723657265,0.6371464014250833
b_1325,0.49845121304221557,0.6426731300134457
b_1326,0.48299215597865763,0.6480925491595533
b_1327,0.46278000170180417,0.6561304946192631
b_1328,0.46845101697664876,0.6572858181048413
b_1329,0.5050185019080531,0.6593869348896687
b_1330,0.47212828500461634,0.6669439732490475
b_1331,0.4339489430381648,0.6303320377189745
b_1332,0.41813113260661255,0.6313040530265034
b_1333,0.4232384074729411,0.6330707865801778
b_1334,0.4387388987000838,0.6338188609453729
b_1335,0.4136899803631602,0.6372163149373772
b_1336,0.41958119238572406,0.638560624795987
b_1337,0.4503158270325491,0.6389790520750626
b_1338,0.43668606756297546,0.64326930152105
b_1339,0.42157083157763725,0.6482679791405149
b_1340,0.4357965561541142,0.6673225862529445
b_1341,0.4122738660644509,0.6264621290473005
b_1342,0.37441899846373344,0.6283112222802377
b_1343,0.3965878998014839,0.6433860383921498
b_1344,0.3849545054222871,0.6590775884447371
b_1345,0.4095855171844757,0.6878171832912356
b_1346,0.3708801086253438,0.7016353896776624
b_1347,0.389561573978965,0.7180640065793161
b_1348,0.40999952067675277,0.718626472456939
b_1349,0.3789155369536228,0.7212091402737478
b_1350,0.4075028593604508,0.7387528522040206
b_1351,0.4503980371064423,0.6814359261673383
b_1352,0.4433166939879419,0.6860932050735793
b_1353,0.43385576378417606,0.6903225202322134
b_1354,0.44801951738970586,0.7037820902028505
b_1355,0.4427021228614436,0.7072075838292053
b_1356,0.4361282131879191,0.7087973324090885
b_1357,0.41912006971929366,0.712049107576691
b_1358,0.4489021845157318,0.7219984419887014
b_1359,0.4205863023469777,0.7344755792430683
b_1360,0.4412677911670452,0.7381827587606619
b_1361,0.5785227542150817,0.6756265610950831
b_1362,0.6213217575854677,0.677982982358448
b_1363,0.5798391449536172,0.6795388880683954
b_1364,0.6007324866639513,0.6921679968757092
b_1365,0.6351230593864857,0.6953117765609711
b_1366,0.6130043960124102,0.701695732493941
b_1367,0.6029471746888894,0.7026343673767148
b_1368,0.5940931963780374,0.7093028466589678
b_1369,0.5741875658174432,0.7232015015625577
b_1370,0.5536743595332833,0.7257201965726983
b_1371,0.5520080919601867,0.7286065951087615
b_1372,0.5534603735553387,0.7377662307746966
b_1373,0.5631974168282351,0.7498955236802191
b_1374,0.5729086032563158,0.7842688228540468
b_1375,0.5758061945839215,0.7947985903481515
b_1376,0.6386100016270349,0.745166968178208
b_1377,0.7237212420067906,0.7462554095776422
b_1378,0.6400623640255253,0.7776310209034174
b_1379,0.670085277313232,0.7839570814289312
b_1380,0.6548437378667572,0.8431918983139589
b_1381,0.20472760439998294,0.5979259533837268
b_1382,0.2383349444379211,0.6032145165854959
b_1383,0.22305391669523064,0.6061274139974882
b_1384,0.1985069591347034,0.6117812049134764
b_1385,0.22305589042384352,0.613086529959042
b_1386,0.2178344321997679,0.6150465936006873
b_1387,0.195532637240969,0.6335264467631748
b_1388,0.20324526251875305,0.6340872248078024
b_1389,0.21022895855995682,0.6373038941261111
b_1390,0.21753662348178493,0.6397182693602743
b_1391,0.340435554876614,0.6278928448421948
b_1392,0.33079835661018525,0.6364920469718907
b_1393,0.3534892398495341,0.6378023077549891
b_1394,0.3203223667507524,0.6385148378205605
b_1395,0.3125554096458246,0.652985927728999
b_1396,0.33053788351522445,0.6534772732345958
b_1397,0.30667188383849747,0.6596451300296257
b_1398,0.36140642181962285,0.6663241810538835
b_1399,0.33238905236519073,0.672307125725751
b_1400,0.34281910376129615,0.6727955920371261
b_1401,0.27479557162278057,0.6068842110176568
b_1402,0.28451241289905443,0.6197388186763845
b_1403,0.28813098772664564,0.63895111576397
b_1404,0.2979912569402766,0.6415365047651733
b_1405,0.25548279427489345,0.6555288329969913
b_1406,0.2757103422443584,0.6606391904271931
b_1407,0.24801226131997417,0.6652165310207238
b_1408,0.2604657380080186,0.6851440118061358
b_1409,0.27331931591041575,0.6872659358246012
b_1410,0.28947207636312333,0.6924490458515385
b_1411,0.27530429251777333,0.6945130693323229
b_1412,0.25273971946736196,0.6986375998786244
b_1413,0.2774930757530462,0.7014581208361214
b_1414,0.25468278166750324,0.703028447019933
b_1415,0.2585032561481775,0.7038402519863902
b_1416,0.2621699075081566,0.7061110313752826
b_1417,0.26457372965357007,0.709154182285793
b_1418,0.2794432990963505,0.7093919976556768
b_1419,0.2470484648293535,0.7115428150240667
b_1420,0.26714322719929096,0.7125215643710889
b_1421,0.22884266379387752,0.6427205164799376
b_1422,0.23050676793615435,0.6523245647660197
b_1423,0.2176251383811434,0.6566485963063436
b_1424,0.2311206625065355,0.6714355142034742
b_1425,0.21615816883617614,0.6780243606046071
b_1426,0.2358708861428571,0.6993280783375799
b_1427,0.22995899479643794,0.7093003484211177
b_1428,0.19621057066577738,0.7600858988958609
b_1429,0.19151536119958135,0.7638882409416701
b_1430,0.19738843562713174,0.7972312981986344
b_1431,0.28012436344215763,0.7190196498938446
b_1432,0.2476906298650932,0.7215505665539892
b_1433,0.2965573118246632,0.725863693242779
b_1434,0.2987236523316478,0.7327407292351363
b_1435,0.28571301300958035,0.7357996558694266
b_1436,0.3103840323031226,0.6947612949690184
b_1437,0.35359250453779845,0.7187769908406362
b_1438,0.3207828778741522,0.7344231353597523
b_1439,0.3653091028685252,0.7641634223602473
b_1440,0.33382396721652613,0.7955151997752726
b_1441,0.21037784230118228,0.8038006520587995
b_1442,0.20295349928888515,0.807014749246025
b_1443,0.1876224022381148,0.8232402906760842
b_1444,0.22507781349884676,0.8386241834821394
b_1445,0.20941959043714117,0.9365063433329123
b_1446,0.2054773393608523,0.9376035507375312
b_1447,0.20820853020543534,0.9399104983158577
b_1448,0.19375505808405782,0.9459623865921835
b_1449,0.21461659279072254,0.9475735999491581
b_1450,0.19843182799781692,0.9546363461297261
b_1451,0.1758041261179065,0.945746028928891
b_1452,0.15905028804311092,0.9530161383209436
b_1453,0.1539439328839809,0.9550287479479913
b_1454,0.18688966336708637,0.9552858288813342
b_1455,0.1640978815170455,0.9694288467177183
b_1456,0.17105745696989405,0.9723890239473474
b_1457,0.16428409652828194,0.9773269126060683
b_1458,0.17817545609075652,0.9804451865347658
b_1459,0.1690422638502152,0.9817211112303272
b_1460,0.17055723289645985,0.9879360342245372
b_1461,0.20485813546533166,0.9550894016361857
b_1462,0.22228713038474174,0.9577345104649694
b_1463,0.1959673153635241,0.9612650473629396
b_1464,0.1962486931932942,0.9622363157703043
b_1465,0.2255084063109834,0.9623359978889284
b_1466,0.19895351778447587,0.9629445153209887
b_1467,0.2111727840625933,0.9662600581281606
b_1468,0.1912884018413675,0.9681867239890319
b_1469,0.20270143503522095,0.9721614325864455
b_1470,0.23737642503349418,0.9771183820622057
b_1471,0.4550159154796677,0.7002896521683705
b_1472,0.45840173728472206,0.7922504898598424
b_1473,0.47191416654515395,0.8209453981131539
b_1474,0.46763548830617624,0.8228060496046867
b_1475,0.4723260247027538,0.8503511949194191
b_1476,0.4437797296000081,0.7382804379833806
b_1477,0.44490069463716153,0.7425695684592926
b_1478,0.4326327198913174,0.7553920905570102
b_1479,0.41444294461290065,0.7558599242770253
b_1480,0.4523341140026289,0.8183758034685534
b_1481,0.3855389840963854,0.7487517961031598
b_1482,0.4109472085277156,0.7509818571252317
b_1483,0.378966559094505,0.8310010725554697
